date,BOND_3Y
2015-01-02,2.135
2015-01-05,2.118
2015-01-06,2.079
2015-01-07,2.076
2015-01-08,2.072
2015-01-09,2.056
2015-01-12,2.006
2015-01-13,2.024
2015-01-14,1.974
2015-01-15,2.044
2015-01-16,2.012
2015-01-19,2.038
2015-01-20,2.031
2015-01-21,2.045
2015-01-22,2.063
2015-01-23,2.027
2015-01-26,2.024
2015-01-27,2.029
2015-01-28,2.004
2015-01-29,1.998
2015-01-30,1.97
2015-02-02,1.985
2015-02-03,1.935
2015-02-04,1.961
2015-02-05,1.975
2015-02-06,1.962
2015-02-09,1.977
2015-02-10,2.056
2015-02-11,2.051
2015-02-12,2.075
2015-02-13,2.05
2015-02-16,2.091
2015-02-17,2.054
2015-02-23,2.061
2015-02-24,2.063
2015-02-25,2.037
2015-02-26,2.04
2015-02-27,2.034
2015-03-02,2.0
2015-03-03,1.99
2015-03-04,1.98
2015-03-05,1.978
2015-03-06,1.943
2015-03-09,1.924
2015-03-10,1.937
2015-03-11,1.907
2015-03-12,1.896
2015-03-13,1.869
2015-03-16,1.856
2015-03-17,1.872
2015-03-18,1.859
2015-03-19,1.825
2015-03-20,1.797
2015-03-23,1.793
2015-03-24,1.795
2015-03-25,1.785
2015-03-26,1.779
2015-03-27,1.77
2015-03-30,1.748
2015-03-31,1.721
2015-04-01,1.72
2015-04-02,1.721
2015-04-03,1.714
2015-04-06,1.714
2015-04-07,1.721
2015-04-08,1.727
2015-04-09,1.698
2015-04-10,1.714
2015-04-13,1.732
2015-04-14,1.731
2015-04-15,1.721
2015-04-16,1.724
2015-04-17,1.691
2015-04-20,1.693
2015-04-21,1.71
2015-04-22,1.71
2015-04-23,1.745
2015-04-24,1.771
2015-04-27,1.786
2015-04-28,1.829
2015-04-29,1.842
2015-04-30,1.843
2015-05-04,1.896
2015-05-06,1.969
2015-05-07,1.966
2015-05-08,1.888
2015-05-11,1.876
2015-05-12,1.942
2015-05-13,1.864
2015-05-14,1.857
2015-05-15,1.881
2015-05-18,1.889
2015-05-19,1.903
2015-05-20,1.878
2015-05-21,1.88
2015-05-22,1.871
2015-05-26,1.846
2015-05-27,1.809
2015-05-28,1.798
2015-05-29,1.745
2015-06-01,1.746
2015-06-02,1.726
2015-06-03,1.757
2015-06-04,1.767
2015-06-05,1.741
2015-06-08,1.729
2015-06-09,1.733
2015-06-10,1.773
2015-06-11,1.797
2015-06-12,1.762
2015-06-15,1.764
2015-06-16,1.766
2015-06-17,1.8
2015-06-18,1.778
2015-06-19,1.77
2015-06-22,1.787
2015-06-23,1.795
2015-06-24,1.806
2015-06-25,1.814
2015-06-26,1.818
2015-06-29,1.793
2015-06-30,1.793
2015-07-01,1.805
2015-07-02,1.828
2015-07-03,1.826
2015-07-06,1.829
2015-07-07,1.825
2015-07-08,1.807
2015-07-09,1.802
2015-07-10,1.806
2015-07-13,1.804
2015-07-14,1.796
2015-07-15,1.795
2015-07-16,1.789
2015-07-17,1.784
2015-07-20,1.775
2015-07-21,1.771
2015-07-22,1.749
2015-07-23,1.716
2015-07-24,1.706
2015-07-27,1.703
2015-07-28,1.731
2015-07-29,1.716
2015-07-30,1.735
2015-07-31,1.768
2015-08-03,1.76
2015-08-04,1.774
2015-08-05,1.792
2015-08-06,1.786
2015-08-07,1.783
2015-08-10,1.763
2015-08-11,1.737
2015-08-12,1.705
2015-08-13,1.729
2015-08-17,1.723
2015-08-18,1.716
2015-08-19,1.73
2015-08-20,1.714
2015-08-21,1.709
2015-08-24,1.693
2015-08-25,1.708
2015-08-26,1.719
2015-08-27,1.705
2015-08-28,1.718
2015-08-31,1.735
2015-09-01,1.725
2015-09-02,1.696
2015-09-03,1.674
2015-09-04,1.645
2015-09-07,1.651
2015-09-08,1.668
2015-09-09,1.68
2015-09-10,1.65
2015-09-11,1.655
2015-09-14,1.667
2015-09-15,1.653
2015-09-16,1.67
2015-09-17,1.683
2015-09-18,1.635
2015-09-21,1.617
2015-09-22,1.624
2015-09-23,1.619
2015-09-24,1.63
2015-09-25,1.615
2015-09-30,1.568
2015-10-01,1.596
2015-10-02,1.584
2015-10-05,1.577
2015-10-06,1.591
2015-10-07,1.614
2015-10-08,1.615
2015-10-12,1.646
2015-10-13,1.638
2015-10-14,1.657
2015-10-15,1.623
2015-10-16,1.622
2015-10-19,1.622
2015-10-20,1.64
2015-10-21,1.649
2015-10-22,1.654
2015-10-23,1.65
2015-10-26,1.645
2015-10-27,1.63
2015-10-28,1.626
2015-10-29,1.641
2015-10-30,1.657
2015-11-02,1.658
2015-11-03,1.665
2015-11-04,1.677
2015-11-05,1.691
2015-11-06,1.729
2015-11-09,1.803
2015-11-10,1.781
2015-11-11,1.798
2015-11-12,1.787
2015-11-13,1.778
2015-11-16,1.749
2015-11-17,1.758
2015-11-18,1.752
2015-11-19,1.736
2015-11-20,1.762
2015-11-23,1.761
2015-11-24,1.767
2015-11-25,1.769
2015-11-26,1.778
2015-11-27,1.798
2015-11-30,1.785
2015-12-01,1.772
2015-12-02,1.762
2015-12-03,1.755
2015-12-04,1.781
2015-12-07,1.787
2015-12-08,1.763
2015-12-09,1.762
2015-12-10,1.745
2015-12-11,1.748
2015-12-14,1.732
2015-12-15,1.733
2015-12-16,1.748
2015-12-17,1.726
2015-12-18,1.693
2015-12-21,1.658
2015-12-22,1.672
2015-12-23,1.668
2015-12-24,1.662
2015-12-28,1.677
2015-12-29,1.655
2015-12-30,1.662
2015-12-31,1.662
2016-01-04,1.634
2016-01-05,1.643
2016-01-06,1.639
2016-01-07,1.639
2016-01-08,1.665
2016-01-11,1.635
2016-01-12,1.638
2016-01-13,1.633
2016-01-14,1.648
2016-01-15,1.648
2016-01-18,1.646
2016-01-19,1.644
2016-01-20,1.617
2016-01-21,1.611
2016-01-22,1.621
2016-01-25,1.621
2016-01-26,1.599
2016-01-27,1.604
2016-01-28,1.618
2016-01-29,1.564
2016-02-01,1.525
2016-02-02,1.516
2016-02-03,1.496
2016-02-04,1.494
2016-02-05,1.506
2016-02-11,1.45
2016-02-12,1.475
2016-02-15,1.484
2016-02-16,1.431
2016-02-17,1.435
2016-02-18,1.451
2016-02-19,1.468
2016-02-22,1.48
2016-02-23,1.481
2016-02-24,1.469
2016-02-25,1.464
2016-02-26,1.452
2016-02-29,1.454
2016-03-02,1.469
2016-03-03,1.504
2016-03-04,1.522
2016-03-07,1.502
2016-03-08,1.481
2016-03-09,1.47
2016-03-10,1.5
2016-03-11,1.55
2016-03-14,1.532
2016-03-15,1.533
2016-03-16,1.542
2016-03-17,1.515
2016-03-18,1.499
2016-03-21,1.496
2016-03-22,1.512
2016-03-23,1.512
2016-03-24,1.5
2016-03-25,1.495
2016-03-28,1.479
2016-03-29,1.449
2016-03-30,1.45
2016-03-31,1.444
2016-04-01,1.448
2016-04-04,1.44
2016-04-05,1.453
2016-04-06,1.458
2016-04-07,1.468
2016-04-08,1.463
2016-04-11,1.466
2016-04-12,1.465
2016-04-14,1.502
2016-04-15,1.494
2016-04-18,1.507
2016-04-19,1.501
2016-04-20,1.474
2016-04-21,1.483
2016-04-22,1.472
2016-04-25,1.455
2016-04-26,1.452
2016-04-27,1.456
2016-04-28,1.45
2016-04-29,1.453
2016-05-02,1.465
2016-05-03,1.445
2016-05-04,1.434
2016-05-09,1.413
2016-05-10,1.412
2016-05-11,1.417
2016-05-12,1.422
2016-05-13,1.442
2016-05-16,1.443
2016-05-17,1.455
2016-05-18,1.472
2016-05-19,1.492
2016-05-20,1.471
2016-05-23,1.467
2016-05-24,1.444
2016-05-25,1.461
2016-05-26,1.468
2016-05-27,1.468
2016-05-30,1.503
2016-05-31,1.496
2016-06-01,1.438
2016-06-02,1.443
2016-06-03,1.423
2016-06-07,1.405
2016-06-08,1.378
2016-06-09,1.345
2016-06-10,1.322
2016-06-13,1.311
2016-06-14,1.337
2016-06-15,1.339
2016-06-16,1.318
2016-06-17,1.334
2016-06-20,1.359
2016-06-21,1.343
2016-06-22,1.355
2016-06-23,1.337
2016-06-24,1.249
2016-06-27,1.236
2016-06-28,1.248
2016-06-29,1.238
2016-06-30,1.247
2016-07-01,1.21
2016-07-04,1.224
2016-07-05,1.217
2016-07-06,1.203
2016-07-07,1.208
2016-07-08,1.216
2016-07-11,1.213
2016-07-12,1.217
2016-07-13,1.211
2016-07-14,1.205
2016-07-15,1.221
2016-07-18,1.229
2016-07-19,1.227
2016-07-20,1.221
2016-07-21,1.233
2016-07-22,1.227
2016-07-25,1.225
2016-07-26,1.22
2016-07-27,1.222
2016-07-28,1.203
2016-07-29,1.216
2016-08-01,1.212
2016-08-02,1.212
2016-08-03,1.247
2016-08-04,1.238
2016-08-05,1.225
2016-08-08,1.246
2016-08-09,1.247
2016-08-10,1.215
2016-08-11,1.222
2016-08-12,1.23
2016-08-16,1.219
2016-08-17,1.233
2016-08-18,1.228
2016-08-19,1.231
2016-08-22,1.232
2016-08-23,1.228
2016-08-24,1.229
2016-08-25,1.236
2016-08-26,1.241
2016-08-29,1.272
2016-08-30,1.283
2016-08-31,1.308
2016-09-01,1.333
2016-09-02,1.326
2016-09-05,1.307
2016-09-06,1.3
2016-09-07,1.278
2016-09-08,1.288
2016-09-09,1.328
2016-09-12,1.356
2016-09-13,1.35
2016-09-19,1.345
2016-09-20,1.336
2016-09-21,1.327
2016-09-22,1.296
2016-09-23,1.303
2016-09-26,1.308
2016-09-27,1.305
2016-09-28,1.304
2016-09-29,1.297
2016-09-30,1.247
2016-10-04,1.276
2016-10-05,1.316
2016-10-06,1.321
2016-10-07,1.326
2016-10-10,1.335
2016-10-11,1.373
2016-10-12,1.353
2016-10-13,1.323
2016-10-14,1.319
2016-10-17,1.35
2016-10-18,1.353
2016-10-19,1.352
2016-10-20,1.354
2016-10-21,1.381
2016-10-24,1.385
2016-10-25,1.398
2016-10-26,1.405
2016-10-27,1.418
2016-10-28,1.438
2016-10-31,1.438
2016-11-01,1.451
2016-11-02,1.436
2016-11-03,1.428
2016-11-04,1.431
2016-11-07,1.426
2016-11-08,1.425
2016-11-09,1.402
2016-11-10,1.465
2016-11-11,1.508
2016-11-14,1.61
2016-11-15,1.635
2016-11-16,1.689
2016-11-17,1.713
2016-11-18,1.736
2016-11-21,1.725
2016-11-22,1.735
2016-11-23,1.775
2016-11-24,1.811
2016-11-25,1.811
2016-11-28,1.764
2016-11-29,1.709
2016-11-30,1.71
2016-12-01,1.726
2016-12-02,1.745
2016-12-05,1.727
2016-12-06,1.737
2016-12-07,1.736
2016-12-08,1.714
2016-12-09,1.735
2016-12-12,1.734
2016-12-13,1.676
2016-12-14,1.644
2016-12-15,1.697
2016-12-16,1.688
2016-12-19,1.694
2016-12-20,1.714
2016-12-21,1.687
2016-12-22,1.657
2016-12-23,1.665
2016-12-26,1.669
2016-12-27,1.654
2016-12-28,1.643
2016-12-29,1.638
2016-12-30,1.638
2017-01-02,1.638
2017-01-03,1.617
2017-01-04,1.63
2017-01-05,1.607
2017-01-06,1.626
2017-01-09,1.663
2017-01-10,1.647
2017-01-11,1.653
2017-01-12,1.624
2017-01-13,1.635
2017-01-16,1.633
2017-01-17,1.628
2017-01-18,1.649
2017-01-19,1.677
2017-01-20,1.655
2017-01-23,1.64
2017-01-24,1.628
2017-01-25,1.647
2017-01-26,1.687
2017-01-31,1.675
2017-02-01,1.685
2017-02-02,1.674
2017-02-03,1.685
2017-02-06,1.662
2017-02-07,1.641
2017-02-08,1.652
2017-02-09,1.648
2017-02-10,1.668
2017-02-13,1.663
2017-02-14,1.653
2017-02-15,1.661
2017-02-16,1.656
2017-02-17,1.655
2017-02-20,1.67
2017-02-21,1.671
2017-02-22,1.69
2017-02-23,1.676
2017-02-24,1.666
2017-02-27,1.663
2017-02-28,1.67
2017-03-02,1.713
2017-03-03,1.713
2017-03-06,1.746
2017-03-07,1.784
2017-03-08,1.784
2017-03-09,1.789
2017-03-10,1.78
2017-03-13,1.765
2017-03-14,1.758
2017-03-15,1.759
2017-03-16,1.695
2017-03-17,1.675
2017-03-20,1.67
2017-03-21,1.67
2017-03-22,1.663
2017-03-23,1.666
2017-03-24,1.678
2017-03-27,1.65
2017-03-28,1.657
2017-03-29,1.653
2017-03-30,1.665
2017-03-31,1.662
2017-04-03,1.668
2017-04-04,1.646
2017-04-05,1.654
2017-04-06,1.679
2017-04-07,1.681
2017-04-10,1.722
2017-04-11,1.693
2017-04-12,1.686
2017-04-13,1.674
2017-04-14,1.677
2017-04-17,1.673
2017-04-18,1.676
2017-04-19,1.67
2017-04-20,1.674
2017-04-21,1.684
2017-04-24,1.701
2017-04-25,1.677
2017-04-26,1.682
2017-04-27,1.673
2017-04-28,1.675
2017-05-02,1.69
2017-05-04,1.681
2017-05-08,1.707
2017-05-10,1.733
2017-05-11,1.727
2017-05-12,1.71
2017-05-15,1.71
2017-05-16,1.717
2017-05-17,1.684
2017-05-18,1.683
2017-05-19,1.671
2017-05-22,1.685
2017-05-23,1.676
2017-05-24,1.691
2017-05-25,1.681
2017-05-26,1.677
2017-05-29,1.672
2017-05-30,1.658
2017-05-31,1.661
2017-06-01,1.645
2017-06-02,1.63
2017-06-05,1.623
2017-06-07,1.621
2017-06-08,1.637
2017-06-09,1.632
2017-06-12,1.697
2017-06-13,1.661
2017-06-14,1.681
2017-06-15,1.682
2017-06-16,1.695
2017-06-19,1.683
2017-06-20,1.685
2017-06-21,1.692
2017-06-22,1.701
2017-06-23,1.688
2017-06-26,1.686
2017-06-27,1.681
2017-06-28,1.711
2017-06-29,1.7
2017-06-30,1.698
2017-07-03,1.716
2017-07-04,1.74
2017-07-05,1.745
2017-07-06,1.75
2017-07-07,1.781
2017-07-10,1.756
2017-07-11,1.762
2017-07-12,1.762
2017-07-13,1.745
2017-07-14,1.75
2017-07-17,1.754
2017-07-18,1.746
2017-07-19,1.747
2017-07-20,1.74
2017-07-21,1.721
2017-07-24,1.72
2017-07-25,1.709
2017-07-26,1.729
2017-07-27,1.712
2017-07-28,1.723
2017-07-31,1.724
2017-08-01,1.733
2017-08-02,1.73
2017-08-03,1.737
2017-08-04,1.742
2017-08-07,1.772
2017-08-08,1.805
2017-08-09,1.833
2017-08-10,1.824
2017-08-11,1.804
2017-08-14,1.802
2017-08-16,1.821
2017-08-17,1.801
2017-08-18,1.777
2017-08-21,1.784
2017-08-22,1.803
2017-08-23,1.797
2017-08-24,1.801
2017-08-25,1.755
2017-08-28,1.758
2017-08-29,1.772
2017-08-30,1.752
2017-08-31,1.747
2017-09-01,1.747
2017-09-04,1.782
2017-09-05,1.78
2017-09-06,1.775
2017-09-07,1.782
2017-09-08,1.758
2017-09-11,1.757
2017-09-12,1.753
2017-09-13,1.742
2017-09-14,1.742
2017-09-15,1.739
2017-09-18,1.742
2017-09-19,1.779
2017-09-20,1.775
2017-09-21,1.781
2017-09-22,1.775
2017-09-25,1.786
2017-09-26,1.832
2017-09-27,1.887
2017-09-28,1.888
2017-09-29,1.888
2017-10-10,1.938
2017-10-11,1.929
2017-10-12,1.9
2017-10-13,1.916
2017-10-16,1.927
2017-10-17,1.947
2017-10-18,1.935
2017-10-19,2.006
2017-10-20,2.088
2017-10-23,2.032
2017-10-24,2.057
2017-10-25,2.094
2017-10-26,2.182
2017-10-27,2.164
2017-10-30,2.137
2017-10-31,2.164
2017-11-01,2.14
2017-11-02,2.126
2017-11-03,2.133
2017-11-06,2.152
2017-11-07,2.133
2017-11-08,2.151
2017-11-09,2.147
2017-11-10,2.157
2017-11-13,2.18
2017-11-14,2.211
2017-11-15,2.177
2017-11-16,2.171
2017-11-17,2.174
2017-11-20,2.156
2017-11-21,2.156
2017-11-22,2.17
2017-11-23,2.134
2017-11-24,2.169
2017-11-27,2.153
2017-11-28,2.119
2017-11-29,2.112
2017-11-30,2.075
2017-12-01,2.081
2017-12-04,2.083
2017-12-05,2.112
2017-12-06,2.084
2017-12-07,2.094
2017-12-08,2.094
2017-12-11,2.087
2017-12-12,2.077
2017-12-13,2.078
2017-12-14,2.08
2017-12-15,2.078
2017-12-18,2.09
2017-12-19,2.097
2017-12-20,2.087
2017-12-21,2.094
2017-12-22,2.131
2017-12-26,2.129
2017-12-27,2.15
2017-12-28,2.134
2017-12-29,2.135
2018-01-02,2.119
2018-01-03,2.127
2018-01-04,2.142
2018-01-05,2.099
2018-01-08,2.135
2018-01-09,2.149
2018-01-10,2.172
2018-01-11,2.152
2018-01-12,2.174
2018-01-15,2.223
2018-01-16,2.225
2018-01-17,2.227
2018-01-18,2.172
2018-01-19,2.17
2018-01-22,2.203
2018-01-23,2.192
2018-01-24,2.197
2018-01-25,2.215
2018-01-26,2.222
2018-01-29,2.281
2018-01-30,2.304
2018-01-31,2.274
2018-02-01,2.249
2018-02-02,2.25
2018-02-05,2.287
2018-02-06,2.253
2018-02-07,2.248
2018-02-08,2.272
2018-02-09,2.278
2018-02-12,2.302
2018-02-13,2.278
2018-02-14,2.265
2018-02-19,2.302
2018-02-20,2.316
2018-02-21,2.306
2018-02-22,2.303
2018-02-23,2.285
2018-02-26,2.263
2018-02-27,2.258
2018-02-28,2.266
2018-03-02,2.29
2018-03-05,2.311
2018-03-06,2.312
2018-03-07,2.297
2018-03-08,2.286
2018-03-09,2.293
2018-03-12,2.305
2018-03-13,2.301
2018-03-14,2.274
2018-03-15,2.268
2018-03-16,2.276
2018-03-19,2.275
2018-03-20,2.286
2018-03-21,2.291
2018-03-22,2.256
2018-03-23,2.223
2018-03-26,2.244
2018-03-27,2.232
2018-03-28,2.222
2018-03-29,2.227
2018-03-30,2.216
2018-04-02,2.225
2018-04-03,2.193
2018-04-04,2.168
2018-04-05,2.175
2018-04-06,2.156
2018-04-09,2.167
2018-04-10,2.185
2018-04-11,2.165
2018-04-12,2.156
2018-04-13,2.155
2018-04-16,2.169
2018-04-17,2.178
2018-04-18,2.196
2018-04-19,2.195
2018-04-20,2.2
2018-04-23,2.235
2018-04-24,2.227
2018-04-25,2.246
2018-04-26,2.234
2018-04-27,2.201
2018-04-30,2.216
2018-05-02,2.237
2018-05-03,2.246
2018-05-04,2.28
2018-05-08,2.311
2018-05-09,2.309
2018-05-10,2.276
2018-05-11,2.286
2018-05-14,2.309
2018-05-15,2.312
2018-05-16,2.285
2018-05-17,2.262
2018-05-18,2.231
2018-05-21,2.251
2018-05-23,2.235
2018-05-24,2.191
2018-05-25,2.198
2018-05-28,2.208
2018-05-29,2.189
2018-05-30,2.192
2018-05-31,2.195
2018-06-01,2.193
2018-06-04,2.213
2018-06-05,2.201
2018-06-07,2.217
2018-06-08,2.189
2018-06-11,2.223
2018-06-12,2.223
2018-06-14,2.227
2018-06-15,2.186
2018-06-18,2.178
2018-06-19,2.164
2018-06-20,2.163
2018-06-21,2.149
2018-06-22,2.147
2018-06-25,2.143
2018-06-26,2.148
2018-06-27,2.122
2018-06-28,2.115
2018-06-29,2.122
2018-07-02,2.123
2018-07-03,2.138
2018-07-04,2.116
2018-07-05,2.093
2018-07-06,2.101
2018-07-09,2.107
2018-07-10,2.095
2018-07-11,2.054
2018-07-12,2.09
2018-07-13,2.105
2018-07-16,2.088
2018-07-17,2.094
2018-07-18,2.087
2018-07-19,2.089
2018-07-20,2.077
2018-07-23,2.077
2018-07-24,2.092
2018-07-25,2.079
2018-07-26,2.071
2018-07-27,2.112
2018-07-30,2.128
2018-07-31,2.123
2018-08-01,2.124
2018-08-02,2.113
2018-08-03,2.108
2018-08-06,2.097
2018-08-07,2.082
2018-08-08,2.07
2018-08-09,2.05
2018-08-10,2.04
2018-08-13,2.051
2018-08-14,2.063
2018-08-16,2.05
2018-08-17,1.997
2018-08-20,1.985
2018-08-21,1.919
2018-08-22,1.962
2018-08-23,1.963
2018-08-24,1.963
2018-08-27,1.963
2018-08-28,1.965
2018-08-29,1.955
2018-08-30,1.98
2018-08-31,1.916
2018-09-03,1.922
2018-09-04,1.917
2018-09-05,1.9
2018-09-06,1.912
2018-09-07,1.919
2018-09-10,1.918
2018-09-11,1.923
2018-09-12,1.893
2018-09-13,1.921
2018-09-14,1.96
2018-09-17,1.967
2018-09-18,1.98
2018-09-19,1.996
2018-09-20,2.035
2018-09-21,2.022
2018-09-27,2.006
2018-09-28,2.005
2018-10-01,2.022
2018-10-02,2.015
2018-10-04,2.066
2018-10-05,2.084
2018-10-08,2.091
2018-10-10,2.059
2018-10-11,2.012
2018-10-12,2.05
2018-10-15,2.051
2018-10-16,2.048
2018-10-17,2.023
2018-10-18,1.981
2018-10-19,1.989
2018-10-22,2.009
2018-10-23,1.989
2018-10-24,2.007
2018-10-25,1.982
2018-10-26,1.968
2018-10-29,1.894
2018-10-30,1.931
2018-10-31,1.939
2018-11-01,1.942
2018-11-02,1.982
2018-11-05,1.982
2018-11-06,1.984
2018-11-07,1.964
2018-11-08,1.966
2018-11-09,1.96
2018-11-12,1.945
2018-11-13,1.94
2018-11-14,1.922
2018-11-15,1.943
2018-11-16,1.947
2018-11-19,1.942
2018-11-20,1.94
2018-11-21,1.946
2018-11-22,1.942
2018-11-23,1.914
2018-11-26,1.914
2018-11-27,1.908
2018-11-28,1.92
2018-11-29,1.889
2018-11-30,1.897
2018-12-03,1.924
2018-12-04,1.914
2018-12-05,1.901
2018-12-06,1.839
2018-12-07,1.834
2018-12-10,1.803
2018-12-11,1.792
2018-12-12,1.803
2018-12-13,1.795
2018-12-14,1.781
2018-12-17,1.795
2018-12-18,1.795
2018-12-19,1.783
2018-12-20,1.8
2018-12-21,1.838
2018-12-24,1.846
2018-12-26,1.807
2018-12-27,1.81
2018-12-28,1.817
2018-12-31,1.817
2019-01-02,1.802
2019-01-03,1.796
2019-01-04,1.797
2019-01-07,1.807
2019-01-08,1.81
2019-01-09,1.809
2019-01-10,1.796
2019-01-11,1.804
2019-01-14,1.797
2019-01-15,1.797
2019-01-16,1.803
2019-01-17,1.795
2019-01-18,1.814
2019-01-21,1.821
2019-01-22,1.803
2019-01-23,1.803
2019-01-24,1.81
2019-01-25,1.812
2019-01-28,1.82
2019-01-29,1.823
2019-01-30,1.827
2019-01-31,1.809
2019-02-01,1.803
2019-02-07,1.801
2019-02-08,1.786
2019-02-11,1.781
2019-02-12,1.796
2019-02-13,1.801
2019-02-14,1.794
2019-02-15,1.779
2019-02-18,1.804
2019-02-19,1.8
2019-02-20,1.802
2019-02-21,1.811
2019-02-22,1.814
2019-02-25,1.819
2019-02-26,1.816
2019-02-27,1.808
2019-02-28,1.813
2019-03-04,1.834
2019-03-05,1.836
2019-03-06,1.828
2019-03-07,1.817
2019-03-08,1.802
2019-03-11,1.81
2019-03-12,1.81
2019-03-13,1.795
2019-03-14,1.793
2019-03-15,1.803
2019-03-18,1.812
2019-03-19,1.81
2019-03-20,1.813
2019-03-21,1.793
2019-03-22,1.8
2019-03-25,1.77
2019-03-26,1.763
2019-03-27,1.722
2019-03-28,1.679
2019-03-29,1.69
2019-04-01,1.726
2019-04-02,1.706
2019-04-03,1.72
2019-04-04,1.72
2019-04-05,1.735
2019-04-08,1.723
2019-04-09,1.725
2019-04-10,1.731
2019-04-11,1.732
2019-04-12,1.733
2019-04-15,1.761
2019-04-16,1.765
2019-04-17,1.778
2019-04-18,1.741
2019-04-19,1.756
2019-04-22,1.769
2019-04-23,1.768
2019-04-24,1.749
2019-04-25,1.724
2019-04-26,1.72
2019-04-29,1.712
2019-04-30,1.699
2019-05-02,1.732
2019-05-03,1.739
2019-05-07,1.723
2019-05-08,1.717
2019-05-09,1.708
2019-05-10,1.719
2019-05-13,1.721
2019-05-14,1.711
2019-05-15,1.71
2019-05-16,1.675
2019-05-17,1.67
2019-05-20,1.681
2019-05-21,1.663
2019-05-22,1.667
2019-05-23,1.648
2019-05-24,1.643
2019-05-27,1.652
2019-05-28,1.654
2019-05-29,1.619
2019-05-30,1.626
2019-05-31,1.587
2019-06-03,1.575
2019-06-04,1.57
2019-06-05,1.542
2019-06-07,1.537
2019-06-10,1.533
2019-06-11,1.542
2019-06-12,1.469
2019-06-13,1.48
2019-06-14,1.47
2019-06-17,1.491
2019-06-18,1.493
2019-06-19,1.484
2019-06-20,1.42
2019-06-21,1.44
2019-06-24,1.44
2019-06-25,1.478
2019-06-26,1.496
2019-06-27,1.494
2019-06-28,1.472
2019-07-01,1.479
2019-07-02,1.463
2019-07-03,1.429
2019-07-04,1.416
2019-07-05,1.423
2019-07-08,1.422
2019-07-09,1.424
2019-07-10,1.438
2019-07-11,1.419
2019-07-12,1.424
2019-07-15,1.434
2019-07-16,1.431
2019-07-17,1.399
2019-07-18,1.345
2019-07-19,1.327
2019-07-22,1.333
2019-07-23,1.339
2019-07-24,1.321
2019-07-25,1.302
2019-07-26,1.308
2019-07-29,1.306
2019-07-30,1.301
2019-07-31,1.292
2019-08-01,1.309
2019-08-02,1.26
2019-08-05,1.172
2019-08-06,1.163
2019-08-07,1.153
2019-08-08,1.165
2019-08-09,1.186
2019-08-12,1.182
2019-08-13,1.15
2019-08-14,1.149
2019-08-16,1.095
2019-08-19,1.093
2019-08-20,1.101
2019-08-21,1.156
2019-08-22,1.13
2019-08-23,1.169
2019-08-26,1.121
2019-08-27,1.171
2019-08-28,1.18
2019-08-29,1.167
2019-08-30,1.168
2019-09-02,1.233
2019-09-03,1.228
2019-09-04,1.241
2019-09-05,1.259
2019-09-06,1.265
2019-09-09,1.235
2019-09-10,1.242
2019-09-11,1.258
2019-09-16,1.348
2019-09-17,1.315
2019-09-18,1.309
2019-09-19,1.329
2019-09-20,1.332
2019-09-23,1.331
2019-09-24,1.325
2019-09-25,1.304
2019-09-26,1.301
2019-09-27,1.301
2019-09-30,1.297
2019-10-01,1.323
2019-10-02,1.303
2019-10-04,1.21
2019-10-07,1.232
2019-10-08,1.264
2019-10-10,1.276
2019-10-11,1.281
2019-10-14,1.281
2019-10-15,1.281
2019-10-16,1.32
2019-10-17,1.375
2019-10-18,1.375
2019-10-21,1.408
2019-10-22,1.379
2019-10-23,1.388
2019-10-24,1.396
2019-10-25,1.435
2019-10-28,1.523
2019-10-29,1.499
2019-10-30,1.481
2019-10-31,1.466
2019-11-01,1.467
2019-11-04,1.55
2019-11-05,1.522
2019-11-06,1.53
2019-11-07,1.541
2019-11-08,1.518
2019-11-11,1.5
2019-11-12,1.564
2019-11-13,1.51
2019-11-14,1.515
2019-11-15,1.513
2019-11-18,1.518
2019-11-19,1.485
2019-11-20,1.45
2019-11-21,1.462
2019-11-22,1.456
2019-11-25,1.475
2019-11-26,1.475
2019-11-27,1.456
2019-11-28,1.43
2019-11-29,1.385
2019-12-02,1.425
2019-12-03,1.46
2019-12-04,1.406
2019-12-05,1.423
2019-12-06,1.43
2019-12-09,1.412
2019-12-10,1.39
2019-12-11,1.381
2019-12-12,1.382
2019-12-13,1.402
2019-12-16,1.369
2019-12-17,1.363
2019-12-18,1.357
2019-12-19,1.383
2019-12-20,1.392
2019-12-23,1.38
2019-12-24,1.37
2019-12-26,1.367
2019-12-27,1.37
2019-12-30,1.36
2019-12-31,1.36
2020-01-02,1.327
2020-01-03,1.27
2020-01-06,1.277
2020-01-07,1.331
2020-01-08,1.363
2020-01-09,1.416
2020-01-10,1.425
2020-01-13,1.418
2020-01-14,1.386
2020-01-15,1.391
2020-01-16,1.426
2020-01-17,1.433
2020-01-20,1.455
2020-01-21,1.395
2020-01-22,1.437
2020-01-23,1.424
2020-01-28,1.352
2020-01-29,1.33
2020-01-30,1.301
2020-01-31,1.303
2020-02-03,1.291
2020-02-04,1.331
2020-02-05,1.307
2020-02-06,1.311
2020-02-07,1.28
2020-02-10,1.296
2020-02-11,1.299
2020-02-12,1.297
2020-02-13,1.275
2020-02-14,1.33
2020-02-17,1.32
2020-02-18,1.271
2020-02-19,1.284
2020-02-20,1.234
2020-02-21,1.182
2020-02-24,1.139
2020-02-25,1.171
2020-02-26,1.135
2020-02-27,1.194
2020-02-28,1.104
2020-03-02,1.128
2020-03-03,1.11
2020-03-04,1.029
2020-03-05,1.051
2020-03-06,1.078
2020-03-09,1.038
2020-03-10,1.082
2020-03-11,1.086
2020-03-12,1.062
2020-03-13,1.149
2020-03-16,1.099
2020-03-17,1.03
2020-03-18,1.05
2020-03-19,1.193
2020-03-20,1.107
2020-03-23,1.153
2020-03-24,1.127
2020-03-25,1.131
2020-03-26,1.067
2020-03-27,1.06
2020-03-30,1.098
2020-03-31,1.07
2020-04-01,1.092
2020-04-02,1.059
2020-04-03,1.066
2020-04-06,1.052
2020-04-07,1.047
2020-04-08,1.024
2020-04-09,0.986
2020-04-10,0.97
2020-04-13,0.996
2020-04-14,0.996
2020-04-16,0.982
2020-04-17,1.006
2020-04-20,1.013
2020-04-21,1.035
2020-04-22,1.046
2020-04-23,1.036
2020-04-24,1.018
2020-04-27,1.026
2020-04-28,1.033
2020-04-29,1.006
2020-05-04,0.975
2020-05-06,0.96
2020-05-07,0.946
2020-05-08,0.914
2020-05-11,0.926
2020-05-12,0.886
2020-05-13,0.856
2020-05-14,0.869
2020-05-15,0.874
2020-05-18,0.887
2020-05-19,0.876
2020-05-20,0.868
2020-05-21,0.856
2020-05-22,0.837
2020-05-25,0.815
2020-05-26,0.839
2020-05-27,0.863
2020-05-28,0.818
2020-05-29,0.826
2020-06-01,0.831
2020-06-02,0.851
2020-06-03,0.866
2020-06-04,0.886
2020-06-05,0.894
2020-06-08,0.902
2020-06-09,0.861
2020-06-10,0.84
2020-06-11,0.837
2020-06-12,0.841
2020-06-15,0.861
2020-06-16,0.86
2020-06-17,0.874
2020-06-18,0.842
2020-06-19,0.844
2020-06-22,0.846
2020-06-23,0.827
2020-06-24,0.819
2020-06-25,0.817
2020-06-26,0.811
2020-06-29,0.842
2020-06-30,0.842
2020-07-01,0.847
2020-07-02,0.831
2020-07-03,0.838
2020-07-06,0.854
2020-07-07,0.843
2020-07-08,0.839
2020-07-09,0.84
2020-07-10,0.849
2020-07-13,0.86
2020-07-14,0.854
2020-07-15,0.847
2020-07-16,0.829
2020-07-17,0.812
2020-07-20,0.801
2020-07-21,0.818
2020-07-22,0.81
2020-07-23,0.798
2020-07-24,0.799
2020-07-27,0.803
2020-07-28,0.813
2020-07-29,0.811
2020-07-30,0.799
2020-07-31,0.796
2020-08-03,0.799
2020-08-04,0.802
2020-08-05,0.795
2020-08-06,0.807
2020-08-07,0.81
2020-08-10,0.83
2020-08-11,0.818
2020-08-12,0.827
2020-08-13,0.815
2020-08-14,0.828
2020-08-18,0.81
2020-08-19,0.805
2020-08-20,0.813
2020-08-21,0.854
2020-08-24,0.824
2020-08-25,0.825
2020-08-26,0.835
2020-08-27,0.852
2020-08-28,0.893
2020-08-31,0.94
2020-09-01,0.977
2020-09-02,0.923
2020-09-03,0.919
2020-09-04,0.929
2020-09-07,0.973
2020-09-08,0.949
2020-09-09,0.915
2020-09-10,0.915
2020-09-11,0.926
2020-09-14,0.919
2020-09-15,0.907
2020-09-16,0.91
2020-09-17,0.914
2020-09-18,0.907
2020-09-21,0.904
2020-09-22,0.897
2020-09-23,0.883
2020-09-24,0.857
2020-09-25,0.855
2020-09-28,0.843
2020-09-29,0.846
2020-10-05,0.881
2020-10-06,0.905
2020-10-07,0.91
2020-10-08,0.907
2020-10-12,0.925
2020-10-13,0.923
2020-10-14,0.901
2020-10-15,0.877
2020-10-16,0.888
2020-10-19,0.891
2020-10-20,0.911
2020-10-21,0.934
2020-10-22,0.925
2020-10-23,0.91
2020-10-26,0.908
2020-10-27,0.917
2020-10-28,0.914
2020-10-29,0.927
2020-10-30,0.935
2020-11-02,0.971
2020-11-03,0.98
2020-11-04,0.955
2020-11-05,0.927
2020-11-06,0.943
2020-11-09,0.959
2020-11-10,0.976
2020-11-11,0.989
2020-11-12,0.969
2020-11-13,0.965
2020-11-16,0.97
2020-11-17,0.96
2020-11-18,0.949
2020-11-19,0.955
2020-11-20,0.963
2020-11-23,0.955
2020-11-24,0.963
2020-11-25,0.971
2020-11-26,0.981
2020-11-27,0.979
2020-11-30,0.983
2020-12-01,0.982
2020-12-02,0.982
2020-12-03,0.975
2020-12-04,0.966
2020-12-07,0.961
2020-12-08,0.959
2020-12-09,0.966
2020-12-10,0.973
2020-12-11,0.98
2020-12-14,0.986
2020-12-15,0.984
2020-12-16,0.989
2020-12-17,0.999
2020-12-18,0.963
2020-12-21,0.959
2020-12-22,0.945
2020-12-23,0.932
2020-12-24,0.95
2020-12-28,0.958
2020-12-29,0.973
2020-12-30,0.978
2020-12-31,0.976
2021-01-04,0.954
2021-01-05,0.936
2021-01-06,0.953
2021-01-07,0.964
2021-01-08,0.978
2021-01-11,0.969
2021-01-12,0.976
2021-01-13,0.979
2021-01-14,0.988
2021-01-15,0.973
2021-01-18,0.968
2021-01-19,0.974
2021-01-20,0.976
2021-01-21,0.971
2021-01-22,0.993
2021-01-25,1.006
2021-01-26,1.007
2021-01-27,0.982
2021-01-28,0.977
2021-01-29,0.971
2021-02-01,0.994
2021-02-02,0.98
2021-02-03,0.978
2021-02-04,0.984
2021-02-05,0.982
2021-02-08,1.001
2021-02-09,0.99
2021-02-10,0.995
2021-02-15,0.998
2021-02-16,0.984
2021-02-17,0.986
2021-02-18,0.985
2021-02-19,0.996
2021-02-22,1.02
2021-02-23,1.02
2021-02-24,1.006
2021-02-25,0.995
2021-02-26,1.02
2021-03-02,1.021
2021-03-03,1.019
2021-03-04,1.03
2021-03-05,1.066
2021-03-08,1.139
2021-03-09,1.206
2021-03-10,1.182
2021-03-11,1.179
2021-03-12,1.223
2021-03-15,1.238
2021-03-16,1.177
2021-03-17,1.177
2021-03-18,1.133
2021-03-19,1.146
2021-03-22,1.13
2021-03-23,1.132
2021-03-24,1.115
2021-03-25,1.089
2021-03-26,1.117
2021-03-29,1.119
2021-03-30,1.155
2021-03-31,1.133
2021-04-01,1.138
2021-04-02,1.151
2021-04-05,1.202
2021-04-06,1.181
2021-04-07,1.181
2021-04-08,1.152
2021-04-09,1.168
2021-04-12,1.14
2021-04-13,1.138
2021-04-14,1.102
2021-04-15,1.147
2021-04-16,1.154
2021-04-19,1.129
2021-04-20,1.134
2021-04-21,1.11
2021-04-22,1.105
2021-04-23,1.12
2021-04-26,1.119
2021-04-27,1.097
2021-04-28,1.105
2021-04-29,1.121
2021-04-30,1.141
2021-05-03,1.149
2021-05-04,1.158
2021-05-06,1.14
2021-05-07,1.137
2021-05-10,1.136
2021-05-11,1.128
2021-05-12,1.121
2021-05-13,1.123
2021-05-14,1.116
2021-05-17,1.107
2021-05-18,1.099
2021-05-20,1.103
2021-05-21,1.095
2021-05-24,1.116
2021-05-25,1.142
2021-05-26,1.161
2021-05-27,1.124
2021-05-28,1.162
2021-05-31,1.227
2021-06-01,1.213
2021-06-02,1.206
2021-06-03,1.191
2021-06-04,1.22
2021-06-07,1.201
2021-06-08,1.174
2021-06-09,1.137
2021-06-10,1.282
2021-06-11,1.276
2021-06-14,1.287
2021-06-15,1.307
2021-06-16,1.286
2021-06-17,1.327
2021-06-18,1.313
2021-06-21,1.351
2021-06-22,1.331
2021-06-23,1.338
2021-06-24,1.384
2021-06-25,1.441
2021-06-28,1.47
2021-06-29,1.459
2021-06-30,1.448
2021-07-01,1.469
2021-07-02,1.484
2021-07-05,1.462
2021-07-06,1.465
2021-07-07,1.41
2021-07-08,1.358
2021-07-09,1.375
2021-07-12,1.384
2021-07-13,1.424
2021-07-14,1.39
2021-07-15,1.497
2021-07-16,1.451
2021-07-19,1.459
2021-07-20,1.41
2021-07-21,1.383
2021-07-22,1.397
2021-07-23,1.393
2021-07-26,1.369
2021-07-27,1.38
2021-07-28,1.419
2021-07-29,1.431
2021-07-30,1.417
2021-08-02,1.435
2021-08-03,1.442
2021-08-04,1.418
2021-08-05,1.414
2021-08-06,1.433
2021-08-09,1.436
2021-08-10,1.432
2021-08-11,1.419
2021-08-12,1.413
2021-08-13,1.407
2021-08-17,1.402
2021-08-18,1.389
2021-08-19,1.36
2021-08-20,1.364
2021-08-23,1.389
2021-08-24,1.438
2021-08-25,1.435
2021-08-26,1.398
2021-08-27,1.408
2021-08-30,1.398
2021-08-31,1.395
2021-09-01,1.417
2021-09-02,1.422
2021-09-03,1.437
2021-09-06,1.459
2021-09-07,1.464
2021-09-08,1.489
2021-09-09,1.499
2021-09-10,1.501
2021-09-13,1.525
2021-09-14,1.535
2021-09-15,1.492
2021-09-16,1.51
2021-09-17,1.535
2021-09-23,1.558
2021-09-24,1.575
2021-09-27,1.566
2021-09-28,1.609
2021-09-29,1.603
2021-09-30,1.593
2021-10-01,1.633
2021-10-05,1.65
2021-10-06,1.719
2021-10-07,1.704
2021-10-08,1.701
2021-10-12,1.815
2021-10-13,1.824
2021-10-14,1.813
2021-10-15,1.795
2021-10-18,1.875
2021-10-19,1.866
2021-10-20,1.847
2021-10-21,1.836
2021-10-22,1.889
2021-10-25,1.919
2021-10-26,1.947
2021-10-27,2.044
2021-10-28,2.017
2021-10-29,2.103
2021-11-01,2.108
2021-11-02,2.038
2021-11-03,2.036
2021-11-04,2.04
2021-11-05,1.944
2021-11-08,1.906
2021-11-09,1.865
2021-11-10,1.877
2021-11-11,1.913
2021-11-12,1.968
2021-11-15,1.912
2021-11-16,1.963
2021-11-17,1.974
2021-11-18,1.953
2021-11-19,1.966
2021-11-22,2.018
2021-11-23,2.031
2021-11-24,2.013
2021-11-25,1.933
2021-11-26,1.863
2021-11-29,1.844
2021-11-30,1.799
2021-12-01,1.813
2021-12-02,1.845
2021-12-03,1.9
2021-12-06,1.865
2021-12-07,1.872
2021-12-08,1.831
2021-12-09,1.794
2021-12-10,1.805
2021-12-13,1.79
2021-12-14,1.784
2021-12-15,1.808
2021-12-16,1.766
2021-12-17,1.767
2021-12-20,1.74
2021-12-21,1.72
2021-12-22,1.757
2021-12-23,1.805
2021-12-24,1.798
2021-12-27,1.776
2021-12-28,1.786
2021-12-29,1.783
2021-12-30,1.799
2021-12-31,1.798
2022-01-03,1.855
2022-01-04,1.868
2022-01-05,1.913
2022-01-06,2.013
2022-01-07,2.015
2022-01-10,2.058
2022-01-11,2.038
2022-01-12,1.998
2022-01-13,1.953
2022-01-14,2.044
2022-01-17,2.148
2022-01-18,2.127
2022-01-19,2.073
2022-01-20,2.119
2022-01-21,2.132
2022-01-24,2.112
2022-01-25,2.174
2022-01-26,2.156
2022-01-27,2.217
2022-01-28,2.189
2022-02-03,2.158
2022-02-04,2.194
2022-02-07,2.237
2022-02-08,2.303
2022-02-09,2.279
2022-02-10,2.264
2022-02-11,2.343
2022-02-14,2.347
2022-02-15,2.345
2022-02-16,2.325
2022-02-17,2.295
2022-02-18,2.322
2022-02-21,2.363
2022-02-22,2.327
2022-02-23,2.317
2022-02-24,2.226
2022-02-25,2.244
2022-02-28,2.242
2022-03-02,2.187
2022-03-03,2.195
2022-03-04,2.214
2022-03-07,2.288
2022-03-08,2.287
2022-03-10,2.267
2022-03-11,2.255
2022-03-14,2.283
2022-03-15,2.285
2022-03-16,2.268
2022-03-17,2.217
2022-03-18,2.231
2022-03-21,2.268
2022-03-22,2.399
2022-03-23,2.426
2022-03-24,2.455
2022-03-25,2.505
2022-03-28,2.747
2022-03-29,2.7
2022-03-30,2.615
2022-03-31,2.663
2022-04-01,2.784
2022-04-04,2.837
2022-04-05,2.879
2022-04-06,2.941
2022-04-07,2.905
2022-04-08,2.987
2022-04-11,3.186
2022-04-12,3.105
2022-04-13,3.001
2022-04-14,2.888
2022-04-15,2.944
2022-04-18,2.99
2022-04-19,2.981
2022-04-20,2.957
2022-04-21,2.927
2022-04-22,2.971
2022-04-25,2.857
2022-04-26,2.83
2022-04-27,2.899
2022-04-28,2.925
2022-04-29,2.958
2022-05-02,3.086
2022-05-03,3.139
2022-05-04,3.178
2022-05-06,3.146
2022-05-09,3.062
2022-05-10,3.046
2022-05-11,2.928
2022-05-12,2.9
2022-05-13,2.911
2022-05-16,3.046
2022-05-17,3.031
2022-05-18,3.069
2022-05-19,3.046
2022-05-20,3.011
2022-05-23,3.018
2022-05-24,2.967
2022-05-25,2.946
2022-05-26,2.955
2022-05-27,2.947
2022-05-30,2.942
2022-05-31,3.027
2022-06-02,3.125
2022-06-03,3.121
2022-06-07,3.232
2022-06-08,3.209
2022-06-09,3.171
2022-06-10,3.275
2022-06-13,3.514
2022-06-14,3.548
2022-06-15,3.666
2022-06-16,3.728
2022-06-17,3.745
2022-06-20,3.675
2022-06-21,3.663
2022-06-22,3.522
2022-06-23,3.608
2022-06-24,3.523
2022-06-27,3.568
2022-06-28,3.552
2022-06-29,3.552
2022-06-30,3.55
2022-07-01,3.439
2022-07-04,3.43
2022-07-05,3.301
2022-07-06,3.239
2022-07-07,3.262
2022-07-08,3.315
2022-07-11,3.324
2022-07-12,3.291
2022-07-13,3.211
2022-07-14,3.26
2022-07-15,3.205
2022-07-18,3.212
2022-07-19,3.192
2022-07-20,3.296
2022-07-21,3.294
2022-07-22,3.218
2022-07-25,3.153
2022-07-26,3.121
2022-07-27,3.09
2022-07-28,3.13
2022-07-29,3.009
2022-08-01,3.081
2022-08-02,3.012
2022-08-03,3.065
2022-08-04,3.114
2022-08-05,3.079
2022-08-08,3.134
2022-08-09,3.134
2022-08-10,3.154
2022-08-11,3.124
2022-08-12,3.181
2022-08-16,3.078
2022-08-17,3.087
2022-08-18,3.125
2022-08-19,3.197
2022-08-22,3.245
2022-08-23,3.281
2022-08-24,3.311
2022-08-25,3.531
2022-08-26,3.525
2022-08-29,3.653
2022-08-30,3.642
2022-08-31,3.685
2022-09-01,3.778
2022-09-02,3.678
2022-09-05,3.616
2022-09-06,3.682
2022-09-07,3.685
2022-09-08,3.543
2022-09-13,3.536
2022-09-14,3.585
2022-09-15,3.77
2022-09-16,3.767
2022-09-19,3.759
2022-09-20,3.823
2022-09-21,3.847
2022-09-22,4.104
2022-09-23,4.199
2022-09-26,4.548
2022-09-27,4.304
2022-09-28,4.338
2022-09-29,4.303
2022-09-30,4.186
2022-10-04,4.081
2022-10-05,4.157
2022-10-06,4.145
2022-10-07,4.276
2022-10-11,4.342
2022-10-12,4.107
2022-10-13,4.203
2022-10-14,4.207
2022-10-17,4.239
2022-10-18,4.242
2022-10-19,4.331
2022-10-20,4.35
2022-10-21,4.495
2022-10-24,4.305
2022-10-25,4.221
2022-10-26,4.208
2022-10-27,4.254
2022-10-28,4.112
2022-10-31,4.185
2022-11-01,4.068
2022-11-02,4.095
2022-11-03,4.158
2022-11-04,4.118
2022-11-07,4.186
2022-11-08,4.156
2022-11-09,4.086
2022-11-10,4.033
2022-11-11,3.834
2022-11-14,3.85
2022-11-15,3.753
2022-11-16,3.808
2022-11-17,3.804
2022-11-18,3.787
2022-11-21,3.837
2022-11-22,3.844
2022-11-23,3.849
2022-11-24,3.689
2022-11-25,3.644
2022-11-28,3.669
2022-11-29,3.723
2022-11-30,3.689
2022-12-01,3.65
2022-12-02,3.616
2022-12-05,3.609
2022-12-06,3.633
2022-12-07,3.672
2022-12-08,3.676
2022-12-09,3.657
2022-12-12,3.623
2022-12-13,3.623
2022-12-14,3.53
2022-12-15,3.536
2022-12-16,3.539
2022-12-19,3.545
2022-12-20,3.685
2022-12-21,3.638
2022-12-22,3.567
2022-12-23,3.623
2022-12-26,3.663
2022-12-27,3.662
2022-12-28,3.668
2022-12-29,3.719
2022-12-30,3.722
2023-01-02,3.782
2023-01-03,3.661
2023-01-04,3.632
2023-01-05,3.644
2023-01-06,3.681
2023-01-09,3.577
2023-01-10,3.556
2023-01-11,3.472
2023-01-12,3.466
2023-01-13,3.369
2023-01-16,3.454
2023-01-17,3.484
2023-01-18,3.39
2023-01-19,3.248
2023-01-20,3.33
2023-01-25,3.285
2023-01-26,3.273
2023-01-27,3.304
2023-01-30,3.271
2023-01-31,3.325
2023-02-01,3.263
2023-02-02,3.183
2023-02-03,3.11
2023-02-06,3.283
2023-02-07,3.315
2023-02-08,3.339
2023-02-09,3.401
2023-02-10,3.398
2023-02-13,3.452
2023-02-14,3.429
2023-02-15,3.502
2023-02-16,3.504
2023-02-17,3.639
2023-02-20,3.677
2023-02-21,3.623
2023-02-22,3.645
2023-02-23,3.599
2023-02-24,3.555
2023-02-27,3.683
2023-02-28,3.797
2023-03-02,3.878
2023-03-03,3.791
2023-03-06,3.774
2023-03-07,3.726
2023-03-08,3.855
2023-03-09,3.858
2023-03-10,3.703
2023-03-13,3.435
2023-03-14,3.381
2023-03-15,3.473
2023-03-16,3.4
2023-03-17,3.415
2023-03-20,3.264
2023-03-21,3.294
2023-03-22,3.284
2023-03-23,3.206
2023-03-24,3.16
2023-03-27,3.22
2023-03-28,3.258
2023-03-29,3.249
2023-03-30,3.24
2023-03-31,3.27
2023-04-03,3.342
2023-04-04,3.279
2023-04-05,3.264
2023-04-06,3.211
2023-04-07,3.24
2023-04-10,3.192
2023-04-11,3.231
2023-04-12,3.233
2023-04-13,3.199
2023-04-14,3.215
2023-04-17,3.287
2023-04-18,3.294
2023-04-19,3.337
2023-04-20,3.334
2023-04-21,3.267
2023-04-24,3.23
2023-04-25,3.265
2023-04-26,3.259
2023-04-27,3.288
2023-04-28,3.293
2023-05-02,3.335
2023-05-03,3.281
2023-05-04,3.21
2023-05-08,3.261
2023-05-09,3.256
2023-05-10,3.273
2023-05-11,3.22
2023-05-12,3.225
2023-05-15,3.279
2023-05-16,3.242
2023-05-17,3.274
2023-05-18,3.316
2023-05-19,3.34
2023-05-22,3.321
2023-05-23,3.373
2023-05-24,3.378
2023-05-25,3.48
2023-05-26,3.524
2023-05-30,3.56
2023-05-31,3.459
2023-06-01,3.478
2023-06-02,3.436
2023-06-05,3.502
2023-06-07,3.471
2023-06-08,3.543
2023-06-09,3.506
2023-06-12,3.493
2023-06-13,3.484
2023-06-14,3.545
2023-06-15,3.626
2023-06-16,3.585
2023-06-19,3.583
2023-06-20,3.567
2023-06-21,3.571
2023-06-22,3.592
2023-06-23,3.609
2023-06-26,3.568
2023-06-27,3.538
2023-06-28,3.557
2023-06-29,3.584
2023-06-30,3.662
2023-07-03,3.613
2023-07-04,3.619
2023-07-05,3.618
2023-07-06,3.676
2023-07-07,3.735
2023-07-10,3.795
2023-07-11,3.703
2023-07-12,3.704
2023-07-13,3.602
2023-07-14,3.614
2023-07-17,3.611
2023-07-18,3.596
2023-07-19,3.543
2023-07-20,3.581
2023-07-21,3.602
2023-07-24,3.617
2023-07-25,3.645
2023-07-26,3.627
2023-07-27,3.587
2023-07-28,3.635
2023-07-31,3.681
2023-08-01,3.647
2023-08-02,3.677
2023-08-03,3.714
2023-08-04,3.738
2023-08-07,3.689
2023-08-08,3.647
2023-08-09,3.672
2023-08-10,3.687
2023-08-11,3.698
2023-08-14,3.747
2023-08-16,3.712
2023-08-17,3.788
2023-08-18,3.729
2023-08-21,3.795
2023-08-22,3.802
2023-08-23,3.771
2023-08-24,3.759
2023-08-25,3.789
2023-08-28,3.759
2023-08-29,3.74
2023-08-30,3.732
2023-08-31,3.711
2023-09-01,3.689
2023-09-04,3.738
2023-09-05,3.765
2023-09-06,3.765
2023-09-07,3.847
2023-09-08,3.795
2023-09-11,3.865
2023-09-12,3.863
2023-09-13,3.853
2023-09-14,3.836
2023-09-15,3.85
2023-09-18,3.891
2023-09-19,3.887
2023-09-20,3.89
2023-09-21,3.93
2023-09-22,3.876
2023-09-25,3.876
2023-09-26,3.891
2023-09-27,3.884
2023-10-04,4.108
2023-10-05,4.081
2023-10-06,4.015
2023-10-10,3.997
2023-10-11,3.953
2023-10-12,3.932
2023-10-13,3.957
2023-10-16,3.973
2023-10-17,3.991
2023-10-18,4.031
2023-10-19,4.07
2023-10-20,4.033
2023-10-23,4.055
2023-10-24,4.004
2023-10-25,4.038
2023-10-26,4.104
2023-10-27,4.073
2023-10-30,4.089
2023-10-31,4.085
2023-11-01,4.071
2023-11-02,3.979
2023-11-03,3.949
2023-11-06,3.877
2023-11-07,3.887
2023-11-08,3.868
2023-11-09,3.847
2023-11-10,3.862
2023-11-13,3.877
2023-11-14,3.857
2023-11-15,3.744
2023-11-16,3.701
2023-11-17,3.681
2023-11-20,3.667
2023-11-21,3.644
2023-11-22,3.666
2023-11-23,3.644
2023-11-24,3.677
2023-11-27,3.689
2023-11-28,3.648
2023-11-29,3.554
2023-11-30,3.583
2023-12-01,3.587
2023-12-04,3.531
2023-12-05,3.484
2023-12-06,3.463
2023-12-07,3.511
2023-12-08,3.461
2023-12-11,3.48
2023-12-12,3.446
2023-12-13,3.465
2023-12-14,3.258
2023-12-15,3.281
2023-12-18,3.277
2023-12-19,3.296
2023-12-20,3.232
2023-12-21,3.236
2023-12-22,3.234
2023-12-26,3.221
2023-12-27,3.22
2023-12-28,3.154
2023-12-29,3.154
2024-01-02,3.24
2024-01-03,3.278
2024-01-04,3.227
2024-01-05,3.283
2024-01-08,3.297
2024-01-09,3.255
2024-01-10,3.269
2024-01-11,3.227
2024-01-12,3.204
2024-01-15,3.191
2024-01-16,3.235
2024-01-17,3.277
2024-01-18,3.285
2024-01-19,3.307
2024-01-22,3.278
2024-01-23,3.286
2024-01-24,3.3
2024-01-25,3.313
2024-01-26,3.263
2024-01-29,3.304
2024-01-30,3.268
2024-01-31,3.261
2024-02-01,3.267
2024-02-02,3.248
2024-02-05,3.312
2024-02-06,3.292
2024-02-07,3.286
2024-02-08,3.305
2024-02-13,3.353
2024-02-14,3.425
2024-02-15,3.405
2024-02-16,3.405
2024-02-19,3.397
2024-02-20,3.405
2024-02-21,3.402
2024-02-22,3.342
2024-02-23,3.374
2024-02-26,3.34
2024-02-27,3.364
2024-02-28,3.359
2024-02-29,3.385
2024-03-04,3.36
2024-03-05,3.349
2024-03-06,3.325
2024-03-07,3.321
2024-03-08,3.271
2024-03-11,3.275
2024-03-12,3.273
2024-03-13,3.251
2024-03-14,3.273
2024-03-15,3.308
2024-03-18,3.348
2024-03-19,3.383
2024-03-20,3.371
2024-03-21,3.306
2024-03-22,3.284
2024-03-25,3.29
2024-03-26,3.301
2024-03-27,3.288
2024-03-28,3.293
2024-03-29,3.322
2024-04-01,3.291
2024-04-02,3.333
2024-04-03,3.341
2024-04-04,3.338
2024-04-05,3.329
2024-04-08,3.383
2024-04-09,3.391
2024-04-11,3.466
2024-04-12,3.403
2024-04-15,3.44
2024-04-16,3.469
2024-04-17,3.475
2024-04-18,3.427
2024-04-19,3.468
2024-04-22,3.512
2024-04-23,3.489
2024-04-24,3.509
2024-04-25,3.543
2024-04-26,3.531
2024-04-29,3.552
2024-04-30,3.529
2024-05-02,3.509
2024-05-03,3.5
2024-05-07,3.448
2024-05-08,3.439
2024-05-09,3.453
2024-05-10,3.44
2024-05-13,3.452
2024-05-14,3.454
2024-05-16,3.375
2024-05-17,3.379
2024-05-20,3.412
2024-05-21,3.411
2024-05-22,3.409
2024-05-23,3.402
2024-05-24,3.423
2024-05-27,3.413
2024-05-28,3.394
2024-05-29,3.425
2024-05-30,3.44
2024-05-31,3.452
2024-06-03,3.434
2024-06-04,3.39
2024-06-05,3.345
2024-06-07,3.308
2024-06-10,3.353
2024-06-11,3.341
2024-06-12,3.307
2024-06-13,3.277
2024-06-14,3.252
2024-06-17,3.212
2024-06-18,3.214
2024-06-19,3.162
2024-06-20,3.196
2024-06-21,3.176
2024-06-24,3.194
2024-06-25,3.201
2024-06-26,3.215
2024-06-27,3.22
2024-06-28,3.182
2024-07-01,3.21
2024-07-02,3.169
2024-07-03,3.16
2024-07-04,3.128
2024-07-05,3.115
2024-07-08,3.119
2024-07-09,3.114
2024-07-10,3.12
2024-07-11,3.163
2024-07-12,3.101
2024-07-15,3.076
2024-07-16,3.035
2024-07-17,3.05
2024-07-18,3.058
2024-07-19,3.074
2024-07-22,3.071
2024-07-23,3.084
2024-07-24,3.046
2024-07-25,3.024
2024-07-26,3.024
2024-07-29,2.978
2024-07-30,2.994
2024-07-31,3.004
2024-08-01,2.976
2024-08-02,2.939
2024-08-05,2.806
2024-08-06,2.935
2024-08-07,2.929
2024-08-08,2.911
2024-08-09,2.941
2024-08-12,2.946
2024-08-13,2.918
2024-08-14,2.888
2024-08-16,2.928
2024-08-19,2.927
2024-08-20,2.944
2024-08-21,2.94
2024-08-22,2.907
2024-08-23,2.92
2024-08-26,2.89
2024-08-27,2.94
2024-08-28,2.919
2024-08-29,2.939
2024-08-30,2.953
2024-09-02,2.989
2024-09-03,2.981
2024-09-04,2.931
2024-09-05,2.905
2024-09-06,2.881
2024-09-09,2.897
2024-09-10,2.877
2024-09-11,2.82
2024-09-12,2.866
2024-09-13,2.822
2024-09-19,2.843
2024-09-20,2.838
2024-09-23,2.864
2024-09-24,2.854
2024-09-25,2.812
2024-09-26,2.807
2024-09-27,2.826
2024-09-30,2.811
2024-10-02,2.78
2024-10-04,2.824
2024-10-07,2.96
2024-10-08,2.932
2024-10-10,2.962
2024-10-11,2.947
2024-10-14,2.938
2024-10-15,2.906
2024-10-16,2.88
2024-10-17,2.897
2024-10-18,2.908
2024-10-21,2.902
2024-10-22,2.943
2024-10-23,2.936
2024-10-24,2.891
2024-10-25,2.882
2024-10-28,2.932
2024-10-29,2.936
2024-10-30,2.937
2024-10-31,2.936
2024-11-01,2.939
2024-11-04,2.935
2024-11-05,2.918
2024-11-06,2.96
2024-11-07,2.922
2024-11-08,2.889
2024-11-11,2.901
2024-11-12,2.9
2024-11-13,2.939
2024-11-14,2.929
2024-11-15,2.941
2024-11-18,2.915
2024-11-19,2.889
2024-11-20,2.873
2024-11-21,2.829
2024-11-22,2.816
2024-11-25,2.773
2024-11-26,2.773
2024-11-27,2.741
2024-11-28,2.638
2024-11-29,2.607
2024-12-02,2.567
2024-12-03,2.585
2024-12-04,2.626
2024-12-05,2.603
2024-12-06,2.62
2024-12-09,2.579
2024-12-10,2.524
2024-12-11,2.536
2024-12-12,2.549
2024-12-13,2.541
2024-12-16,2.553
2024-12-17,2.621
2024-12-18,2.536
2024-12-19,2.603
2024-12-20,2.629
2024-12-23,2.616
2024-12-24,2.626
2024-12-26,2.648
2024-12-27,2.634
2024-12-30,2.597
2024-12-31,2.596
2025-01-02,2.507
2025-01-03,2.482
2025-01-06,2.524
2025-01-07,2.508
2025-01-08,2.505
2025-01-09,2.5
2025-01-10,2.561
2025-01-13,2.664
2025-01-14,2.646
2025-01-15,2.675
2025-01-16,2.626
2025-01-17,2.588
2025-01-20,2.623
2025-01-21,2.579
2025-01-22,2.577
2025-01-23,2.578
2025-01-24,2.57
2025-01-31,2.573
2025-02-03,2.572
2025-02-04,2.584
2025-02-05,2.578
2025-02-06,2.582
2025-02-07,2.635
2025-02-10,2.638
2025-02-11,2.633
2025-02-12,2.651
2025-02-13,2.631
2025-02-14,2.611
2025-02-17,2.623
2025-02-18,2.641
2025-02-19,2.63
2025-02-20,2.628
2025-02-21,2.618
2025-02-24,2.61
2025-02-25,2.596
2025-02-26,2.591
2025-02-27,2.592
2025-02-28,2.566
2025-03-04,2.541
2025-03-05,2.565
2025-03-06,2.594
2025-03-07,2.565
2025-03-10,2.596
2025-03-11,2.56
2025-03-12,2.55
2025-03-13,2.57
2025-03-14,2.596
2025-03-17,2.601
2025-03-18,2.598
2025-03-19,2.621
2025-03-20,2.598
2025-03-21,2.597
2025-03-24,2.604
2025-03-25,2.612
2025-03-26,2.618
2025-03-27,2.622
2025-03-28,2.629
2025-03-31,2.569
2025-04-01,2.581
2025-04-02,2.584
2025-04-03,2.529
2025-04-04,2.461
2025-04-07,2.405
2025-04-08,2.413
2025-04-09,2.434
2025-04-10,2.437
2025-04-11,2.411
2025-04-14,2.408
2025-04-15,2.399
2025-04-16,2.351
2025-04-17,2.385
2025-04-18,2.362
2025-04-21,2.331
2025-04-22,2.33
2025-04-23,2.337
2025-04-24,2.341
2025-04-25,2.305
2025-04-28,2.316
2025-04-29,2.31
2025-04-30,2.267
2025-05-02,2.282
2025-05-07,2.253
2025-05-08,2.281
2025-05-09,2.331
2025-05-12,2.33
2025-05-13,2.37
2025-05-14,2.351
2025-05-15,2.362
2025-05-16,2.319
2025-05-19,2.366
2025-05-20,2.33
2025-05-21,2.345
2025-05-22,2.336
2025-05-23,2.338
2025-05-26,2.348
2025-05-27,2.34
2025-05-28,2.314
2025-05-29,2.341
2025-05-30,2.347
2025-06-02,2.34
2025-06-04,2.414
2025-06-05,2.412
2025-06-09,2.405
2025-06-10,2.385
2025-06-11,2.419
2025-06-12,2.429
2025-06-13,2.462
2025-06-16,2.483
2025-06-17,2.448
2025-06-18,2.472
2025-06-19,2.475
2025-06-20,2.463
2025-06-23,2.498
2025-06-24,2.461
2025-06-25,2.46
2025-06-26,2.454
2025-06-27,2.453
2025-06-30,2.452
2025-07-01,2.454
2025-07-02,2.483
2025-07-03,2.449
2025-07-04,2.467
2025-07-07,2.482
2025-07-08,2.477
2025-07-09,2.478
2025-07-10,2.433
2025-07-11,2.448
2025-07-14,2.474
2025-07-15,2.463
2025-07-16,2.459
2025-07-17,2.479
2025-07-18,2.474
2025-07-21,2.456
2025-07-22,2.463
2025-07-23,2.458
2025-07-24,2.467
2025-07-25,2.485
2025-07-28,2.464
2025-07-29,2.46
2025-07-30,2.454
2025-07-31,2.46
2025-08-01,2.478
2025-08-04,2.421
2025-08-05,2.425
2025-08-06,2.43
2025-08-07,2.408
2025-08-08,2.409
2025-08-11,2.42
2025-08-12,2.431
2025-08-13,2.417
2025-08-14,2.404
2025-08-18,2.426
2025-08-19,2.444
2025-08-20,2.441
2025-08-21,2.438
2025-08-22,2.456
2025-08-25,2.434
2025-08-26,2.422
2025-08-27,2.402
2025-08-28,2.416
2025-08-29,2.426
2025-09-01,2.435
2025-09-02,2.45
2025-09-03,2.475
2025-09-04,2.472
2025-09-05,2.46
2025-09-08,2.448
2025-09-09,2.425
2025-09-10,2.43
2025-09-11,2.42
2025-09-12,2.431
2025-09-15,2.443
2025-09-16,2.417
2025-09-17,2.418
2025-09-18,2.403
2025-09-19,2.441
2025-09-22,2.459
2025-09-23,2.46
2025-09-24,2.489
2025-09-25,2.528
2025-09-26,2.562
2025-09-29,2.563
2025-09-30,2.582
2025-10-01,2.596
2025-10-02,2.581
2025-10-10,2.591
2025-10-13,2.554
2025-10-14,2.533
2025-10-15,2.52
2025-10-16,2.569
2025-10-17,2.555
2025-10-20,2.569
2025-10-21,2.6
2025-10-22,2.572
2025-10-23,2.605
2025-10-24,2.591
2025-10-27,2.62
2025-10-28,2.633
2025-10-29,2.677
2025-10-30,2.732
2025-10-31,2.716
2025-11-03,2.741
2025-11-04,2.729
2025-11-05,2.767
2025-11-06,2.834
2025-11-07,2.894
2025-11-10,2.865
2025-11-11,2.831
2025-11-12,2.923
2025-11-13,2.932
2025-11-14,2.944
2025-11-17,2.914
2025-11-18,2.872
2025-11-19,2.869
2025-11-20,2.908
2025-11-21,2.872
2025-11-24,2.904
2025-11-25,2.902
2025-11-26,2.895
2025-11-27,3.013
2025-11-28,2.991
2025-12-01,3.045
2025-12-02,3.022
2025-12-03,3.041
2025-12-04,3.025
2025-12-05,2.994
2025-12-08,3.034
2025-12-09,3.084
2025-12-10,3.095
2025-12-11,3.101
2025-12-12,3.093
2025-12-15,3.0
2025-12-16,2.999
2025-12-17,2.996
2025-12-18,2.967
2025-12-19,3.01
2025-12-22,2.999
2025-12-23,2.963
2025-12-24,2.939
2025-12-26,2.958
2025-12-29,2.939
2025-12-30,2.952
2025-12-31,2.953
2026-01-02,2.935
2026-01-05,2.933
2026-01-06,2.948
2026-01-07,2.91
2026-01-08,2.902
2026-01-09,2.942
2026-01-12,2.98
2026-01-13,3.003
2026-01-14,2.996
2026-01-15,3.09
2026-01-16,3.08
2026-01-19,3.13
2026-01-20,3.191
2026-01-21,3.138
2026-01-22,3.109
2026-01-23,3.137
2026-01-26,3.096
2026-01-27,3.094
2026-01-28,3.067
2026-01-29,3.106
2026-01-30,3.138
2026-02-02,3.152
2026-02-03,3.189
2026-02-04,3.212
2026-02-05,3.204
2026-02-06,3.233
2026-02-09,3.267
2026-02-10,3.224
2026-02-11,3.2
2026-02-12,3.154
2026-02-13,3.142
2026-02-19,3.178
2026-02-20,3.143
2026-02-23,3.154
2026-02-24,3.158
2026-02-25,3.124
2026-02-26,3.062
2026-02-27,3.041
2026-03-03,3.18
2026-03-04,3.223
2026-03-05,3.189
2026-03-06,3.227
2026-03-09,3.42
2026-03-10,3.283
2026-03-11,3.253
2026-03-12,3.271
2026-03-13,3.338
2026-03-16,3.3
2026-03-17,3.324
2026-03-18,3.261
2026-03-19,3.329
2026-03-20,3.41
2026-03-23,3.617
2026-03-24,3.523
2026-03-25,3.558
2026-03-26,3.552
2026-03-27,3.582
2026-03-30,3.542
2026-03-31,3.552
2026-04-01,3.37
2026-04-02,3.477
2026-04-03,3.448
2026-04-06,3.432
2026-04-07,3.451
2026-04-08,3.315
2026-04-09,3.338
2026-04-10,3.36
2026-04-13,3.382
2026-04-14,3.339
2026-04-15,3.328
2026-04-16,3.34
2026-04-17,3.371
2026-04-20,3.348
