date,CREDIT_SPREAD
2015-01-02,0.18500000000000005
2015-01-05,0.19200000000000017
2015-01-06,0.21099999999999985
2015-01-07,0.20399999999999974
2015-01-08,0.19799999999999995
2015-01-09,0.21399999999999997
2015-01-12,0.254
2015-01-13,0.23599999999999977
2015-01-14,0.2859999999999998
2015-01-15,0.21599999999999975
2015-01-16,0.2280000000000002
2015-01-19,0.2020000000000004
2015-01-20,0.20900000000000007
2015-01-21,0.19500000000000028
2015-01-22,0.17700000000000005
2015-01-23,0.21300000000000008
2015-01-26,0.2160000000000002
2015-01-27,0.2110000000000003
2015-01-28,0.2360000000000002
2015-01-29,0.24200000000000021
2015-01-30,0.27000000000000024
2015-02-02,0.2550000000000001
2015-02-03,0.30500000000000016
2015-02-04,0.27900000000000014
2015-02-05,0.2650000000000001
2015-02-06,0.27800000000000025
2015-02-09,0.2630000000000001
2015-02-10,0.18400000000000016
2015-02-11,0.18900000000000006
2015-02-12,0.16500000000000004
2015-02-13,0.1900000000000004
2015-02-16,0.14900000000000002
2015-02-17,0.1860000000000004
2015-02-23,0.17900000000000027
2015-02-24,0.17700000000000005
2015-02-25,0.2030000000000003
2015-02-26,0.20000000000000018
2015-02-27,0.2060000000000004
2015-03-02,0.2400000000000002
2015-03-03,0.2500000000000002
2015-03-04,0.22999999999999998
2015-03-05,0.21199999999999997
2015-03-06,0.2370000000000001
2015-03-09,0.246
2015-03-10,0.2230000000000001
2015-03-11,0.2330000000000001
2015-03-12,0.02400000000000002
2015-03-13,0.040999999999999925
2015-03-16,0.053999999999999826
2015-03-17,0.03799999999999981
2015-03-18,0.040999999999999925
2015-03-19,0.06499999999999995
2015-03-20,0.09299999999999997
2015-03-23,0.09699999999999998
2015-03-24,0.09499999999999997
2015-03-25,0.10499999999999998
2015-03-26,0.11099999999999999
2015-03-27,0.11999999999999988
2015-03-30,0.1419999999999999
2015-03-31,0.16899999999999982
2015-04-01,0.16999999999999993
2015-04-02,0.16899999999999982
2015-04-03,0.17599999999999993
2015-04-06,0.17599999999999993
2015-04-07,0.16899999999999982
2015-04-08,0.1529999999999998
2015-04-09,0.18199999999999994
2015-04-10,0.16599999999999993
2015-04-13,0.1479999999999999
2015-04-14,0.1489999999999998
2015-04-15,0.1589999999999998
2015-04-16,0.15599999999999992
2015-04-17,0.18899999999999983
2015-04-20,0.18699999999999983
2015-04-21,0.16999999999999993
2015-04-22,0.16999999999999993
2015-04-23,0.1349999999999998
2015-04-24,0.10899999999999999
2015-04-27,0.09399999999999986
2015-04-28,0.050999999999999934
2015-04-29,0.03799999999999981
2015-04-30,0.03699999999999992
2015-05-04,-0.016000000000000014
2015-05-06,-0.08900000000000019
2015-05-07,-0.08600000000000008
2015-05-08,-0.017999999999999794
2015-05-11,-0.005999999999999783
2015-05-12,-0.07199999999999984
2015-05-13,0.006000000000000005
2015-05-14,0.013000000000000123
2015-05-15,-0.010999999999999899
2015-05-18,-0.018999999999999906
2015-05-19,-0.03299999999999992
2015-05-20,-0.007999999999999785
2015-05-21,-0.009999999999999787
2015-05-22,-0.0009999999999998899
2015-05-26,0.02400000000000002
2015-05-27,0.061000000000000165
2015-05-28,0.07200000000000006
2015-05-29,0.125
2015-06-01,0.12400000000000011
2015-06-02,0.13400000000000012
2015-06-03,0.1030000000000002
2015-06-04,0.0930000000000002
2015-06-05,0.119
2015-06-08,0.131
2015-06-09,0.127
2015-06-10,0.08700000000000019
2015-06-11,-0.17699999999999982
2015-06-12,-0.1419999999999999
2015-06-15,-0.13400000000000012
2015-06-16,-0.13600000000000012
2015-06-17,-0.17000000000000015
2015-06-18,-0.14800000000000013
2015-06-19,-0.14000000000000012
2015-06-22,-0.14700000000000002
2015-06-23,-0.14500000000000002
2015-06-24,-0.14600000000000013
2015-06-25,-0.12400000000000011
2015-06-26,-0.1280000000000001
2015-06-29,-0.09299999999999997
2015-06-30,-0.09299999999999997
2015-07-01,-0.10499999999999998
2015-07-02,-0.1280000000000001
2015-07-03,-0.1260000000000001
2015-07-06,-0.129
2015-07-07,-0.125
2015-07-08,-0.10699999999999998
2015-07-09,-0.10200000000000009
2015-07-10,-0.1060000000000001
2015-07-13,-0.10400000000000009
2015-07-14,-0.09600000000000009
2015-07-15,-0.09499999999999997
2015-07-16,-0.08899999999999997
2015-07-17,-0.08400000000000007
2015-07-20,-0.07499999999999996
2015-07-21,-0.07099999999999995
2015-07-22,-0.049000000000000155
2015-07-23,-0.016000000000000014
2015-07-24,-0.006000000000000005
2015-07-27,-0.0030000000000001137
2015-07-28,-0.03100000000000014
2015-07-29,-0.016000000000000014
2015-07-30,-0.03500000000000014
2015-07-31,-0.06800000000000006
2015-08-03,-0.06000000000000005
2015-08-04,-0.07400000000000007
2015-08-05,-0.09200000000000008
2015-08-06,-0.08600000000000008
2015-08-07,-0.08299999999999996
2015-08-10,-0.07299999999999995
2015-08-11,-0.04700000000000015
2015-08-12,-0.015000000000000124
2015-08-13,-0.039000000000000146
2015-08-17,-0.03300000000000014
2015-08-18,-0.026000000000000023
2015-08-19,-0.040000000000000036
2015-08-20,-0.02400000000000002
2015-08-21,-0.019000000000000128
2015-08-24,0.006999999999999895
2015-08-25,-0.008000000000000007
2015-08-26,-0.019000000000000128
2015-08-27,-0.0050000000000001155
2015-08-28,-0.018000000000000016
2015-08-31,-0.03500000000000014
2015-09-01,-0.025000000000000133
2015-09-02,0.0040000000000000036
2015-09-03,0.016000000000000014
2015-09-04,0.04499999999999993
2015-09-07,0.038999999999999924
2015-09-08,0.01200000000000001
2015-09-09,0.0
2015-09-10,0.030000000000000027
2015-09-11,0.02499999999999991
2015-09-14,0.0129999999999999
2015-09-15,0.026999999999999913
2015-09-16,0.010000000000000009
2015-09-17,-0.0030000000000001137
2015-09-18,0.04499999999999993
2015-09-21,0.06299999999999994
2015-09-22,0.05599999999999983
2015-09-23,0.07099999999999995
2015-09-24,0.06000000000000005
2015-09-25,0.07499999999999996
2015-09-30,0.12199999999999989
2015-10-01,0.09399999999999986
2015-10-02,0.10599999999999987
2015-10-05,0.11299999999999999
2015-10-06,0.09899999999999998
2015-10-07,0.07599999999999985
2015-10-08,0.07499999999999996
2015-10-12,0.04400000000000004
2015-10-13,0.052000000000000046
2015-10-14,0.03299999999999992
2015-10-15,0.06699999999999995
2015-10-16,0.06799999999999984
2015-10-19,0.06799999999999984
2015-10-20,0.06000000000000005
2015-10-21,0.06099999999999994
2015-10-22,0.05600000000000005
2015-10-23,0.06000000000000005
2015-10-26,0.07499999999999996
2015-10-27,0.09000000000000008
2015-10-28,0.09400000000000008
2015-10-29,0.07899999999999996
2015-10-30,0.06299999999999994
2015-11-02,0.062000000000000055
2015-11-03,0.05499999999999994
2015-11-04,0.052999999999999936
2015-11-05,0.038999999999999924
2015-11-06,0.0009999999999998899
2015-11-09,-0.07299999999999995
2015-11-10,-0.050999999999999934
2015-11-11,-0.06800000000000006
2015-11-12,-0.05699999999999994
2015-11-13,-0.04800000000000004
2015-11-16,-0.019000000000000128
2015-11-17,-0.028000000000000025
2015-11-18,-0.02200000000000002
2015-11-19,0.0040000000000000036
2015-11-20,-0.02200000000000002
2015-11-23,-0.020999999999999908
2015-11-24,-0.016999999999999904
2015-11-25,-0.008999999999999897
2015-11-26,-0.008000000000000007
2015-11-27,0.01200000000000001
2015-11-30,0.04500000000000015
2015-12-01,0.07800000000000007
2015-12-02,0.09800000000000009
2015-12-03,0.11500000000000021
2015-12-04,0.09899999999999998
2015-12-07,0.10299999999999998
2015-12-08,0.137
2015-12-09,0.1379999999999999
2015-12-10,0.1549999999999998
2015-12-11,0.1519999999999999
2015-12-14,0.17799999999999994
2015-12-15,0.17699999999999982
2015-12-16,0.16199999999999992
2015-12-17,0.18399999999999994
2015-12-18,0.22699999999999987
2015-12-21,0.262
2015-12-22,0.248
2015-12-23,0.252
2015-12-24,0.258
2015-12-28,0.24299999999999988
2015-12-29,0.2649999999999999
2015-12-30,0.258
2015-12-31,0.258
2016-01-04,0.256
2016-01-05,0.2270000000000001
2016-01-06,0.21100000000000008
2016-01-07,0.20100000000000007
2016-01-08,0.16500000000000004
2016-01-11,0.18500000000000005
2016-01-12,0.18200000000000016
2016-01-13,0.18700000000000006
2016-01-14,0.17200000000000015
2016-01-15,0.17200000000000015
2016-01-18,0.17400000000000015
2016-01-19,0.17600000000000016
2016-01-20,0.20300000000000007
2016-01-21,0.20900000000000007
2016-01-22,0.19900000000000007
2016-01-25,0.19900000000000007
2016-01-26,0.22100000000000009
2016-01-27,0.21599999999999997
2016-01-28,0.19199999999999995
2016-01-29,0.246
2016-02-01,0.28500000000000014
2016-02-02,0.29400000000000004
2016-02-03,0.31400000000000006
2016-02-04,0.31600000000000006
2016-02-05,0.30400000000000005
2016-02-11,0.3500000000000001
2016-02-12,0.31499999999999995
2016-02-15,0.28600000000000003
2016-02-16,0.32899999999999996
2016-02-17,0.31499999999999995
2016-02-18,0.2889999999999999
2016-02-19,0.262
2016-02-22,0.25
2016-02-23,0.23899999999999988
2016-02-24,0.2509999999999999
2016-02-25,0.256
2016-02-26,0.268
2016-02-29,0.266
2016-03-02,0.2509999999999999
2016-03-03,0.21599999999999997
2016-03-04,0.19799999999999995
2016-03-07,0.21799999999999997
2016-03-08,0.22899999999999987
2016-03-09,0.24
2016-03-10,0.20999999999999996
2016-03-11,0.15999999999999992
2016-03-14,0.17799999999999994
2016-03-15,0.17700000000000005
2016-03-16,0.16799999999999993
2016-03-17,0.19500000000000006
2016-03-18,0.21099999999999985
2016-03-21,0.21399999999999997
2016-03-22,0.19799999999999995
2016-03-23,0.19799999999999995
2016-03-24,0.20999999999999996
2016-03-25,0.21499999999999986
2016-03-28,0.23099999999999987
2016-03-29,0.2609999999999999
2016-03-30,0.26
2016-03-31,0.266
2016-04-01,0.262
2016-04-04,0.27
2016-04-05,0.2569999999999999
2016-04-06,0.252
2016-04-07,0.242
2016-04-08,0.2469999999999999
2016-04-11,0.244
2016-04-12,0.24499999999999988
2016-04-14,0.20799999999999996
2016-04-15,0.21599999999999997
2016-04-18,0.20300000000000007
2016-04-19,0.19900000000000007
2016-04-20,0.22599999999999998
2016-04-21,0.21699999999999986
2016-04-22,0.22799999999999998
2016-04-25,0.24499999999999988
2016-04-26,0.248
2016-04-27,0.244
2016-04-28,0.24
2016-04-29,0.23699999999999988
2016-05-02,0.22499999999999987
2016-05-03,0.24499999999999988
2016-05-04,0.256
2016-05-09,0.2769999999999999
2016-05-10,0.278
2016-05-11,0.2629999999999999
2016-05-12,0.258
2016-05-13,0.238
2016-05-16,0.23699999999999988
2016-05-17,0.22499999999999987
2016-05-18,0.20799999999999996
2016-05-19,0.18799999999999994
2016-05-20,0.20899999999999985
2016-05-23,0.21299999999999986
2016-05-24,0.236
2016-05-25,0.21899999999999986
2016-05-26,0.21199999999999997
2016-05-27,0.21199999999999997
2016-05-30,0.17700000000000005
2016-05-31,0.17399999999999993
2016-06-01,0.23199999999999998
2016-06-02,0.22699999999999987
2016-06-03,0.2469999999999999
2016-06-07,0.2649999999999999
2016-06-08,0.29200000000000004
2016-06-09,0.20500000000000007
2016-06-10,0.20799999999999996
2016-06-13,0.20900000000000007
2016-06-14,0.18300000000000005
2016-06-15,0.18100000000000005
2016-06-16,0.20199999999999996
2016-06-17,0.18599999999999994
2016-06-20,0.16100000000000003
2016-06-21,0.17700000000000005
2016-06-22,0.16500000000000004
2016-06-23,0.18300000000000005
2016-06-24,0.2709999999999999
2016-06-27,0.28400000000000003
2016-06-28,0.272
2016-06-29,0.28200000000000003
2016-06-30,0.2729999999999999
2016-07-01,0.31000000000000005
2016-07-04,0.29600000000000004
2016-07-05,0.30299999999999994
2016-07-06,0.31699999999999995
2016-07-07,0.31200000000000006
2016-07-08,0.30400000000000005
2016-07-11,0.30699999999999994
2016-07-12,0.30299999999999994
2016-07-13,0.30899999999999994
2016-07-14,0.31499999999999995
2016-07-15,0.29899999999999993
2016-07-18,0.2909999999999999
2016-07-19,0.2929999999999999
2016-07-20,0.29899999999999993
2016-07-21,0.2869999999999999
2016-07-22,0.2929999999999999
2016-07-25,0.29499999999999993
2016-07-26,0.30000000000000004
2016-07-27,0.29800000000000004
2016-07-28,0.31699999999999995
2016-07-29,0.30400000000000005
2016-08-01,0.30800000000000005
2016-08-02,0.30800000000000005
2016-08-03,0.2729999999999999
2016-08-04,0.28200000000000003
2016-08-05,0.29499999999999993
2016-08-08,0.274
2016-08-09,0.2629999999999999
2016-08-10,0.29499999999999993
2016-08-11,0.28800000000000003
2016-08-12,0.28
2016-08-16,0.2909999999999999
2016-08-17,0.2769999999999999
2016-08-18,0.28200000000000003
2016-08-19,0.2789999999999999
2016-08-22,0.278
2016-08-23,0.28200000000000003
2016-08-24,0.2809999999999999
2016-08-25,0.274
2016-08-26,0.2689999999999999
2016-08-29,0.238
2016-08-30,0.2270000000000001
2016-08-31,0.20199999999999996
2016-09-01,0.17700000000000005
2016-09-02,0.18399999999999994
2016-09-05,0.20300000000000007
2016-09-06,0.20999999999999996
2016-09-07,0.23199999999999998
2016-09-08,0.22199999999999998
2016-09-09,0.18199999999999994
2016-09-12,0.15399999999999991
2016-09-13,0.1499999999999999
2016-09-19,0.15500000000000003
2016-09-20,0.16399999999999992
2016-09-21,0.17300000000000004
2016-09-22,0.20399999999999996
2016-09-23,0.19700000000000006
2016-09-26,0.19199999999999995
2016-09-27,0.19500000000000006
2016-09-28,0.19599999999999995
2016-09-29,0.20300000000000007
2016-09-30,0.2529999999999999
2016-10-04,0.22399999999999998
2016-10-05,0.18399999999999994
2016-10-06,0.17900000000000005
2016-10-07,0.17399999999999993
2016-10-10,0.16500000000000004
2016-10-11,0.127
2016-10-12,0.14700000000000002
2016-10-13,0.17700000000000005
2016-10-14,0.18100000000000005
2016-10-17,0.1499999999999999
2016-10-18,0.14700000000000002
2016-10-19,0.1479999999999999
2016-10-20,0.1459999999999999
2016-10-21,0.119
2016-10-24,0.11499999999999999
2016-10-25,0.10200000000000009
2016-10-26,0.09499999999999997
2016-10-27,0.08200000000000007
2016-10-28,0.062000000000000055
2016-10-31,0.07200000000000006
2016-11-01,0.05899999999999994
2016-11-02,0.07400000000000007
2016-11-03,0.08200000000000007
2016-11-04,0.07899999999999996
2016-11-07,0.08400000000000007
2016-11-08,0.08499999999999996
2016-11-09,0.1080000000000001
2016-11-10,0.04499999999999993
2016-11-11,0.0020000000000000018
2016-11-14,-0.10000000000000009
2016-11-15,-0.125
2016-11-16,-0.17900000000000005
2016-11-17,-0.19300000000000006
2016-11-18,-0.20599999999999996
2016-11-21,-0.18500000000000005
2016-11-22,-0.18500000000000005
2016-11-23,-0.22499999999999987
2016-11-24,-0.2609999999999999
2016-11-25,-0.2609999999999999
2016-11-28,-0.21399999999999997
2016-11-29,-0.15900000000000003
2016-11-30,-0.15999999999999992
2016-12-01,-0.17599999999999993
2016-12-02,-0.19500000000000006
2016-12-05,-0.14700000000000002
2016-12-06,-0.137
2016-12-07,-0.11599999999999988
2016-12-08,-0.08400000000000007
2016-12-09,-0.0950000000000002
2016-12-12,-0.08400000000000007
2016-12-13,-0.016000000000000014
2016-12-14,0.016000000000000014
2016-12-15,-0.037000000000000144
2016-12-16,-0.028000000000000025
2016-12-19,-0.02400000000000002
2016-12-20,-0.03400000000000003
2016-12-21,-0.007000000000000117
2016-12-22,0.02299999999999991
2016-12-23,0.02499999999999991
2016-12-26,0.030999999999999917
2016-12-27,0.04600000000000004
2016-12-28,0.05699999999999994
2016-12-29,0.062000000000000055
2016-12-30,0.07200000000000006
2017-01-02,0.07200000000000006
2017-01-03,0.09299999999999997
2017-01-04,0.07000000000000006
2017-01-05,0.08299999999999996
2017-01-06,0.05400000000000005
2017-01-09,0.016999999999999904
2017-01-10,0.03299999999999992
2017-01-11,0.016999999999999904
2017-01-12,0.04599999999999982
2017-01-13,0.03499999999999992
2017-01-16,0.026999999999999913
2017-01-17,0.03200000000000003
2017-01-18,0.010999999999999899
2017-01-19,-0.017000000000000126
2017-01-20,0.004999999999999893
2017-01-23,0.010000000000000009
2017-01-24,0.02200000000000002
2017-01-25,0.0029999999999998916
2017-01-26,-0.037000000000000144
2017-01-31,-0.025000000000000133
2017-02-01,-0.03500000000000014
2017-02-02,-0.02400000000000002
2017-02-03,-0.03500000000000014
2017-02-06,-0.01200000000000001
2017-02-07,0.008999999999999897
2017-02-08,-0.0020000000000000018
2017-02-09,0.0020000000000000018
2017-02-10,-0.018000000000000016
2017-02-13,-0.013000000000000123
2017-02-14,-0.013000000000000123
2017-02-15,-0.02100000000000013
2017-02-16,-0.016000000000000014
2017-02-17,-0.015000000000000124
2017-02-20,-0.030000000000000027
2017-02-21,-0.03100000000000014
2017-02-22,-0.050000000000000044
2017-02-23,-0.03600000000000003
2017-02-24,-0.026000000000000023
2017-02-27,-0.02300000000000013
2017-02-28,-0.030000000000000027
2017-03-02,-0.07300000000000018
2017-03-03,-0.07300000000000018
2017-03-06,-0.1060000000000001
2017-03-07,-0.14400000000000013
2017-03-08,-0.14400000000000013
2017-03-09,-0.14900000000000002
2017-03-10,-0.14000000000000012
2017-03-13,-0.125
2017-03-14,-0.1180000000000001
2017-03-15,-0.119
2017-03-16,-0.05500000000000016
2017-03-17,-0.03500000000000014
2017-03-20,-0.040000000000000036
2017-03-21,-0.040000000000000036
2017-03-22,-0.03300000000000014
2017-03-23,-0.03600000000000003
2017-03-24,-0.04800000000000004
2017-03-27,-0.020000000000000018
2017-03-28,-0.027000000000000135
2017-03-29,-0.02300000000000013
2017-03-30,-0.03500000000000014
2017-03-31,-0.03200000000000003
2017-04-03,-0.038000000000000034
2017-04-04,-0.016000000000000014
2017-04-05,-0.02400000000000002
2017-04-06,-0.049000000000000155
2017-04-07,-0.051000000000000156
2017-04-10,-0.09200000000000008
2017-04-11,-0.06300000000000017
2017-04-12,-0.05600000000000005
2017-04-13,-0.04400000000000004
2017-04-14,-0.04700000000000015
2017-04-17,-0.04300000000000015
2017-04-18,-0.04600000000000004
2017-04-19,-0.040000000000000036
2017-04-20,-0.04400000000000004
2017-04-21,-0.05400000000000005
2017-04-24,-0.07100000000000017
2017-04-25,-0.04700000000000015
2017-04-26,-0.052000000000000046
2017-04-27,-0.04300000000000015
2017-04-28,-0.04500000000000015
2017-05-02,-0.06000000000000005
2017-05-04,-0.051000000000000156
2017-05-08,-0.07700000000000018
2017-05-10,-0.1030000000000002
2017-05-11,-0.0970000000000002
2017-05-12,-0.08000000000000007
2017-05-15,-0.08000000000000007
2017-05-16,-0.08700000000000019
2017-05-17,-0.05400000000000005
2017-05-18,-0.05300000000000016
2017-05-19,-0.04100000000000015
2017-05-22,-0.05500000000000016
2017-05-23,-0.04600000000000004
2017-05-24,-0.061000000000000165
2017-05-25,-0.06099999999999994
2017-05-26,-0.06699999999999995
2017-05-29,-0.06199999999999983
2017-05-30,-0.05799999999999983
2017-05-31,-0.06099999999999994
2017-06-01,-0.04499999999999993
2017-06-02,-0.029999999999999805
2017-06-05,-0.02299999999999991
2017-06-07,-0.020999999999999908
2017-06-08,-0.03699999999999992
2017-06-09,-0.031999999999999806
2017-06-12,-0.09699999999999998
2017-06-13,-0.06099999999999994
2017-06-14,-0.08099999999999996
2017-06-15,-0.08199999999999985
2017-06-16,-0.09499999999999997
2017-06-19,-0.08299999999999996
2017-06-20,-0.08499999999999996
2017-06-21,-0.09199999999999986
2017-06-22,-0.10099999999999998
2017-06-23,-0.08799999999999986
2017-06-26,-0.08599999999999985
2017-06-27,-0.08099999999999996
2017-06-28,-0.11099999999999999
2017-06-29,-0.09999999999999987
2017-06-30,-0.09799999999999986
2017-07-03,-0.11599999999999988
2017-07-04,-0.1399999999999999
2017-07-05,-0.14500000000000002
2017-07-06,-0.1499999999999999
2017-07-07,-0.18099999999999983
2017-07-10,-0.15599999999999992
2017-07-11,-0.16199999999999992
2017-07-12,-0.16199999999999992
2017-07-13,-0.15500000000000003
2017-07-14,-0.15999999999999992
2017-07-17,-0.16399999999999992
2017-07-18,-0.15599999999999992
2017-07-19,-0.15700000000000003
2017-07-20,-0.1499999999999999
2017-07-21,-0.131
2017-07-24,-0.1299999999999999
2017-07-25,-0.119
2017-07-26,-0.139
2017-07-27,-0.12199999999999989
2017-07-28,-0.133
2017-07-31,-0.1339999999999999
2017-08-01,-0.14300000000000002
2017-08-02,-0.1399999999999999
2017-08-03,-0.14700000000000002
2017-08-04,-0.1519999999999999
2017-08-07,-0.18199999999999994
2017-08-08,-0.21499999999999986
2017-08-09,-0.24299999999999988
2017-08-10,-0.23399999999999999
2017-08-11,-0.21399999999999997
2017-08-14,-0.21199999999999997
2017-08-16,-0.23099999999999987
2017-08-17,-0.21099999999999985
2017-08-18,-0.18699999999999983
2017-08-21,-0.19399999999999995
2017-08-22,-0.21299999999999986
2017-08-23,-0.20699999999999985
2017-08-24,-0.21099999999999985
2017-08-25,-0.1649999999999998
2017-08-28,-0.16799999999999993
2017-08-29,-0.18199999999999994
2017-08-30,-0.16199999999999992
2017-08-31,-0.15700000000000003
2017-09-01,-0.15700000000000003
2017-09-04,-0.19199999999999995
2017-09-05,-0.18999999999999995
2017-09-06,-0.18499999999999983
2017-09-07,-0.19199999999999995
2017-09-08,-0.16799999999999993
2017-09-11,-0.16699999999999982
2017-09-12,-0.1629999999999998
2017-09-13,-0.1519999999999999
2017-09-14,-0.1519999999999999
2017-09-15,-0.14900000000000002
2017-09-18,-0.1519999999999999
2017-09-19,-0.18899999999999983
2017-09-20,-0.18499999999999983
2017-09-21,-0.19099999999999984
2017-09-22,-0.18499999999999983
2017-09-25,-0.19599999999999995
2017-09-26,-0.242
2017-09-27,-0.29699999999999993
2017-09-28,-0.2979999999999998
2017-09-29,-0.2979999999999998
2017-10-10,-0.34799999999999986
2017-10-11,-0.33899999999999997
2017-10-12,-0.30999999999999983
2017-10-13,-0.32599999999999985
2017-10-16,-0.33699999999999997
2017-10-17,-0.357
2017-10-18,-0.345
2017-10-19,-0.4159999999999997
2017-10-20,-0.498
2017-10-23,-0.44199999999999995
2017-10-24,-0.46699999999999986
2017-10-25,-0.5039999999999998
2017-10-26,-0.5919999999999999
2017-10-27,-0.5740000000000001
2017-10-30,-0.5469999999999999
2017-10-31,-0.554
2017-11-01,-0.52
2017-11-02,-0.496
2017-11-03,-0.4930000000000001
2017-11-06,-0.5020000000000002
2017-11-07,-0.4730000000000001
2017-11-08,-0.47099999999999986
2017-11-09,-0.46699999999999986
2017-11-10,-0.4770000000000001
2017-11-13,-0.4900000000000002
2017-11-14,-0.5109999999999999
2017-11-15,-0.4770000000000001
2017-11-16,-0.47099999999999986
2017-11-17,-0.474
2017-11-20,-0.4560000000000002
2017-11-21,-0.43600000000000017
2017-11-22,-0.44999999999999996
2017-11-23,-0.4139999999999999
2017-11-24,-0.44900000000000007
2017-11-27,-0.403
2017-11-28,-0.3490000000000002
2017-11-29,-0.3420000000000001
2017-11-30,-0.28500000000000014
2017-12-01,-0.2809999999999999
2017-12-04,-0.28300000000000014
2017-12-05,-0.31200000000000006
2017-12-06,-0.28400000000000003
2017-12-07,-0.2939999999999998
2017-12-08,-0.2939999999999998
2017-12-11,-0.28700000000000014
2017-12-12,-0.2769999999999999
2017-12-13,-0.2779999999999998
2017-12-14,-0.28
2017-12-15,-0.2779999999999998
2017-12-18,-0.2899999999999998
2017-12-19,-0.29699999999999993
2017-12-20,-0.28700000000000014
2017-12-21,-0.2939999999999998
2017-12-22,-0.33099999999999974
2017-12-26,-0.32899999999999996
2017-12-27,-0.34999999999999987
2017-12-28,-0.33399999999999985
2017-12-29,-0.33499999999999974
2018-01-02,-0.3190000000000002
2018-01-03,-0.32699999999999974
2018-01-04,-0.34199999999999986
2018-01-05,-0.29900000000000015
2018-01-08,-0.33499999999999974
2018-01-09,-0.349
2018-01-10,-0.3720000000000001
2018-01-11,-0.3520000000000001
2018-01-12,-0.3739999999999999
2018-01-15,-0.4229999999999998
2018-01-16,-0.42500000000000004
2018-01-17,-0.4269999999999998
2018-01-18,-0.3720000000000001
2018-01-19,-0.3699999999999999
2018-01-22,-0.4029999999999998
2018-01-23,-0.3920000000000001
2018-01-24,-0.397
2018-01-25,-0.4149999999999998
2018-01-26,-0.42199999999999993
2018-01-29,-0.4810000000000001
2018-01-30,-0.5039999999999998
2018-01-31,-0.474
2018-02-01,-0.44900000000000007
2018-02-02,-0.44999999999999996
2018-02-05,-0.4869999999999999
2018-02-06,-0.45300000000000007
2018-02-07,-0.4480000000000002
2018-02-08,-0.47199999999999975
2018-02-09,-0.478
2018-02-12,-0.502
2018-02-13,-0.478
2018-02-14,-0.4650000000000001
2018-02-19,-0.502
2018-02-20,-0.5159999999999998
2018-02-21,-0.506
2018-02-22,-0.5029999999999999
2018-02-23,-0.4850000000000001
2018-02-26,-0.46299999999999986
2018-02-27,-0.45799999999999996
2018-02-28,-0.46599999999999997
2018-03-02,-0.49
2018-03-05,-0.5109999999999999
2018-03-06,-0.5119999999999998
2018-03-07,-0.4970000000000001
2018-03-08,-0.486
2018-03-09,-0.4930000000000001
2018-03-12,-0.5050000000000001
2018-03-13,-0.5010000000000001
2018-03-14,-0.474
2018-03-15,-0.46799999999999975
2018-03-16,-0.46599999999999975
2018-03-19,-0.46499999999999986
2018-03-20,-0.476
2018-03-21,-0.48099999999999987
2018-03-22,-0.4359999999999997
2018-03-23,-0.4029999999999998
2018-03-26,-0.42400000000000015
2018-03-27,-0.41200000000000014
2018-03-28,-0.4019999999999999
2018-03-29,-0.4069999999999998
2018-03-30,-0.39600000000000013
2018-04-02,-0.405
2018-04-03,-0.373
2018-04-04,-0.3480000000000001
2018-04-05,-0.35499999999999976
2018-04-06,-0.3360000000000001
2018-04-09,-0.34699999999999975
2018-04-10,-0.365
2018-04-11,-0.345
2018-04-12,-0.3360000000000001
2018-04-13,-0.33499999999999974
2018-04-16,-0.349
2018-04-17,-0.3579999999999999
2018-04-18,-0.3760000000000001
2018-04-19,-0.3749999999999998
2018-04-20,-0.3800000000000001
2018-04-23,-0.4149999999999998
2018-04-24,-0.4069999999999998
2018-04-25,-0.42599999999999993
2018-04-26,-0.4139999999999999
2018-04-27,-0.381
2018-04-30,-0.39600000000000013
2018-05-02,-0.41700000000000004
2018-05-03,-0.42599999999999993
2018-05-04,-0.45999999999999974
2018-05-08,-0.4909999999999999
2018-05-09,-0.4890000000000001
2018-05-10,-0.45599999999999974
2018-05-11,-0.46599999999999997
2018-05-14,-0.4890000000000001
2018-05-15,-0.49199999999999977
2018-05-16,-0.4650000000000001
2018-05-17,-0.44199999999999995
2018-05-18,-0.4109999999999998
2018-05-21,-0.4309999999999998
2018-05-23,-0.4149999999999998
2018-05-24,-0.3709999999999998
2018-05-25,-0.3779999999999999
2018-05-28,-0.3880000000000001
2018-05-29,-0.369
2018-05-30,-0.3720000000000001
2018-05-31,-0.3749999999999998
2018-06-01,-0.373
2018-06-04,-0.393
2018-06-05,-0.381
2018-06-07,-0.397
2018-06-08,-0.369
2018-06-11,-0.4029999999999998
2018-06-12,-0.4029999999999998
2018-06-14,-0.4069999999999998
2018-06-15,-0.3659999999999999
2018-06-18,-0.3579999999999999
2018-06-19,-0.3440000000000001
2018-06-20,-0.34299999999999975
2018-06-21,-0.32899999999999996
2018-06-22,-0.32699999999999974
2018-06-25,-0.32299999999999973
2018-06-26,-0.32800000000000007
2018-06-27,-0.3019999999999998
2018-06-28,-0.29500000000000015
2018-06-29,-0.3019999999999998
2018-07-02,-0.30300000000000016
2018-07-03,-0.31799999999999984
2018-07-04,-0.29600000000000004
2018-07-05,-0.2729999999999999
2018-07-06,-0.2809999999999999
2018-07-09,-0.28700000000000014
2018-07-10,-0.27500000000000013
2018-07-11,-0.23399999999999976
2018-07-12,-0.2699999999999998
2018-07-13,-0.2849999999999999
2018-07-16,-0.268
2018-07-17,-0.2739999999999998
2018-07-18,-0.2670000000000001
2018-07-19,-0.2689999999999999
2018-07-20,-0.2569999999999999
2018-07-23,-0.2569999999999999
2018-07-24,-0.272
2018-07-25,-0.2590000000000001
2018-07-26,-0.2510000000000001
2018-07-27,-0.29200000000000004
2018-07-30,-0.30800000000000005
2018-07-31,-0.30300000000000016
2018-08-01,-0.30400000000000005
2018-08-02,-0.2929999999999999
2018-08-03,-0.28800000000000003
2018-08-06,-0.2869999999999999
2018-08-07,-0.2719999999999998
2018-08-08,-0.2599999999999998
2018-08-09,-0.23999999999999977
2018-08-10,-0.22999999999999998
2018-08-13,-0.2410000000000001
2018-08-14,-0.2530000000000001
2018-08-16,-0.23999999999999977
2018-08-17,-0.18700000000000006
2018-08-20,-0.17500000000000004
2018-08-21,-0.10899999999999999
2018-08-22,-0.1519999999999999
2018-08-23,-0.15300000000000002
2018-08-24,-0.15300000000000002
2018-08-27,-0.15300000000000002
2018-08-28,-0.15500000000000003
2018-08-29,-0.14500000000000002
2018-08-30,-0.16999999999999993
2018-08-31,-0.10599999999999987
2018-09-03,-0.11199999999999988
2018-09-04,-0.10699999999999998
2018-09-05,-0.08999999999999986
2018-09-06,-0.10199999999999987
2018-09-07,-0.10899999999999999
2018-09-10,-0.10799999999999987
2018-09-11,-0.11299999999999999
2018-09-12,-0.08299999999999996
2018-09-13,-0.11099999999999999
2018-09-14,-0.1499999999999999
2018-09-17,-0.15700000000000003
2018-09-18,-0.16999999999999993
2018-09-19,-0.18599999999999994
2018-09-20,-0.2250000000000001
2018-09-21,-0.21199999999999974
2018-09-27,-0.18599999999999972
2018-09-28,-0.18499999999999983
2018-10-01,-0.20199999999999974
2018-10-02,-0.19500000000000006
2018-10-04,-0.24599999999999977
2018-10-05,-0.264
2018-10-08,-0.27100000000000013
2018-10-10,-0.2390000000000001
2018-10-11,-0.19199999999999995
2018-10-12,-0.22999999999999976
2018-10-15,-0.2310000000000001
2018-10-16,-0.22799999999999998
2018-10-17,-0.20300000000000007
2018-10-18,-0.16100000000000003
2018-10-19,-0.16900000000000004
2018-10-22,-0.18899999999999983
2018-10-23,-0.16900000000000004
2018-10-24,-0.18700000000000006
2018-10-25,-0.16199999999999992
2018-10-26,-0.1479999999999999
2018-10-29,-0.07399999999999984
2018-10-30,-0.11099999999999999
2018-10-31,-0.119
2018-11-01,-0.12199999999999989
2018-11-02,-0.16199999999999992
2018-11-05,-0.16199999999999992
2018-11-06,-0.16399999999999992
2018-11-07,-0.1439999999999999
2018-11-08,-0.1359999999999999
2018-11-09,-0.1299999999999999
2018-11-12,-0.11499999999999999
2018-11-13,-0.09999999999999987
2018-11-14,-0.08199999999999985
2018-11-15,-0.10299999999999998
2018-11-16,-0.10699999999999998
2018-11-19,-0.10199999999999987
2018-11-20,-0.09999999999999987
2018-11-21,-0.09599999999999986
2018-11-22,-0.08199999999999985
2018-11-23,-0.053999999999999826
2018-11-26,-0.053999999999999826
2018-11-27,-0.04799999999999982
2018-11-28,-0.05999999999999983
2018-11-29,-0.028999999999999915
2018-11-30,0.07299999999999995
2018-12-03,0.04600000000000004
2018-12-04,0.05600000000000005
2018-12-05,0.06899999999999995
2018-12-06,0.131
2018-12-07,0.1359999999999999
2018-12-10,0.16700000000000004
2018-12-11,0.17799999999999994
2018-12-12,0.16700000000000004
2018-12-13,0.17500000000000004
2018-12-14,0.18900000000000006
2018-12-17,0.17500000000000004
2018-12-18,0.17500000000000004
2018-12-19,0.18700000000000006
2018-12-20,0.16999999999999993
2018-12-21,0.1319999999999999
2018-12-24,0.12399999999999989
2018-12-26,0.16300000000000003
2018-12-27,0.15999999999999992
2018-12-28,0.15300000000000002
2018-12-31,0.15300000000000002
2019-01-02,0.16799999999999993
2019-01-03,0.17399999999999993
2019-01-04,0.17300000000000004
2019-01-07,0.16300000000000003
2019-01-08,0.15999999999999992
2019-01-09,0.16100000000000003
2019-01-10,0.17399999999999993
2019-01-11,0.16599999999999993
2019-01-14,0.17300000000000004
2019-01-15,0.17300000000000004
2019-01-16,0.16700000000000004
2019-01-17,0.17500000000000004
2019-01-18,0.15599999999999992
2019-01-21,0.14900000000000002
2019-01-22,0.16700000000000004
2019-01-23,0.16700000000000004
2019-01-24,0.15999999999999992
2019-01-25,0.15799999999999992
2019-01-28,0.1499999999999999
2019-01-29,0.14700000000000002
2019-01-30,0.14300000000000002
2019-01-31,0.16100000000000003
2019-02-01,0.16700000000000004
2019-02-07,0.16900000000000004
2019-02-08,0.18399999999999994
2019-02-11,0.18900000000000006
2019-02-12,0.17399999999999993
2019-02-13,0.16900000000000004
2019-02-14,0.17599999999999993
2019-02-15,0.19100000000000006
2019-02-18,0.16599999999999993
2019-02-19,0.16999999999999993
2019-02-20,0.16799999999999993
2019-02-21,0.15900000000000003
2019-02-22,0.15599999999999992
2019-02-25,0.15100000000000002
2019-02-26,0.15399999999999991
2019-02-27,0.16199999999999992
2019-02-28,0.15700000000000003
2019-03-04,0.1359999999999999
2019-03-05,0.1339999999999999
2019-03-06,0.1419999999999999
2019-03-07,0.15300000000000002
2019-03-08,0.16799999999999993
2019-03-11,0.15999999999999992
2019-03-12,0.16999999999999993
2019-03-13,0.18500000000000005
2019-03-14,0.18700000000000006
2019-03-15,0.17700000000000005
2019-03-18,0.16799999999999993
2019-03-19,0.16999999999999993
2019-03-20,0.16700000000000004
2019-03-21,0.18700000000000006
2019-03-22,0.17999999999999994
2019-03-25,0.20999999999999996
2019-03-26,0.21700000000000008
2019-03-27,0.258
2019-03-28,0.30099999999999993
2019-03-29,0.29000000000000004
2019-04-01,0.254
2019-04-02,0.274
2019-04-03,0.26
2019-04-04,0.26
2019-04-05,0.24499999999999988
2019-04-08,0.2569999999999999
2019-04-09,0.2549999999999999
2019-04-10,0.2489999999999999
2019-04-11,0.248
2019-04-12,0.2469999999999999
2019-04-15,0.21900000000000008
2019-04-16,0.21500000000000008
2019-04-17,0.20199999999999996
2019-04-18,0.23899999999999988
2019-04-19,0.22399999999999998
2019-04-22,0.21100000000000008
2019-04-23,0.21199999999999997
2019-04-24,0.23099999999999987
2019-04-25,0.256
2019-04-26,0.26
2019-04-29,0.268
2019-04-30,0.2809999999999999
2019-05-02,0.238
2019-05-03,0.22099999999999986
2019-05-07,0.23699999999999988
2019-05-08,0.23299999999999987
2019-05-09,0.242
2019-05-10,0.23099999999999987
2019-05-13,0.22899999999999987
2019-05-14,0.23899999999999988
2019-05-15,0.22999999999999998
2019-05-16,0.2649999999999999
2019-05-17,0.27
2019-05-20,0.2589999999999999
2019-05-21,0.2769999999999999
2019-05-22,0.2729999999999999
2019-05-23,0.29200000000000004
2019-05-24,0.29699999999999993
2019-05-27,0.28800000000000003
2019-05-28,0.28600000000000003
2019-05-29,0.32099999999999995
2019-05-30,0.31400000000000006
2019-05-31,0.34299999999999997
2019-06-03,0.355
2019-06-04,0.3599999999999999
2019-06-05,0.3879999999999999
2019-06-07,0.393
2019-06-10,0.397
2019-06-11,0.3879999999999999
2019-06-12,0.46099999999999985
2019-06-13,0.44999999999999996
2019-06-14,0.45999999999999996
2019-06-17,0.43899999999999983
2019-06-18,0.43699999999999983
2019-06-19,0.44599999999999995
2019-06-20,0.51
2019-06-21,0.48
2019-06-24,0.48
2019-06-25,0.44199999999999995
2019-06-26,0.42399999999999993
2019-06-27,0.42599999999999993
2019-06-28,0.44799999999999995
2019-07-01,0.44099999999999984
2019-07-02,0.45699999999999985
2019-07-03,0.4909999999999999
2019-07-04,0.494
2019-07-05,0.4869999999999999
2019-07-08,0.488
2019-07-09,0.486
2019-07-10,0.472
2019-07-11,0.4909999999999999
2019-07-12,0.486
2019-07-15,0.476
2019-07-16,0.47899999999999987
2019-07-17,0.5109999999999999
2019-07-18,0.4950000000000001
2019-07-19,0.5130000000000001
2019-07-22,0.5070000000000001
2019-07-23,0.4810000000000001
2019-07-24,0.4790000000000001
2019-07-25,0.488
2019-07-26,0.472
2019-07-29,0.46399999999999997
2019-07-30,0.4590000000000001
2019-07-31,0.46799999999999997
2019-08-01,0.45100000000000007
2019-08-02,0.49
2019-08-05,0.5680000000000001
2019-08-06,0.567
2019-08-07,0.577
2019-08-08,0.565
2019-08-09,0.544
2019-08-12,0.548
2019-08-13,0.5800000000000001
2019-08-14,0.571
2019-08-16,0.625
2019-08-19,0.627
2019-08-20,0.619
2019-08-21,0.5640000000000001
2019-08-22,0.5900000000000001
2019-08-23,0.5509999999999999
2019-08-26,0.599
2019-08-27,0.5489999999999999
2019-08-28,0.54
2019-08-29,0.5529999999999999
2019-08-30,0.552
2019-09-02,0.4869999999999999
2019-09-03,0.492
2019-09-04,0.47899999999999987
2019-09-05,0.4610000000000001
2019-09-06,0.45500000000000007
2019-09-09,0.4849999999999999
2019-09-10,0.478
2019-09-11,0.46199999999999997
2019-09-16,0.3719999999999999
2019-09-17,0.405
2019-09-18,0.41100000000000003
2019-09-19,0.391
2019-09-20,0.3879999999999999
2019-09-23,0.389
2019-09-24,0.395
2019-09-25,0.4159999999999999
2019-09-26,0.41900000000000004
2019-09-27,0.41900000000000004
2019-09-30,0.42300000000000004
2019-10-01,0.397
2019-10-02,0.41700000000000004
2019-10-04,0.51
2019-10-07,0.488
2019-10-08,0.45599999999999996
2019-10-10,0.44399999999999995
2019-10-11,0.43900000000000006
2019-10-14,0.43900000000000006
2019-10-15,0.43900000000000006
2019-10-16,0.3799999999999999
2019-10-17,0.31499999999999995
2019-10-18,0.30499999999999994
2019-10-21,0.262
2019-10-22,0.2709999999999999
2019-10-23,0.262
2019-10-24,0.254
2019-10-25,0.21499999999999986
2019-10-28,0.127
2019-10-29,0.1509999999999998
2019-10-30,0.16899999999999982
2019-10-31,0.18399999999999994
2019-11-01,0.18299999999999983
2019-11-04,0.09999999999999987
2019-11-05,0.1279999999999999
2019-11-06,0.11999999999999988
2019-11-07,0.10899999999999999
2019-11-08,0.1319999999999999
2019-11-11,0.1499999999999999
2019-11-12,0.08599999999999985
2019-11-13,0.1399999999999999
2019-11-14,0.135
2019-11-15,0.137
2019-11-18,0.1319999999999999
2019-11-19,0.1649999999999998
2019-11-20,0.19999999999999996
2019-11-21,0.18799999999999994
2019-11-22,0.19399999999999995
2019-11-25,0.17499999999999982
2019-11-26,0.17499999999999982
2019-11-27,0.19399999999999995
2019-11-28,0.21999999999999997
2019-11-29,0.2649999999999999
2019-12-02,0.23499999999999988
2019-12-03,0.19999999999999996
2019-12-04,0.254
2019-12-05,0.23699999999999988
2019-12-06,0.22999999999999998
2019-12-09,0.248
2019-12-10,0.27
2019-12-11,0.2789999999999999
2019-12-12,0.278
2019-12-13,0.258
2019-12-16,0.30099999999999993
2019-12-17,0.30699999999999994
2019-12-18,0.31299999999999994
2019-12-19,0.2869999999999999
2019-12-20,0.278
2019-12-23,0.29000000000000004
2019-12-24,0.2999999999999998
2019-12-26,0.30299999999999994
2019-12-27,0.30999999999999983
2019-12-30,0.32999999999999985
2019-12-31,0.32999999999999985
2020-01-02,0.363
2020-01-03,0.41999999999999993
2020-01-06,0.41300000000000003
2020-01-07,0.359
2020-01-08,0.32699999999999996
2020-01-09,0.274
2020-01-10,0.2649999999999999
2020-01-13,0.272
2020-01-14,0.30400000000000005
2020-01-15,0.29899999999999993
2020-01-16,0.264
2020-01-17,0.2569999999999999
2020-01-20,0.23499999999999988
2020-01-21,0.29499999999999993
2020-01-22,0.2529999999999999
2020-01-23,0.266
2020-01-28,0.33799999999999986
2020-01-29,0.3599999999999999
2020-01-30,0.389
2020-01-31,0.387
2020-02-03,0.399
2020-02-04,0.359
2020-02-05,0.373
2020-02-06,0.369
2020-02-07,0.3999999999999999
2020-02-10,0.3839999999999999
2020-02-11,0.381
2020-02-12,0.383
2020-02-13,0.405
2020-02-14,0.34999999999999987
2020-02-17,0.3599999999999999
2020-02-18,0.399
2020-02-19,0.3659999999999999
2020-02-20,0.3959999999999999
2020-02-21,0.43800000000000017
2020-02-24,0.4710000000000001
2020-02-25,0.42900000000000005
2020-02-26,0.45500000000000007
2020-02-27,0.3860000000000001
2020-02-28,0.46599999999999997
2020-03-02,0.43200000000000016
2020-03-03,0.44999999999999996
2020-03-04,0.5210000000000001
2020-03-05,0.4990000000000001
2020-03-06,0.472
2020-03-09,0.512
2020-03-10,0.46799999999999997
2020-03-11,0.46399999999999997
2020-03-12,0.488
2020-03-13,0.401
2020-03-16,0.44100000000000006
2020-03-17,0.33000000000000007
2020-03-18,0.32000000000000006
2020-03-19,0.21699999999999986
2020-03-20,0.363
2020-03-23,0.40700000000000003
2020-03-24,0.5329999999999999
2020-03-25,0.7489999999999999
2020-03-26,0.9829999999999999
2020-03-27,1.04
2020-03-30,1.0719999999999998
2020-03-31,1.1300000000000001
2020-04-01,1.1280000000000001
2020-04-02,1.1810000000000003
2020-04-03,1.1340000000000001
2020-04-06,1.1480000000000001
2020-04-07,1.143
2020-04-08,1.166
2020-04-09,1.1740000000000002
2020-04-10,1.1700000000000002
2020-04-13,1.134
2020-04-14,1.134
2020-04-16,1.148
2020-04-17,1.1039999999999999
2020-04-20,1.077
2020-04-21,1.0450000000000002
2020-04-22,1.014
2020-04-23,0.9739999999999998
2020-04-24,0.9919999999999998
2020-04-27,0.9839999999999998
2020-04-28,0.9769999999999999
2020-04-29,1.0039999999999998
2020-05-04,1.0349999999999997
2020-05-06,1.0499999999999998
2020-05-07,1.054
2020-05-08,1.076
2020-05-11,1.0539999999999998
2020-05-12,1.0939999999999999
2020-05-13,1.124
2020-05-14,1.101
2020-05-15,1.0859999999999999
2020-05-18,1.063
2020-05-19,1.064
2020-05-20,1.0619999999999998
2020-05-21,1.064
2020-05-22,1.073
2020-05-25,1.085
2020-05-26,1.051
2020-05-27,1.017
2020-05-28,0.8119999999999999
2020-05-29,0.7940000000000002
2020-06-01,0.7890000000000001
2020-06-02,0.7690000000000001
2020-06-03,0.7540000000000001
2020-06-04,0.7240000000000001
2020-06-05,0.7060000000000001
2020-06-08,0.678
2020-06-09,0.7090000000000001
2020-06-10,0.7200000000000001
2020-06-11,0.7230000000000001
2020-06-12,0.7090000000000001
2020-06-15,0.679
2020-06-16,0.68
2020-06-17,0.666
2020-06-18,0.6980000000000001
2020-06-19,0.6960000000000001
2020-06-22,0.6940000000000001
2020-06-23,0.7130000000000001
2020-06-24,0.7210000000000001
2020-06-25,0.7230000000000001
2020-06-26,0.719
2020-06-29,0.678
2020-06-30,0.668
2020-07-01,0.653
2020-07-02,0.669
2020-07-03,0.662
2020-07-06,0.646
2020-07-07,0.647
2020-07-08,0.641
2020-07-09,0.63
2020-07-10,0.621
2020-07-13,0.61
2020-07-14,0.616
2020-07-15,0.623
2020-07-16,0.641
2020-07-17,0.6579999999999999
2020-07-20,0.6689999999999999
2020-07-21,0.652
2020-07-22,0.6599999999999999
2020-07-23,0.6719999999999999
2020-07-24,0.6709999999999999
2020-07-27,0.6669999999999999
2020-07-28,0.657
2020-07-29,0.6589999999999999
2020-07-30,0.6709999999999999
2020-07-31,0.6739999999999999
2020-08-03,0.6709999999999999
2020-08-04,0.6679999999999999
2020-08-05,0.6749999999999999
2020-08-06,0.6629999999999999
2020-08-07,0.6599999999999999
2020-08-10,0.64
2020-08-11,0.652
2020-08-12,0.643
2020-08-13,0.655
2020-08-14,0.632
2020-08-18,0.6399999999999999
2020-08-19,0.6249999999999999
2020-08-20,0.597
2020-08-21,0.5459999999999999
2020-08-24,0.566
2020-08-25,0.565
2020-08-26,0.5549999999999999
2020-08-27,0.5279999999999999
2020-08-28,0.4770000000000001
2020-08-31,0.42000000000000015
2020-09-01,0.3530000000000001
2020-09-02,0.387
2020-09-03,0.381
2020-09-04,0.361
2020-09-07,0.30700000000000005
2020-09-08,0.32100000000000006
2020-09-09,0.345
2020-09-10,0.33499999999999996
2020-09-11,0.31399999999999995
2020-09-14,0.31099999999999994
2020-09-15,0.31299999999999994
2020-09-16,0.2899999999999999
2020-09-17,0.2659999999999999
2020-09-18,0.2529999999999999
2020-09-21,0.24599999999999989
2020-09-22,0.24299999999999988
2020-09-23,0.2469999999999999
2020-09-24,0.2630000000000001
2020-09-25,0.2550000000000001
2020-09-28,0.2670000000000001
2020-09-29,0.2640000000000001
2020-10-05,0.2290000000000001
2020-10-06,0.20500000000000007
2020-10-07,0.20000000000000007
2020-10-08,0.20300000000000007
2020-10-12,0.18500000000000005
2020-10-13,0.18700000000000006
2020-10-14,0.20900000000000007
2020-10-15,0.2330000000000001
2020-10-16,0.2220000000000001
2020-10-19,0.21900000000000008
2020-10-20,0.19900000000000007
2020-10-21,0.17600000000000005
2020-10-22,0.18500000000000005
2020-10-23,0.20000000000000007
2020-10-26,0.20200000000000007
2020-10-27,0.19300000000000006
2020-10-28,0.19600000000000006
2020-10-29,0.18300000000000005
2020-10-30,0.17500000000000004
2020-11-02,0.13900000000000012
2020-11-03,0.13000000000000012
2020-11-04,0.15500000000000014
2020-11-05,0.18300000000000005
2020-11-06,0.16700000000000015
2020-11-09,0.15100000000000013
2020-11-10,0.13400000000000012
2020-11-11,0.12100000000000011
2020-11-12,0.14100000000000013
2020-11-13,0.14500000000000013
2020-11-16,0.14000000000000012
2020-11-17,0.15000000000000013
2020-11-18,0.15100000000000013
2020-11-19,0.13500000000000012
2020-11-20,0.1270000000000001
2020-11-23,0.13500000000000012
2020-11-24,0.1270000000000001
2020-11-25,0.1190000000000001
2020-11-26,0.1090000000000001
2020-11-27,0.1110000000000001
2020-11-30,0.1070000000000001
2020-12-01,0.1080000000000001
2020-12-02,0.1080000000000001
2020-12-03,0.1150000000000001
2020-12-04,0.12400000000000011
2020-12-07,0.12900000000000011
2020-12-08,0.13100000000000012
2020-12-09,0.12400000000000011
2020-12-10,0.1170000000000001
2020-12-11,0.1100000000000001
2020-12-14,0.10400000000000009
2020-12-15,0.1060000000000001
2020-12-16,0.10100000000000009
2020-12-17,0.09100000000000008
2020-12-18,0.1270000000000001
2020-12-21,0.13100000000000012
2020-12-22,0.14500000000000013
2020-12-23,0.15800000000000003
2020-12-24,0.14000000000000012
2020-12-28,0.13200000000000012
2020-12-29,0.1170000000000001
2020-12-30,0.1120000000000001
2020-12-31,0.1140000000000001
2021-01-04,0.13600000000000012
2021-01-05,0.134
2021-01-06,0.1070000000000001
2021-01-07,0.08600000000000008
2021-01-08,0.062000000000000055
2021-01-11,0.061000000000000054
2021-01-12,0.04400000000000004
2021-01-13,0.041000000000000036
2021-01-14,0.03200000000000003
2021-01-15,0.04700000000000004
2021-01-18,0.052000000000000046
2021-01-19,0.04600000000000004
2021-01-20,0.04400000000000004
2021-01-21,0.049000000000000044
2021-01-22,0.027000000000000024
2021-01-25,0.014000000000000012
2021-01-26,0.013000000000000123
2021-01-27,0.038000000000000034
2021-01-28,0.04300000000000004
2021-01-29,0.039000000000000035
2021-02-01,0.016000000000000014
2021-02-02,0.030000000000000027
2021-02-03,0.02200000000000002
2021-02-04,0.016000000000000014
2021-02-05,0.018000000000000016
2021-02-08,-0.0009999999999998899
2021-02-09,0.010000000000000009
2021-02-10,0.0050000000000000044
2021-02-15,0.0020000000000000018
2021-02-16,0.016000000000000014
2021-02-17,0.014000000000000012
2021-02-18,0.015000000000000013
2021-02-19,0.0040000000000000036
2021-02-22,-0.020000000000000018
2021-02-23,-0.020000000000000018
2021-02-24,-0.006000000000000005
2021-02-25,0.0050000000000000044
2021-02-26,-0.020000000000000018
2021-03-02,-0.020999999999999908
2021-03-03,-0.018999999999999906
2021-03-04,-0.030000000000000027
2021-03-05,-0.06600000000000006
2021-03-08,-0.139
2021-03-09,-0.20599999999999996
2021-03-10,-0.18199999999999994
2021-03-11,-0.17900000000000005
2021-03-12,-0.2230000000000001
2021-03-15,-0.238
2021-03-16,-0.17700000000000005
2021-03-17,-0.17700000000000005
2021-03-18,-0.133
2021-03-19,-0.1459999999999999
2021-03-22,-0.1299999999999999
2021-03-23,-0.1319999999999999
2021-03-24,-0.11499999999999999
2021-03-25,-0.08899999999999997
2021-03-26,-0.11699999999999999
2021-03-29,-0.119
2021-03-30,-0.15500000000000003
2021-03-31,-0.133
2021-04-01,-0.1379999999999999
2021-04-02,-0.15100000000000002
2021-04-05,-0.20199999999999996
2021-04-06,-0.18100000000000005
2021-04-07,-0.18100000000000005
2021-04-08,-0.1519999999999999
2021-04-09,-0.16799999999999993
2021-04-12,-0.1399999999999999
2021-04-13,-0.1379999999999999
2021-04-14,-0.1120000000000001
2021-04-15,-0.16700000000000004
2021-04-16,-0.18399999999999994
2021-04-19,-0.15900000000000003
2021-04-20,-0.16399999999999992
2021-04-21,-0.14000000000000012
2021-04-22,-0.135
2021-04-23,-0.15000000000000013
2021-04-26,-0.14900000000000002
2021-04-27,-0.127
2021-04-28,-0.135
2021-04-29,-0.15100000000000002
2021-04-30,-0.17100000000000004
2021-05-03,-0.17900000000000005
2021-05-04,-0.18799999999999994
2021-05-06,-0.16999999999999993
2021-05-07,-0.16700000000000004
2021-05-10,-0.16599999999999993
2021-05-11,-0.15799999999999992
2021-05-12,-0.15100000000000002
2021-05-13,-0.15300000000000002
2021-05-14,-0.14600000000000013
2021-05-17,-0.137
2021-05-18,-0.129
2021-05-20,-0.133
2021-05-21,-0.125
2021-05-24,-0.14600000000000013
2021-05-25,-0.17199999999999993
2021-05-26,-0.19100000000000006
2021-05-27,-0.15400000000000014
2021-05-28,-0.19199999999999995
2021-05-31,-0.2570000000000001
2021-06-01,-0.2430000000000001
2021-06-02,-0.236
2021-06-03,-0.22100000000000009
2021-06-04,-0.25
2021-06-07,-0.2310000000000001
2021-06-08,-0.20399999999999996
2021-06-09,-0.16700000000000004
2021-06-10,-0.31200000000000006
2021-06-11,-0.30600000000000005
2021-06-14,-0.31699999999999995
2021-06-15,-0.33699999999999997
2021-06-16,-0.31600000000000006
2021-06-17,-0.357
2021-06-18,-0.34299999999999997
2021-06-21,-0.381
2021-06-22,-0.361
2021-06-23,-0.3680000000000001
2021-06-24,-0.4139999999999999
2021-06-25,-0.4710000000000001
2021-06-28,-0.5
2021-06-29,-0.4890000000000001
2021-06-30,-0.478
2021-07-01,-0.4990000000000001
2021-07-02,-0.514
2021-07-05,-0.492
2021-07-06,-0.4950000000000001
2021-07-07,-0.43999999999999995
2021-07-08,-0.3880000000000001
2021-07-09,-0.405
2021-07-12,-0.4139999999999999
2021-07-13,-0.45399999999999996
2021-07-14,-0.41999999999999993
2021-07-15,-0.5270000000000001
2021-07-16,-0.4810000000000001
2021-07-19,-0.4890000000000001
2021-07-20,-0.43999999999999995
2021-07-21,-0.41300000000000003
2021-07-22,-0.42700000000000005
2021-07-23,-0.42300000000000004
2021-07-26,-0.399
2021-07-27,-0.4099999999999999
2021-07-28,-0.44900000000000007
2021-07-29,-0.4610000000000001
2021-07-30,-0.44700000000000006
2021-08-02,-0.4650000000000001
2021-08-03,-0.472
2021-08-04,-0.44799999999999995
2021-08-05,-0.44399999999999995
2021-08-06,-0.4630000000000001
2021-08-09,-0.46599999999999997
2021-08-10,-0.46199999999999997
2021-08-11,-0.44900000000000007
2021-08-12,-0.44300000000000006
2021-08-13,-0.43700000000000006
2021-08-17,-0.43199999999999994
2021-08-18,-0.41900000000000004
2021-08-19,-0.3900000000000001
2021-08-20,-0.39400000000000013
2021-08-23,-0.41900000000000004
2021-08-24,-0.46799999999999997
2021-08-25,-0.4650000000000001
2021-08-26,-0.2779999999999998
2021-08-27,-0.2879999999999998
2021-08-30,-0.2779999999999998
2021-08-31,-0.2749999999999999
2021-09-01,-0.29699999999999993
2021-09-02,-0.3019999999999998
2021-09-03,-0.31699999999999995
2021-09-06,-0.33899999999999997
2021-09-07,-0.34399999999999986
2021-09-08,-0.369
2021-09-09,-0.379
2021-09-10,-0.3809999999999998
2021-09-13,-0.395
2021-09-14,-0.395
2021-09-15,-0.3420000000000001
2021-09-16,-0.3500000000000001
2021-09-17,-0.365
2021-09-23,-0.3780000000000001
2021-09-24,-0.395
2021-09-27,-0.3860000000000001
2021-09-28,-0.42900000000000005
2021-09-29,-0.42300000000000004
2021-09-30,-0.41300000000000003
2021-10-01,-0.45300000000000007
2021-10-05,-0.47
2021-10-06,-0.5390000000000001
2021-10-07,-0.524
2021-10-08,-0.5210000000000001
2021-10-12,-0.635
2021-10-13,-0.6440000000000001
2021-10-14,-0.633
2021-10-15,-0.605
2021-10-18,-0.685
2021-10-19,-0.6760000000000002
2021-10-20,-0.647
2021-10-21,-0.6260000000000001
2021-10-22,-0.669
2021-10-25,-0.6890000000000001
2021-10-26,-0.7170000000000001
2021-10-27,-0.804
2021-10-28,-0.7769999999999999
2021-10-29,-0.8630000000000002
2021-11-01,-0.8680000000000001
2021-11-02,-0.7879999999999998
2021-11-03,-0.786
2021-11-04,-0.78
2021-11-05,-0.6739999999999999
2021-11-08,-0.6259999999999999
2021-11-09,-0.565
2021-11-10,-0.567
2021-11-11,-0.593
2021-11-12,-0.6379999999999999
2021-11-15,-0.5819999999999999
2021-11-16,-0.633
2021-11-17,-0.6439999999999999
2021-11-18,-0.623
2021-11-19,-0.6359999999999999
2021-11-22,-0.6879999999999997
2021-11-23,-0.7010000000000001
2021-11-24,-0.6829999999999998
2021-11-25,-0.45300000000000007
2021-11-26,-0.373
2021-11-29,-0.3540000000000001
2021-11-30,-0.30899999999999994
2021-12-01,-0.32299999999999995
2021-12-02,-0.355
2021-12-03,-0.3999999999999999
2021-12-06,-0.365
2021-12-07,-0.3720000000000001
2021-12-08,-0.33099999999999996
2021-12-09,-0.28400000000000003
2021-12-10,-0.2849999999999999
2021-12-13,-0.26
2021-12-14,-0.244
2021-12-15,-0.258
2021-12-16,-0.21599999999999997
2021-12-17,-0.21699999999999986
2021-12-20,-0.18999999999999995
2021-12-21,-0.16999999999999993
2021-12-22,-0.19699999999999984
2021-12-23,-0.24499999999999988
2021-12-24,-0.238
2021-12-27,-0.21599999999999997
2021-12-28,-0.22599999999999998
2021-12-29,-0.22299999999999986
2021-12-30,-0.23899999999999988
2021-12-31,-0.238
2022-01-03,-0.29499999999999993
2022-01-04,-0.30800000000000005
2022-01-05,-0.353
2022-01-06,-0.45299999999999985
2022-01-07,-0.45500000000000007
2022-01-10,-0.4979999999999998
2022-01-11,-0.47799999999999976
2022-01-12,-0.43799999999999994
2022-01-13,-0.393
2022-01-14,-0.41400000000000015
2022-01-17,-0.5080000000000002
2022-01-18,-0.4869999999999999
2022-01-19,-0.43300000000000005
2022-01-20,-0.4790000000000003
2022-01-21,-0.4920000000000002
2022-01-24,-0.4720000000000002
2022-01-25,-0.534
2022-01-26,-0.5160000000000002
2022-01-27,-0.5770000000000002
2022-01-28,-0.5490000000000002
2022-02-03,-0.518
2022-02-04,-0.554
2022-02-07,-0.5970000000000002
2022-02-08,-0.663
2022-02-09,-0.639
2022-02-10,-0.6239999999999999
2022-02-11,-0.7030000000000001
2022-02-14,-0.7070000000000001
2022-02-15,-0.7050000000000003
2022-02-16,-0.6850000000000003
2022-02-17,-0.655
2022-02-18,-0.6820000000000002
2022-02-21,-0.7230000000000001
2022-02-22,-0.687
2022-02-23,-0.6770000000000003
2022-02-24,-0.5860000000000001
2022-02-25,-0.6040000000000003
2022-02-28,-0.6020000000000001
2022-03-02,-0.5469999999999999
2022-03-03,-0.5549999999999999
2022-03-04,-0.5740000000000001
2022-03-07,-0.6479999999999999
2022-03-08,-0.647
2022-03-10,-0.627
2022-03-11,-0.615
2022-03-14,-0.643
2022-03-15,-0.6450000000000002
2022-03-16,-0.6279999999999999
2022-03-17,-0.5770000000000002
2022-03-18,-0.591
2022-03-21,-0.6279999999999999
2022-03-22,-0.7590000000000001
2022-03-23,-0.7860000000000003
2022-03-24,-0.8150000000000002
2022-03-25,-0.865
2022-03-28,-1.097
2022-03-29,-1.0500000000000003
2022-03-30,-0.9550000000000003
2022-03-31,-1.003
2022-04-01,-1.1139999999999999
2022-04-04,-1.1670000000000003
2022-04-05,-1.209
2022-04-06,-1.271
2022-04-07,-1.2349999999999999
2022-04-08,-1.3170000000000002
2022-04-11,-1.516
2022-04-12,-1.435
2022-04-13,-1.331
2022-04-14,-1.0479999999999998
2022-04-15,-1.0939999999999999
2022-04-18,-1.1300000000000001
2022-04-19,-1.1109999999999998
2022-04-20,-1.077
2022-04-21,-1.0370000000000001
2022-04-22,-1.0810000000000002
2022-04-25,-0.9670000000000003
2022-04-26,-0.9400000000000002
2022-04-27,-1.0090000000000001
2022-04-28,-1.035
2022-04-29,-1.0680000000000003
2022-05-02,-1.196
2022-05-03,-1.2489999999999999
2022-05-04,-1.288
2022-05-06,-1.256
2022-05-09,-1.172
2022-05-10,-1.156
2022-05-11,-1.038
2022-05-12,-1.0
2022-05-13,-1.0110000000000001
2022-05-16,-1.136
2022-05-17,-1.1110000000000002
2022-05-18,-1.149
2022-05-19,-1.126
2022-05-20,-1.0810000000000002
2022-05-23,-1.0779999999999998
2022-05-24,-1.0270000000000001
2022-05-25,-1.0060000000000002
2022-05-26,-0.855
2022-05-27,-0.827
2022-05-30,-0.802
2022-05-31,-0.8770000000000002
2022-06-02,-0.9550000000000001
2022-06-03,-0.9409999999999998
2022-06-07,-1.0420000000000003
2022-06-08,-1.0190000000000001
2022-06-09,-0.9809999999999999
2022-06-10,-1.085
2022-06-13,-1.3239999999999998
2022-06-14,-1.358
2022-06-15,-1.476
2022-06-16,-1.5380000000000003
2022-06-17,-1.545
2022-06-20,-1.4449999999999998
2022-06-21,-1.403
2022-06-22,-1.242
2022-06-23,-1.3080000000000003
2022-06-24,-1.213
2022-06-27,-1.2480000000000002
2022-06-28,-1.222
2022-06-29,-1.2120000000000002
2022-06-30,-1.21
2022-07-01,-1.0990000000000002
2022-07-04,-1.0900000000000003
2022-07-05,-0.9510000000000001
2022-07-06,-0.879
2022-07-07,-0.9020000000000001
2022-07-08,-0.9550000000000001
2022-07-11,-0.9539999999999997
2022-07-12,-0.9009999999999998
2022-07-13,-0.43100000000000005
2022-07-14,-0.46999999999999975
2022-07-15,-0.40500000000000025
2022-07-18,-0.41200000000000037
2022-07-19,-0.39200000000000035
2022-07-20,-0.496
2022-07-21,-0.4940000000000002
2022-07-22,-0.41800000000000015
2022-07-25,-0.3530000000000002
2022-07-26,-0.31099999999999994
2022-07-27,-0.2599999999999998
2022-07-28,-0.2799999999999998
2022-07-29,-0.14900000000000002
2022-08-01,-0.22100000000000009
2022-08-02,-0.15200000000000014
2022-08-03,-0.20500000000000007
2022-08-04,-0.254
2022-08-05,-0.2190000000000003
2022-08-08,-0.274
2022-08-09,-0.274
2022-08-10,-0.29400000000000004
2022-08-11,-0.26400000000000023
2022-08-12,-0.3210000000000002
2022-08-16,-0.21799999999999997
2022-08-17,-0.2270000000000003
2022-08-18,-0.2650000000000001
2022-08-19,-0.3370000000000002
2022-08-22,-0.38500000000000023
2022-08-23,-0.42100000000000026
2022-08-24,-0.45100000000000007
2022-08-25,-0.5010000000000003
2022-08-26,-0.4849999999999999
2022-08-29,-0.5830000000000002
2022-08-30,-0.5619999999999998
2022-08-31,-0.5950000000000002
2022-09-01,-0.6779999999999999
2022-09-02,-0.5779999999999998
2022-09-05,-0.516
2022-09-06,-0.5819999999999999
2022-09-07,-0.585
2022-09-08,-0.44300000000000006
2022-09-13,-0.42600000000000016
2022-09-14,-0.46499999999999986
2022-09-15,-0.6400000000000001
2022-09-16,-0.6269999999999998
2022-09-19,-0.609
2022-09-20,-0.673
2022-09-21,-0.6970000000000001
2022-09-22,-0.9340000000000002
2022-09-23,-0.9789999999999996
2022-09-26,-1.298
2022-09-27,-1.0340000000000003
2022-09-28,-1.0580000000000003
2022-09-29,-1.013
2022-09-30,-0.8860000000000001
2022-10-04,-0.7410000000000005
2022-10-05,-0.7669999999999999
2022-10-06,-0.7149999999999994
2022-10-07,-0.8059999999999996
2022-10-11,-0.8319999999999999
2022-10-12,-0.3370000000000002
2022-10-13,-0.40300000000000047
2022-10-14,-0.387
2022-10-17,-0.33899999999999997
2022-10-18,-0.262
2022-10-19,-0.2710000000000008
2022-10-20,-0.20999999999999996
2022-10-21,-0.19500000000000028
2022-10-24,0.11500000000000021
2022-10-25,0.2789999999999999
2022-10-26,0.3519999999999994
2022-10-27,0.3460000000000001
2022-10-28,0.5279999999999996
2022-10-31,0.4950000000000001
2022-11-01,0.6620000000000008
2022-11-02,0.7050000000000001
2022-11-03,0.7119999999999997
2022-11-04,0.8220000000000001
2022-11-07,0.8140000000000001
2022-11-08,0.8840000000000003
2022-11-09,0.9939999999999998
2022-11-10,1.1269999999999998
2022-11-11,1.3859999999999997
2022-11-14,1.4
2022-11-15,1.537
2022-11-16,1.5220000000000002
2022-11-17,1.5660000000000003
2022-11-18,1.6130000000000004
2022-11-21,1.5929999999999995
2022-11-22,1.6060000000000003
2022-11-23,1.6209999999999996
2022-11-24,1.8709999999999996
2022-11-25,1.936
2022-11-28,1.9209999999999998
2022-11-29,1.8769999999999998
2022-11-30,1.9210000000000003
2022-12-01,1.9700000000000002
2022-12-02,2.004
2022-12-05,2.011
2022-12-06,1.987
2022-12-07,1.948
2022-12-08,1.944
2022-12-09,1.963
2022-12-12,1.987
2022-12-13,1.9769999999999994
2022-12-14,2.0500000000000003
2022-12-15,2.0239999999999996
2022-12-16,2.001
2022-12-19,1.9850000000000003
2022-12-20,1.8050000000000002
2022-12-21,1.8319999999999999
2022-12-22,1.8929999999999998
2022-12-23,1.827
2022-12-26,1.7570000000000001
2022-12-27,1.718
2022-12-28,1.6719999999999997
2022-12-29,1.581
2022-12-30,1.5580000000000003
2023-01-02,1.468
2023-01-03,1.5589999999999997
2023-01-04,1.5479999999999996
2023-01-05,1.476
2023-01-06,1.3890000000000002
2023-01-09,1.4530000000000003
2023-01-10,1.444
2023-01-11,1.488
2023-01-12,1.4639999999999995
2023-01-13,1.5909999999999997
2023-01-16,1.4659999999999997
2023-01-17,1.4059999999999997
2023-01-18,1.4700000000000002
2023-01-19,1.572
2023-01-20,1.4500000000000002
2023-01-25,1.455
2023-01-26,1.427
2023-01-27,1.366
2023-01-30,1.3490000000000002
2023-01-31,1.245
2023-02-01,1.2670000000000003
2023-02-02,1.2970000000000006
2023-02-03,1.31
2023-02-06,1.0870000000000002
2023-02-07,1.0150000000000001
2023-02-08,0.9410000000000003
2023-02-09,0.859
2023-02-10,0.8519999999999999
2023-02-13,0.7880000000000003
2023-02-14,0.7909999999999999
2023-02-15,0.6980000000000004
2023-02-16,0.6759999999999997
2023-02-17,0.5310000000000001
2023-02-20,0.46299999999999963
2023-02-21,0.4969999999999999
2023-02-22,0.4549999999999996
2023-02-23,0.49099999999999966
2023-02-24,0.5249999999999999
2023-02-27,0.38700000000000045
2023-02-28,0.26299999999999946
2023-03-02,0.1819999999999995
2023-03-03,0.2689999999999997
2023-03-06,0.2859999999999996
2023-03-07,0.33399999999999963
2023-03-08,0.20499999999999963
2023-03-09,0.2019999999999995
2023-03-10,0.35699999999999976
2023-03-13,0.6249999999999996
2023-03-14,0.6789999999999998
2023-03-15,0.5869999999999997
2023-03-16,0.6599999999999997
2023-03-17,0.6449999999999996
2023-03-20,0.7959999999999998
2023-03-21,0.7659999999999996
2023-03-22,0.7759999999999998
2023-03-23,0.8439999999999999
2023-03-24,0.8799999999999999
2023-03-27,0.81
2023-03-28,0.7619999999999996
2023-03-29,0.7609999999999997
2023-03-30,0.7699999999999996
2023-03-31,0.7399999999999998
2023-04-03,0.6679999999999997
2023-04-04,0.7309999999999999
2023-04-05,0.746
2023-04-06,0.7989999999999999
2023-04-07,0.7699999999999996
2023-04-10,0.8179999999999996
2023-04-11,0.7789999999999999
2023-04-12,0.7769999999999997
2023-04-13,0.8109999999999999
2023-04-14,0.7949999999999999
2023-04-17,0.7229999999999999
2023-04-18,0.7159999999999997
2023-04-19,0.6729999999999996
2023-04-20,0.6759999999999997
2023-04-21,0.7429999999999999
2023-04-24,0.7799999999999998
2023-04-25,0.7449999999999997
2023-04-26,0.7509999999999999
2023-04-27,0.722
2023-04-28,0.7169999999999996
2023-05-02,0.6749999999999998
2023-05-03,0.7289999999999996
2023-05-04,0.7999999999999998
2023-05-08,0.7489999999999997
2023-05-09,0.754
2023-05-10,0.7369999999999997
2023-05-11,0.7899999999999996
2023-05-12,0.7849999999999997
2023-05-15,0.7309999999999999
2023-05-16,0.7679999999999998
2023-05-17,0.7359999999999998
2023-05-18,0.694
2023-05-19,0.6699999999999999
2023-05-22,0.6889999999999996
2023-05-23,0.6369999999999996
2023-05-24,0.6319999999999997
2023-05-25,0.5299999999999998
2023-05-26,0.48599999999999977
2023-05-30,0.44999999999999973
2023-05-31,0.5509999999999997
2023-06-01,0.5319999999999996
2023-06-02,0.5739999999999998
2023-06-05,0.508
2023-06-07,0.5389999999999997
2023-06-08,0.46699999999999964
2023-06-09,0.504
2023-06-12,0.5169999999999999
2023-06-13,0.5259999999999998
2023-06-14,0.46499999999999986
2023-06-15,0.3839999999999999
2023-06-16,0.4249999999999998
2023-06-19,0.4269999999999996
2023-06-20,0.4429999999999996
2023-06-21,0.4389999999999996
2023-06-22,0.4179999999999997
2023-06-23,0.4009999999999998
2023-06-26,0.4419999999999997
2023-06-27,0.472
2023-06-28,0.45299999999999985
2023-06-29,0.4359999999999995
2023-06-30,0.35799999999999965
2023-07-03,0.4069999999999996
2023-07-04,0.40099999999999936
2023-07-05,0.4019999999999997
2023-07-06,0.3540000000000001
2023-07-07,0.2950000000000004
2023-07-10,0.23500000000000032
2023-07-11,0.3270000000000004
2023-07-12,0.32600000000000007
2023-07-13,0.4280000000000004
2023-07-14,0.41600000000000037
2023-07-17,0.41900000000000004
2023-07-18,0.43400000000000016
2023-07-19,0.4870000000000001
2023-07-20,0.4490000000000003
2023-07-21,0.4280000000000004
2023-07-24,0.41300000000000026
2023-07-25,0.38500000000000023
2023-07-26,0.40300000000000047
2023-07-27,0.44300000000000006
2023-07-28,0.39500000000000046
2023-07-31,0.3490000000000002
2023-08-01,0.38300000000000045
2023-08-02,0.3530000000000002
2023-08-03,0.3160000000000003
2023-08-04,0.29200000000000026
2023-08-07,0.3410000000000002
2023-08-08,0.38300000000000045
2023-08-09,0.3580000000000001
2023-08-10,0.3430000000000004
2023-08-11,0.3320000000000003
2023-08-14,0.28300000000000036
2023-08-16,0.31800000000000006
2023-08-17,0.24200000000000044
2023-08-18,0.30100000000000016
2023-08-21,0.23500000000000032
2023-08-22,0.2280000000000002
2023-08-23,0.25900000000000034
2023-08-24,0.27100000000000035
2023-08-25,0.2410000000000001
2023-08-28,0.27100000000000035
2023-08-29,0.29000000000000004
2023-08-30,0.29800000000000004
2023-08-31,0.3190000000000004
2023-09-01,0.3410000000000002
2023-09-04,0.29200000000000026
2023-09-05,0.2650000000000001
2023-09-06,0.2650000000000001
2023-09-07,0.18300000000000027
2023-09-08,0.23500000000000032
2023-09-11,0.17499999999999982
2023-09-12,0.17700000000000005
2023-09-13,0.19699999999999962
2023-09-14,0.21399999999999997
2023-09-15,0.19999999999999973
2023-09-18,0.1689999999999996
2023-09-19,0.1729999999999996
2023-09-20,0.16999999999999948
2023-09-21,0.14000000000000012
2023-09-22,0.20400000000000018
2023-09-25,0.20400000000000018
2023-09-26,0.18900000000000006
2023-09-27,0.19600000000000017
2023-10-04,-0.017999999999999794
2023-10-05,0.008999999999999453
2023-10-06,0.08499999999999996
2023-10-10,0.11300000000000043
2023-10-11,0.16700000000000026
2023-10-12,0.19799999999999995
2023-10-13,0.18299999999999983
2023-10-16,0.18700000000000028
2023-10-17,0.1889999999999996
2023-10-18,0.16900000000000048
2023-10-19,0.14999999999999947
2023-10-20,0.20699999999999985
2023-10-23,0.20500000000000007
2023-10-24,0.2860000000000005
2023-10-25,0.27199999999999935
2023-10-26,0.22599999999999998
2023-10-27,0.26699999999999946
2023-10-30,0.26099999999999923
2023-10-31,0.27500000000000036
2023-11-01,0.2890000000000006
2023-11-02,0.3810000000000002
2023-11-03,0.4110000000000005
2023-11-06,0.48300000000000054
2023-11-07,0.4730000000000003
2023-11-08,0.49200000000000044
2023-11-09,0.5130000000000003
2023-11-10,0.4980000000000002
2023-11-13,0.48300000000000054
2023-11-14,0.5030000000000001
2023-11-15,0.6160000000000001
2023-11-16,0.6590000000000003
2023-11-17,0.6790000000000003
2023-11-20,0.6930000000000005
2023-11-21,0.7160000000000002
2023-11-22,0.6940000000000004
2023-11-23,0.7160000000000002
2023-11-24,0.6830000000000003
2023-11-27,0.6710000000000003
2023-11-28,0.7120000000000002
2023-11-29,0.8060000000000005
2023-11-30,0.7770000000000001
2023-12-01,0.7730000000000001
2023-12-04,0.8290000000000002
2023-12-05,0.8760000000000003
2023-12-06,0.8970000000000002
2023-12-07,0.8490000000000002
2023-12-08,0.8990000000000005
2023-12-11,0.8800000000000003
2023-12-12,0.9140000000000001
2023-12-13,0.8950000000000005
2023-12-14,1.0919999999999996
2023-12-15,1.0589999999999997
2023-12-18,1.053
2023-12-19,1.0240000000000005
2023-12-20,1.088
2023-12-21,1.084
2023-12-22,1.0860000000000003
2023-12-26,1.0990000000000002
2023-12-27,1.1
2023-12-28,1.1660000000000004
2023-12-29,1.1660000000000004
2024-01-02,1.0699999999999994
2024-01-03,1.0219999999999998
2024-01-04,1.0630000000000002
2024-01-05,1.0070000000000001
2024-01-08,0.9929999999999999
2024-01-09,1.0350000000000001
2024-01-10,1.0110000000000001
2024-01-11,1.0530000000000004
2024-01-12,1.076
2024-01-15,1.0890000000000004
2024-01-16,1.0450000000000004
2024-01-17,1.0030000000000001
2024-01-18,0.9950000000000001
2024-01-19,0.9730000000000003
2024-01-22,1.0020000000000002
2024-01-23,0.9940000000000002
2024-01-24,0.9800000000000004
2024-01-25,0.9670000000000001
2024-01-26,1.0170000000000003
2024-01-29,0.9760000000000004
2024-01-30,1.0120000000000005
2024-01-31,1.0190000000000001
2024-02-01,1.0130000000000003
2024-02-02,1.032
2024-02-05,0.9680000000000004
2024-02-06,0.9880000000000004
2024-02-07,0.9940000000000002
2024-02-08,0.9750000000000001
2024-02-13,0.927
2024-02-14,0.8550000000000004
2024-02-15,0.8750000000000004
2024-02-16,0.8750000000000004
2024-02-19,0.8830000000000005
2024-02-20,0.8750000000000004
2024-02-21,0.8780000000000001
2024-02-22,0.9380000000000002
2024-02-23,0.9060000000000001
2024-02-26,0.9400000000000004
2024-02-27,0.9160000000000004
2024-02-28,0.9210000000000003
2024-02-29,0.8950000000000005
2024-03-04,0.9200000000000004
2024-03-05,0.931
2024-03-06,0.9550000000000001
2024-03-07,0.9590000000000001
2024-03-08,1.0090000000000003
2024-03-11,1.0050000000000003
2024-03-12,1.0070000000000001
2024-03-13,1.0290000000000004
2024-03-14,1.0070000000000001
2024-03-15,0.9720000000000004
2024-03-18,0.9320000000000004
2024-03-19,0.8970000000000002
2024-03-20,0.9090000000000003
2024-03-21,0.9539999999999997
2024-03-22,0.976
2024-03-25,0.9699999999999998
2024-03-26,0.9489999999999998
2024-03-27,0.9620000000000002
2024-03-28,0.9470000000000001
2024-03-29,0.9180000000000001
2024-04-01,0.9490000000000003
2024-04-02,0.907
2024-04-03,0.899
2024-04-04,0.8920000000000003
2024-04-05,0.9010000000000002
2024-04-08,0.8470000000000004
2024-04-09,0.8390000000000004
2024-04-11,0.7640000000000002
2024-04-12,0.8169999999999997
2024-04-15,0.7799999999999998
2024-04-16,0.7509999999999999
2024-04-17,0.7449999999999997
2024-04-18,0.7929999999999997
2024-04-19,0.7519999999999998
2024-04-22,0.7079999999999997
2024-04-23,0.7309999999999999
2024-04-24,0.7109999999999999
2024-04-25,0.6769999999999996
2024-04-26,0.6889999999999996
2024-04-29,0.6679999999999997
2024-04-30,0.6909999999999998
2024-05-02,0.7109999999999999
2024-05-03,0.7199999999999998
2024-05-07,0.7719999999999998
2024-05-08,0.7809999999999997
2024-05-09,0.7669999999999999
2024-05-10,0.7799999999999998
2024-05-13,0.7679999999999998
2024-05-14,0.7659999999999996
2024-05-16,0.8449999999999998
2024-05-17,0.8409999999999997
2024-05-20,0.8079999999999998
2024-05-21,0.8089999999999997
2024-05-22,0.8109999999999999
2024-05-23,0.8179999999999996
2024-05-24,0.7969999999999997
2024-05-27,0.8069999999999999
2024-05-28,0.8259999999999996
2024-05-29,0.7949999999999999
2024-05-30,0.7799999999999998
2024-05-31,0.7679999999999998
2024-06-03,0.7859999999999996
2024-06-04,0.8299999999999996
2024-06-05,0.8749999999999996
2024-06-07,0.9119999999999999
2024-06-10,0.8669999999999995
2024-06-11,0.8789999999999996
2024-06-12,0.9129999999999998
2024-06-13,0.9429999999999996
2024-06-14,0.968
2024-06-17,1.0079999999999996
2024-06-18,1.0059999999999998
2024-06-19,1.0579999999999998
2024-06-20,1.0239999999999996
2024-06-21,1.0439999999999996
2024-06-24,1.0259999999999998
2024-06-25,1.0189999999999997
2024-06-26,1.005
2024-06-27,0.98
2024-06-28,0.988
2024-07-01,0.96
2024-07-02,0.9910000000000001
2024-07-03,1.0
2024-07-04,1.0220000000000002
2024-07-05,1.0249999999999995
2024-07-08,1.0109999999999997
2024-07-09,1.0060000000000002
2024-07-10,0.9900000000000002
2024-07-11,0.9369999999999998
2024-07-12,0.9889999999999999
2024-07-15,1.004
2024-07-16,1.0350000000000001
2024-07-17,1.0200000000000005
2024-07-18,1.0120000000000005
2024-07-19,0.9960000000000004
2024-07-22,0.9889999999999994
2024-07-23,0.9659999999999997
2024-07-24,0.9940000000000002
2024-07-25,0.9959999999999996
2024-07-26,0.976
2024-07-29,0.992
2024-07-30,0.956
2024-07-31,0.9159999999999999
2024-08-01,0.9039999999999999
2024-08-02,0.911
2024-08-05,1.004
2024-08-06,0.8449999999999998
2024-08-07,0.8210000000000002
2024-08-08,0.819
2024-08-09,0.7590000000000003
2024-08-12,0.7439999999999998
2024-08-13,0.7519999999999998
2024-08-14,0.762
2024-08-16,0.7120000000000002
2024-08-19,0.7029999999999998
2024-08-20,0.6760000000000002
2024-08-21,0.6800000000000002
2024-08-22,0.7130000000000001
2024-08-23,0.7000000000000002
2024-08-26,0.73
2024-08-27,0.6800000000000002
2024-08-28,0.7010000000000001
2024-08-29,0.681
2024-08-30,0.6670000000000003
2024-09-02,0.6310000000000002
2024-09-03,0.6390000000000002
2024-09-04,0.6890000000000001
2024-09-05,0.7150000000000003
2024-09-06,0.7390000000000003
2024-09-09,0.7230000000000003
2024-09-10,0.7430000000000003
2024-09-11,0.8000000000000003
2024-09-12,0.754
2024-09-13,0.798
2024-09-19,0.7770000000000001
2024-09-20,0.782
2024-09-23,0.7560000000000002
2024-09-24,0.766
2024-09-25,0.8080000000000003
2024-09-26,0.8130000000000002
2024-09-27,0.794
2024-09-30,0.8090000000000002
2024-10-02,0.8400000000000003
2024-10-04,0.7960000000000003
2024-10-07,0.6600000000000001
2024-10-08,0.6880000000000002
2024-10-10,0.6579999999999999
2024-10-11,0.5829999999999997
2024-10-14,0.5919999999999996
2024-10-15,0.6239999999999997
2024-10-16,0.6499999999999999
2024-10-17,0.633
2024-10-18,0.6219999999999999
2024-10-21,0.6279999999999997
2024-10-22,0.597
2024-10-23,0.6040000000000001
2024-10-24,0.649
2024-10-25,0.6579999999999999
2024-10-28,0.6080000000000001
2024-10-29,0.6040000000000001
2024-10-30,0.6030000000000002
2024-10-31,0.6040000000000001
2024-11-01,0.601
2024-11-04,0.605
2024-11-05,0.6219999999999999
2024-11-06,0.5800000000000001
2024-11-07,0.6179999999999999
2024-11-08,0.6510000000000002
2024-11-11,0.6390000000000002
2024-11-12,0.6400000000000001
2024-11-13,0.6109999999999998
2024-11-14,0.6310000000000002
2024-11-15,0.6190000000000002
2024-11-18,0.645
2024-11-19,0.6710000000000003
2024-11-20,0.6869999999999998
2024-11-21,0.7309999999999999
2024-11-22,0.7440000000000002
2024-11-25,0.7869999999999999
2024-11-26,0.7869999999999999
2024-11-27,0.819
2024-11-28,0.742
2024-11-29,0.7829999999999999
2024-12-02,0.8329999999999997
2024-12-03,0.8250000000000002
2024-12-04,0.794
2024-12-05,0.8169999999999997
2024-12-06,0.7999999999999998
2024-12-09,0.8409999999999997
2024-12-10,0.8959999999999999
2024-12-11,0.8940000000000001
2024-12-12,0.9010000000000002
2024-12-13,0.9290000000000003
2024-12-16,0.9370000000000003
2024-12-17,0.879
2024-12-18,0.984
2024-12-19,0.9369999999999998
2024-12-20,0.9209999999999998
2024-12-23,0.944
2024-12-24,0.944
2024-12-26,0.9319999999999999
2024-12-27,0.9460000000000002
2024-12-30,0.9830000000000001
2024-12-31,0.984
2025-01-02,1.033
2025-01-03,0.9779999999999998
2025-01-06,0.9260000000000002
2025-01-07,0.9319999999999999
2025-01-08,0.9250000000000003
2025-01-09,0.9199999999999999
2025-01-10,0.839
2025-01-13,0.726
2025-01-14,0.7040000000000002
2025-01-15,0.665
2025-01-16,0.694
2025-01-17,0.722
2025-01-20,0.6569999999999996
2025-01-21,0.6909999999999998
2025-01-22,0.6930000000000001
2025-01-23,0.6819999999999999
2025-01-24,0.6800000000000002
2025-01-31,0.677
2025-02-03,0.6779999999999999
2025-02-04,0.6659999999999999
2025-02-05,0.6720000000000002
2025-02-06,0.6680000000000001
2025-02-07,0.6150000000000002
2025-02-10,0.6120000000000001
2025-02-11,0.617
2025-02-12,0.5990000000000002
2025-02-13,0.6190000000000002
2025-02-14,0.6389999999999998
2025-02-17,0.6269999999999998
2025-02-18,0.609
2025-02-19,0.6200000000000001
2025-02-20,0.6219999999999999
2025-02-21,0.5920000000000001
2025-02-24,0.5800000000000001
2025-02-25,0.524
2025-02-26,0.49899999999999967
2025-02-27,0.47799999999999976
2025-02-28,0.484
2025-03-04,0.4889999999999999
2025-03-05,0.45500000000000007
2025-03-06,0.42600000000000016
2025-03-07,0.44499999999999984
2025-03-10,0.4139999999999997
2025-03-11,0.43999999999999995
2025-03-12,0.4500000000000002
2025-03-13,0.43000000000000016
2025-03-14,0.4039999999999999
2025-03-17,0.399
2025-03-18,0.40200000000000014
2025-03-19,0.379
2025-03-20,0.40200000000000014
2025-03-21,0.403
2025-03-24,0.3959999999999999
2025-03-25,0.3879999999999999
2025-03-26,0.3820000000000001
2025-03-27,0.3780000000000001
2025-03-28,0.371
2025-03-31,0.43100000000000005
2025-04-01,0.40900000000000025
2025-04-02,0.3959999999999999
2025-04-03,0.43100000000000005
2025-04-04,0.4890000000000003
2025-04-07,0.5350000000000001
2025-04-08,0.5270000000000001
2025-04-09,0.5059999999999998
2025-04-10,0.5030000000000001
2025-04-11,0.5289999999999999
2025-04-14,0.532
2025-04-15,0.5409999999999999
2025-04-16,0.5790000000000002
2025-04-17,0.5450000000000004
2025-04-18,0.5680000000000001
2025-04-21,0.5990000000000002
2025-04-22,0.6000000000000001
2025-04-23,0.593
2025-04-24,0.589
2025-04-25,0.625
2025-04-28,0.6140000000000003
2025-04-29,0.6200000000000001
2025-04-30,0.6630000000000003
2025-05-02,0.6480000000000001
2025-05-07,0.677
2025-05-08,0.649
2025-05-09,0.5990000000000002
2025-05-12,0.6000000000000001
2025-05-13,0.56
2025-05-14,0.5790000000000002
2025-05-15,0.5680000000000001
2025-05-16,0.6110000000000002
2025-05-19,0.5640000000000001
2025-05-20,0.6000000000000001
2025-05-21,0.585
2025-05-22,0.5940000000000003
2025-05-23,0.5920000000000001
2025-05-26,0.5820000000000003
2025-05-27,0.5900000000000003
2025-05-28,0.6160000000000001
2025-05-29,0.5789999999999997
2025-05-30,0.44300000000000006
2025-06-02,0.43999999999999995
2025-06-04,0.35599999999999987
2025-06-05,0.34799999999999986
2025-06-09,0.3450000000000002
2025-06-10,0.3650000000000002
2025-06-11,0.33099999999999996
2025-06-12,0.3210000000000002
2025-06-13,0.2879999999999998
2025-06-16,0.2669999999999999
2025-06-17,0.29200000000000026
2025-06-18,0.26800000000000024
2025-06-19,0.2650000000000001
2025-06-20,0.27700000000000014
2025-06-23,0.242
2025-06-24,0.26900000000000013
2025-06-25,0.27
2025-06-26,0.2759999999999998
2025-06-27,0.27700000000000014
2025-06-30,0.278
2025-07-01,0.2759999999999998
2025-07-02,0.2469999999999999
2025-07-03,0.28100000000000014
2025-07-04,0.2629999999999999
2025-07-07,0.24799999999999978
2025-07-08,0.2530000000000001
2025-07-09,0.2519999999999998
2025-07-10,0.29700000000000015
2025-07-11,0.28200000000000003
2025-07-14,0.2559999999999998
2025-07-15,0.2669999999999999
2025-07-16,0.2709999999999999
2025-07-17,0.2509999999999999
2025-07-18,0.2559999999999998
2025-07-21,0.274
2025-07-22,0.2669999999999999
2025-07-23,0.2719999999999998
2025-07-24,0.2629999999999999
2025-07-25,0.2450000000000001
2025-07-28,0.266
2025-07-29,0.27
2025-07-30,0.2759999999999998
2025-07-31,0.27
2025-08-01,0.2519999999999998
2025-08-04,0.30900000000000016
2025-08-05,0.30500000000000016
2025-08-06,0.2999999999999998
2025-08-07,0.32200000000000006
2025-08-08,0.3210000000000002
2025-08-11,0.31000000000000005
2025-08-12,0.29899999999999993
2025-08-13,0.31300000000000017
2025-08-14,0.32600000000000007
2025-08-18,0.3039999999999998
2025-08-19,0.28600000000000003
2025-08-20,0.28900000000000015
2025-08-21,0.2919999999999998
2025-08-22,0.274
2025-08-25,0.2959999999999998
2025-08-26,0.30799999999999983
2025-08-27,0.32799999999999985
2025-08-28,0.31400000000000006
2025-08-29,0.3039999999999998
2025-09-01,0.29499999999999993
2025-09-02,0.2799999999999998
2025-09-03,0.2549999999999999
2025-09-04,0.258
2025-09-05,0.27
2025-09-08,0.28200000000000003
2025-09-09,0.30500000000000016
2025-09-10,0.2999999999999998
2025-09-11,0.31000000000000005
2025-09-12,0.29899999999999993
2025-09-15,0.2869999999999999
2025-09-16,0.31300000000000017
2025-09-17,0.31199999999999983
2025-09-18,0.32699999999999996
2025-09-19,0.28900000000000015
2025-09-22,0.2709999999999999
2025-09-23,0.27
2025-09-24,0.2410000000000001
2025-09-25,0.20199999999999996
2025-09-26,0.16800000000000015
2025-09-29,0.16699999999999982
2025-09-30,0.14800000000000013
2025-10-01,0.1339999999999999
2025-10-02,0.14900000000000002
2025-10-10,0.1389999999999998
2025-10-13,0.17600000000000016
2025-10-14,0.19700000000000006
2025-10-15,0.20999999999999996
2025-10-16,0.16100000000000003
2025-10-17,0.17499999999999982
2025-10-20,0.16100000000000003
2025-10-21,0.1299999999999999
2025-10-22,0.15799999999999992
2025-10-23,0.125
2025-10-24,0.1389999999999998
2025-10-27,0.10999999999999988
2025-10-28,0.09699999999999998
2025-10-29,0.052999999999999936
2025-10-30,0.017999999999999794
2025-10-31,0.043999999999999595
2025-11-03,0.018999999999999684
2025-11-04,0.030999999999999694
2025-11-05,0.0030000000000001137
2025-11-06,-0.05400000000000027
2025-11-07,-0.10400000000000009
2025-11-10,-0.06500000000000039
2025-11-11,-0.020999999999999908
2025-11-12,-0.08300000000000018
2025-11-13,-0.07200000000000006
2025-11-14,-0.053999999999999826
2025-11-17,0.005999999999999783
2025-11-18,0.06800000000000006
2025-11-19,0.08099999999999996
2025-11-20,0.052000000000000046
2025-11-21,0.09800000000000031
2025-11-24,0.07600000000000007
2025-11-25,0.08800000000000008
2025-11-26,0.0950000000000002
2025-11-27,0.027000000000000135
2025-11-28,0.07899999999999974
2025-12-01,0.06499999999999995
2025-12-02,0.11800000000000033
2025-12-03,0.129
2025-12-04,0.17500000000000027
2025-12-05,0.22599999999999998
2025-12-08,0.19600000000000017
2025-12-09,0.16599999999999993
2025-12-10,0.1649999999999996
2025-12-11,0.16900000000000004
2025-12-12,0.18699999999999983
2025-12-15,0.29000000000000004
2025-12-16,0.3009999999999997
2025-12-17,0.3039999999999998
2025-12-18,0.33299999999999974
2025-12-19,0.29000000000000004
2025-12-22,0.3009999999999997
2025-12-23,0.33699999999999974
2025-12-24,0.36099999999999977
2025-12-26,0.34199999999999964
2025-12-29,0.36099999999999977
2025-12-30,0.34799999999999986
2025-12-31,0.347
2026-01-02,0.36499999999999977
2026-01-05,0.367
2026-01-06,0.3420000000000001
2026-01-07,0.36999999999999966
2026-01-08,0.37799999999999967
2026-01-09,0.2879999999999998
2026-01-12,0.20999999999999996
2026-01-13,0.1469999999999998
2026-01-14,0.14400000000000013
2026-01-15,0.050000000000000266
2026-01-16,0.06000000000000005
2026-01-19,0.0
2026-01-20,-0.06099999999999994
2026-01-21,-0.008000000000000007
2026-01-22,0.020999999999999908
2026-01-23,-0.007000000000000117
2026-01-26,0.03399999999999981
2026-01-27,0.03600000000000003
2026-01-28,0.06299999999999972
2026-01-29,0.02400000000000002
2026-01-30,-0.008000000000000007
2026-02-02,-0.02200000000000024
2026-02-03,-0.05900000000000016
2026-02-04,-0.0820000000000003
2026-02-05,-0.07400000000000029
2026-02-06,-0.1030000000000002
2026-02-09,-0.137
2026-02-10,-0.0940000000000003
2026-02-11,-0.07000000000000028
2026-02-12,-0.02400000000000002
2026-02-13,-0.01200000000000001
2026-02-19,-0.04800000000000004
2026-02-20,-0.0129999999999999
2026-02-23,-0.02400000000000002
2026-02-24,-0.028000000000000025
2026-02-25,0.005999999999999783
2026-02-26,0.06800000000000006
2026-02-27,0.08899999999999997
2026-03-03,-0.050000000000000266
2026-03-04,-0.09299999999999997
2026-03-05,-0.05900000000000016
2026-03-06,-0.09699999999999998
2026-03-09,-0.29000000000000004
2026-03-10,-0.15300000000000002
2026-03-11,-0.12300000000000022
2026-03-12,-0.14100000000000001
2026-03-13,-0.20800000000000018
2026-03-16,-0.16999999999999993
2026-03-17,-0.19399999999999995
2026-03-18,-0.13100000000000023
2026-03-19,-0.1990000000000003
2026-03-20,-0.28000000000000025
2026-03-23,-0.4870000000000001
2026-03-24,-0.39300000000000024
2026-03-25,-0.42799999999999994
2026-03-26,-0.42200000000000015
2026-03-27,-0.45199999999999996
2026-03-30,-0.4119999999999999
2026-03-31,-0.42200000000000015
2026-04-01,-0.2400000000000002
2026-04-02,-0.347
2026-04-03,-0.31800000000000006
2026-04-06,-0.30200000000000005
2026-04-07,-0.33099999999999996
2026-04-08,-0.20500000000000007
2026-04-09,-0.2280000000000002
2026-04-10,-0.25
2026-04-13,-0.27200000000000024
2026-04-14,-0.23899999999999988
2026-04-15,-0.22799999999999976
2026-04-16,-0.23999999999999977
2026-04-17,-0.28100000000000014
2026-04-20,-0.2679999999999998
