date,USD_CNY
2015-01-02,177.16
2015-01-05,178.14
2015-01-06,176.77
2015-01-07,177.05
2015-01-08,176.29
2015-01-09,175.48
2015-01-12,174.51
2015-01-13,174.6
2015-01-14,174.64
2015-01-15,174.8
2015-01-16,173.35
2015-01-19,173.02
2015-01-20,174.96
2015-01-21,174.2
2015-01-22,174.5
2015-01-23,173.71
2015-01-26,172.63
2015-01-27,172.62
2015-01-28,173.52
2015-01-29,174.8
2015-01-30,174.74
2015-02-02,175.94
2015-02-03,175.18
2015-02-04,173.59
2015-02-05,174.3
2015-02-06,174.61
2015-02-09,175.12
2015-02-10,174.47
2015-02-11,175.65
2015-02-12,177.79
2015-02-13,175.6
2015-02-16,175.97
2015-02-17,175.55
2015-02-23,176.68
2015-02-24,176.86
2015-02-25,175.19
2015-02-26,175.02
2015-02-27,174.68
2015-03-02,175.02
2015-03-03,174.5
2015-03-04,174.85
2015-03-05,175.33
2015-03-06,175.16
2015-03-09,177.14
2015-03-10,178.86
2015-03-11,179.47
2015-03-12,179.47
2015-03-13,179.77
2015-03-16,180.35
2015-03-17,180.32
2015-03-18,180.94
2015-03-19,180.0
2015-03-20,180.86
2015-03-23,179.55
2015-03-24,177.88
2015-03-25,177.13
2015-03-26,178.21
2015-03-27,177.36
2015-03-30,177.75
2015-03-31,178.8
2015-04-01,177.69
2015-04-02,176.6
2015-04-03,176.22
2015-04-06,175.1
2015-04-07,175.74
2015-04-08,175.8
2015-04-09,175.89
2015-04-10,175.72
2015-04-13,176.45
2015-04-14,175.92
2015-04-15,176.7
2015-04-16,175.7
2015-04-17,175.11
2015-04-20,174.04
2015-04-21,174.81
2015-04-22,174.33
2015-04-23,174.68
2015-04-24,174.33
2015-04-27,173.0
2015-04-28,172.3
2015-04-29,172.08
2015-04-30,172.83
2015-05-04,173.61
2015-05-06,174.13
2015-05-07,175.53
2015-05-08,175.23
2015-05-11,175.69
2015-05-12,176.44
2015-05-13,177.2
2015-05-14,175.8
2015-05-15,174.84
2015-05-18,174.97
2015-05-19,175.37
2015-05-20,176.56
2015-05-21,176.35
2015-05-22,175.84
2015-05-26,177.43
2015-05-27,178.19
2015-05-28,178.43
2015-05-29,178.65
2015-06-01,178.98
2015-06-02,179.37
2015-06-03,178.2
2015-06-04,179.49
2015-06-05,178.92
2015-06-08,180.89
2015-06-09,180.16
2015-06-10,178.44
2015-06-11,178.46
2015-06-12,179.43
2015-06-15,179.75
2015-06-16,180.07
2015-06-17,179.93
2015-06-18,178.38
2015-06-19,178.33
2015-06-22,177.16
2015-06-23,178.03
2015-06-24,178.69
2015-06-25,178.86
2015-06-26,179.8
2015-06-29,181.11
2015-06-30,179.64
2015-07-01,180.13
2015-07-02,181.34
2015-07-03,180.97
2015-07-06,181.29
2015-07-07,181.82
2015-07-08,182.77
2015-07-09,182.46
2015-07-10,181.73
2015-07-13,181.93
2015-07-14,183.75
2015-07-15,184.03
2015-07-16,184.88
2015-07-17,184.69
2015-07-20,185.47
2015-07-21,186.43
2015-07-22,185.79
2015-07-23,187.27
2015-07-24,187.71
2015-07-27,187.49
2015-07-28,187.34
2015-07-29,186.35
2015-07-30,187.82
2015-07-31,188.22
2015-08-03,187.42
2015-08-04,187.44
2015-08-05,188.72
2015-08-06,187.48
2015-08-07,187.85
2015-08-10,187.1
2015-08-11,185.2
2015-08-12,181.63
2015-08-13,181.66
2015-08-17,183.75
2015-08-18,183.79
2015-08-19,184.04
2015-08-20,184.03
2015-08-21,185.17
2015-08-24,185.43
2015-08-25,184.56
2015-08-26,182.8
2015-08-27,182.82
2015-08-28,181.79
2015-08-31,183.63
2015-09-01,182.71
2015-09-02,183.19
2015-09-03,184.52
2015-09-04,184.83
2015-09-07,186.32
2015-09-08,185.6
2015-09-09,184.2
2015-09-10,184.55
2015-09-11,185.15
2015-09-14,184.79
2015-09-15,185.38
2015-09-16,183.65
2015-09-17,182.1
2015-09-18,181.91
2015-09-21,183.51
2015-09-22,184.09
2015-09-23,185.35
2015-09-24,185.59
2015-09-25,186.3
2015-09-30,186.72
2015-10-01,184.92
2015-10-02,185.24
2015-10-05,184.3
2015-10-06,183.41
2015-10-07,183.35
2015-10-08,182.33
2015-10-12,180.95
2015-10-13,181.6
2015-10-14,180.61
2015-10-15,176.16
2015-10-16,177.44
2015-10-19,175.91
2015-10-20,177.21
2015-10-21,178.0
2015-10-22,178.66
2015-10-23,176.11
2015-10-26,177.2
2015-10-27,176.93
2015-10-28,176.76
2015-10-29,179.21
2015-10-30,179.9
2015-11-02,179.11
2015-11-03,178.59
2015-11-04,178.34
2015-11-05,178.9
2015-11-06,179.43
2015-11-09,180.99
2015-11-10,180.95
2015-11-11,180.69
2015-11-12,181.21
2015-11-13,181.75
2015-11-16,182.84
2015-11-17,182.93
2015-11-18,182.79
2015-11-19,181.33
2015-11-20,180.2
2015-11-23,180.12
2015-11-24,179.62
2015-11-25,178.13
2015-11-26,178.58
2015-11-27,179.0
2015-11-30,179.85
2015-12-01,179.8
2015-12-02,180.74
2015-12-03,180.61
2015-12-04,179.89
2015-12-07,180.9
2015-12-08,181.41
2015-12-09,181.62
2015-12-10,181.22
2015-12-11,181.09
2015-12-14,180.83
2015-12-15,180.76
2015-12-16,180.5
2015-12-17,180.21
2015-12-18,180.34
2015-12-21,179.78
2015-12-22,179.27
2015-12-23,179.49
2015-12-24,178.57
2015-12-28,178.12
2015-12-29,178.08
2015-12-30,177.85
2016-01-04,179.45
2016-01-05,179.02
2016-01-06,179.13
2016-01-07,179.4
2016-01-08,179.24
2016-01-11,181.46
2016-01-12,183.89
2016-01-13,183.13
2016-01-14,183.77
2016-01-15,183.29
2016-01-18,183.93
2016-01-19,182.75
2016-01-20,184.04
2016-01-21,183.54
2016-01-22,181.76
2016-01-25,180.66
2016-01-26,182.01
2016-01-27,181.96
2016-01-28,182.7
2016-01-29,181.24
2016-02-01,181.7
2016-02-02,182.5
2016-02-03,183.6
2016-02-04,181.73
2016-02-05,182.09
2016-02-11,184.03
2016-02-12,185.18
2016-02-15,186.05
2016-02-16,186.7
2016-02-17,187.95
2016-02-18,188.16
2016-02-19,189.19
2016-02-22,189.23
2016-02-23,188.43
2016-02-24,188.88
2016-02-25,189.54
2016-02-26,189.34
2016-02-29,188.9
2016-03-02,187.35
2016-03-03,185.69
2016-03-04,185.01
2016-03-07,184.61
2016-03-08,185.4
2016-03-09,186.62
2016-03-10,184.6
2016-03-11,183.96
2016-03-14,182.8
2016-03-15,182.73
2016-03-16,183.02
2016-03-17,180.66
2016-03-18,179.86
2016-03-21,179.53
2016-03-22,178.01
2016-03-23,178.77
2016-03-24,179.03
2016-03-25,179.11
2016-03-28,178.7
2016-03-29,178.71
2016-03-30,177.42
2016-03-31,176.63
2016-04-01,178.36
2016-04-04,177.14
2016-04-05,178.32
2016-04-06,178.26
2016-04-07,177.65
2016-04-08,177.8
2016-04-11,177.03
2016-04-12,176.92
2016-04-14,177.95
2016-04-15,176.63
2016-04-18,177.33
2016-04-19,175.34
2016-04-20,175.39
2016-04-21,174.84
2016-04-22,176.1
2016-04-25,176.29
2016-04-26,176.94
2016-04-27,176.62
2016-04-28,175.16
2016-04-29,175.8
2016-05-02,175.43
2016-05-03,175.93
2016-05-04,177.52
2016-05-09,178.88
2016-05-10,179.28
2016-05-11,178.71
2016-05-12,177.89
2016-05-13,179.02
2016-05-16,180.1
2016-05-17,179.45
2016-05-18,180.58
2016-05-19,181.52
2016-05-20,181.48
2016-05-23,180.3
2016-05-24,181.72
2016-05-25,180.2
2016-05-26,180.06
2016-05-27,179.67
2016-05-30,180.96
2016-05-31,180.85
2016-06-01,180.91
2016-06-02,180.16
2016-06-03,179.61
2016-06-07,176.8
2016-06-08,175.96
2016-06-09,175.97
2016-06-10,176.88
2016-06-13,177.85
2016-06-14,177.8
2016-06-15,177.62
2016-06-16,177.83
2016-06-17,177.84
2016-06-20,176.2
2016-06-21,175.72
2016-06-22,175.11
2016-06-23,174.69
2016-06-24,177.49
2016-06-27,177.55
2016-06-28,175.3
2016-06-29,174.2
2016-06-30,172.88
2016-07-01,171.72
2016-07-04,171.73
2016-07-05,172.91
2016-07-06,173.88
2016-07-07,172.41
2016-07-08,173.51
2016-07-11,171.25
2016-07-12,171.3
2016-07-13,171.4
2016-07-14,169.94
2016-07-15,169.48
2016-07-18,169.48
2016-07-19,169.25
2016-07-20,170.31
2016-07-21,170.22
2016-07-22,169.97
2016-07-25,169.98
2016-07-26,169.88
2016-07-27,169.96
2016-07-28,168.72
2016-07-29,168.3
2016-08-01,167.0
2016-08-02,166.9
2016-08-03,168.38
2016-08-04,167.79
2016-08-05,166.94
2016-08-08,166.2
2016-08-09,165.83
2016-08-10,164.59
2016-08-11,165.55
2016-08-12,165.79
2016-08-16,164.68
2016-08-17,166.98
2016-08-18,166.9
2016-08-19,168.02
2016-08-22,168.73
2016-08-23,167.61
2016-08-24,168.29
2016-08-25,167.3
2016-08-26,166.82
2016-08-29,168.2
2016-08-30,167.35
2016-08-31,166.6
2016-09-01,167.71
2016-09-02,167.01
2016-09-05,165.22
2016-09-06,165.11
2016-09-07,163.41
2016-09-08,163.76
2016-09-09,164.12
2016-09-12,166.45
2016-09-13,167.5
2016-09-19,167.63
2016-09-20,167.92
2016-09-21,167.74
2016-09-22,165.3
2016-09-23,165.16
2016-09-26,165.92
2016-09-27,164.2
2016-09-28,164.1
2016-09-29,164.39
2016-09-30,164.55
2016-10-04,165.82
2016-10-05,166.38
2016-10-06,166.14
2016-10-07,166.45
2016-10-10,165.15
2016-10-11,166.67
2016-10-12,167.18
2016-10-13,168.58
2016-10-14,168.19
2016-10-17,168.7
2016-10-18,167.46
2016-10-19,166.53
2016-10-20,167.15
2016-10-21,167.76
2016-10-24,166.93
2016-10-25,167.1
2016-10-26,167.32
2016-10-27,168.3
2016-10-28,168.6
2016-10-31,168.68
2016-11-01,167.97
2016-11-02,169.59
2016-11-03,168.22
2016-11-04,168.93
2016-11-07,168.4
2016-11-08,167.04
2016-11-09,169.17
2016-11-10,168.98
2016-11-11,170.49
2016-11-14,171.2
2016-11-15,170.26
2016-11-16,169.94
2016-11-17,170.72
2016-11-18,171.04
2016-11-21,171.5
2016-11-22,170.15
2016-11-23,169.97
2016-11-24,169.82
2016-11-25,169.7
2016-11-28,168.94
2016-11-29,169.01
2016-11-30,169.45
2016-12-01,169.22
2016-12-02,170.2
2016-12-05,170.72
2016-12-06,170.17
2016-12-07,169.25
2016-12-08,168.08
2016-12-09,168.61
2016-12-12,168.53
2016-12-13,168.4
2016-12-14,168.93
2016-12-15,169.98
2016-12-16,170.75
2016-12-19,170.92
2016-12-20,171.79
2016-12-21,171.99
2016-12-22,172.85
2016-12-23,173.0
2016-12-26,172.88
2016-12-27,173.63
2016-12-28,173.96
2016-12-29,173.05
2017-01-02,173.1
2017-01-03,172.76
2017-01-04,173.83
2017-01-05,174.4
2017-01-06,174.88
2017-01-09,175.47
2017-01-10,173.8
2017-01-11,173.48
2017-01-12,171.93
2017-01-13,171.54
2017-01-16,172.44
2017-01-17,171.67
2017-01-18,171.09
2017-01-19,172.22
2017-01-20,171.03
2017-01-23,170.82
2017-01-24,170.99
2017-01-25,170.68
2017-01-26,169.65
2017-01-31,169.39
2017-02-01,169.42
2017-02-02,168.21
2017-02-03,168.31
2017-02-06,167.21
2017-02-07,167.9
2017-02-08,167.57
2017-02-09,167.26
2017-02-10,167.61
2017-02-13,167.5
2017-02-14,165.75
2017-02-15,166.68
2017-02-16,166.67
2017-02-17,167.28
2017-02-20,167.5
2017-02-21,167.01
2017-02-22,166.36
2017-02-23,165.67
2017-02-24,164.91
2017-02-27,165.12
2017-02-28,164.83
2017-03-02,165.96
2017-03-03,167.69
2017-03-06,167.9
2017-03-07,166.22
2017-03-08,165.98
2017-03-09,167.39
2017-03-10,167.61
2017-03-13,165.96
2017-03-14,166.37
2017-03-15,165.82
2017-03-16,164.88
2017-03-17,164.61
2017-03-20,162.58
2017-03-21,162.55
2017-03-22,163.5
2017-03-23,163.35
2017-03-24,163.16
2017-03-27,162.42
2017-03-28,162.09
2017-03-29,162.15
2017-03-30,162.46
2017-03-31,162.34
2017-04-03,162.24
2017-04-04,163.26
2017-04-05,163.44
2017-04-06,164.5
2017-04-07,164.57
2017-04-10,165.34
2017-04-11,165.92
2017-04-12,165.41
2017-04-13,164.22
2017-04-14,165.51
2017-04-17,165.38
2017-04-18,165.94
2017-04-19,165.65
2017-04-20,165.63
2017-04-21,164.85
2017-04-24,164.09
2017-04-25,163.52
2017-04-26,163.33
2017-04-27,163.75
2017-04-28,164.97
2017-05-02,163.95
2017-05-04,164.29
2017-05-08,163.87
2017-05-10,164.3
2017-05-11,163.27
2017-05-12,163.38
2017-05-15,162.87
2017-05-16,162.04
2017-05-17,162.48
2017-05-18,163.37
2017-05-19,163.6
2017-05-22,162.56
2017-05-23,163.36
2017-05-24,163.71
2017-05-25,162.85
2017-05-26,163.77
2017-05-29,164.57
2017-05-30,164.66
2017-05-31,165.03
2017-06-01,166.36
2017-06-02,165.24
2017-06-05,164.85
2017-06-07,165.96
2017-06-08,165.7
2017-06-09,165.53
2017-06-12,166.04
2017-06-13,166.25
2017-06-14,165.52
2017-06-15,165.66
2017-06-16,166.43
2017-06-19,166.15
2017-06-20,166.27
2017-06-21,167.45
2017-06-22,167.01
2017-06-23,166.5
2017-06-26,165.93
2017-06-27,166.57
2017-06-28,168.16
2017-06-29,168.18
2017-06-30,168.95
2017-07-03,169.01
2017-07-04,169.23
2017-07-05,169.22
2017-07-06,170.12
2017-07-07,169.76
2017-07-10,169.0
2017-07-11,169.17
2017-07-12,168.62
2017-07-13,167.68
2017-07-14,167.22
2017-07-17,166.65
2017-07-18,166.38
2017-07-19,165.91
2017-07-20,166.46
2017-07-21,165.49
2017-07-24,164.9
2017-07-25,165.34
2017-07-26,166.07
2017-07-27,165.35
2017-07-28,166.27
2017-07-31,166.3
2017-08-01,166.73
2017-08-02,166.94
2017-08-03,167.68
2017-08-04,167.34
2017-08-07,167.56
2017-08-08,167.75
2017-08-09,169.47
2017-08-10,170.89
2017-08-11,171.04
2017-08-14,170.61
2017-08-16,170.29
2017-08-17,170.26
2017-08-18,170.63
2017-08-21,170.5
2017-08-22,170.23
2017-08-23,169.8
2017-08-24,169.38
2017-08-25,169.47
2017-08-28,168.91
2017-08-29,170.3
2017-08-30,170.55
2017-08-31,170.67
2017-09-01,170.53
2017-09-04,173.13
2017-09-05,172.9
2017-09-06,173.54
2017-09-07,172.94
2017-09-08,174.5
2017-09-11,173.44
2017-09-12,172.73
2017-09-13,172.93
2017-09-14,172.85
2017-09-15,172.9
2017-09-18,171.93
2017-09-19,171.74
2017-09-20,171.87
2017-09-21,171.9
2017-09-22,172.67
2017-09-25,171.48
2017-09-26,171.94
2017-09-27,172.0
2017-09-28,172.16
2017-09-29,171.97
2017-10-10,172.58
2017-10-11,172.75
2017-10-12,172.27
2017-10-13,171.75
2017-10-16,171.53
2017-10-17,171.38
2017-10-18,170.83
2017-10-19,170.77
2017-10-20,170.87
2017-10-23,170.41
2017-10-24,170.05
2017-10-25,169.85
2017-10-26,169.54
2017-10-27,169.82
2017-10-30,169.16
2017-10-31,169.0
2017-11-01,168.27
2017-11-02,168.78
2017-11-03,168.23
2017-11-06,168.0
2017-11-07,167.83
2017-11-08,167.84
2017-11-09,168.24
2017-11-10,168.15
2017-11-13,168.44
2017-11-14,168.18
2017-11-15,167.64
2017-11-16,166.19
2017-11-17,165.46
2017-11-20,165.69
2017-11-21,165.03
2017-11-22,164.85
2017-11-23,164.74
2017-11-24,164.68
2017-11-27,165.08
2017-11-28,164.17
2017-11-29,163.03
2017-11-30,164.46
2017-12-01,164.22
2017-12-04,164.65
2017-12-05,164.17
2017-12-06,165.2
2017-12-07,165.2
2017-12-08,164.82
2017-12-11,165.01
2017-12-12,164.88
2017-12-13,164.74
2017-12-14,164.78
2017-12-15,164.89
2017-12-18,164.69
2017-12-19,164.01
2017-12-20,164.03
2017-12-21,164.82
2017-12-22,164.5
2017-12-26,164.32
2017-12-27,163.99
2017-12-28,163.15
2018-01-02,163.36
2018-01-03,163.75
2018-01-04,163.41
2018-01-05,163.96
2018-01-08,164.33
2018-01-09,164.1
2018-01-10,164.14
2018-01-11,164.49
2018-01-12,164.2
2018-01-15,165.27
2018-01-16,165.21
2018-01-17,166.05
2018-01-18,166.22
2018-01-19,166.78
2018-01-22,166.89
2018-01-23,167.32
2018-01-24,167.38
2018-01-25,167.5
2018-01-26,168.13
2018-01-29,168.35
2018-01-30,169.27
2018-01-31,169.26
2018-02-01,170.15
2018-02-02,171.66
2018-02-05,172.63
2018-02-06,173.24
2018-02-07,173.36
2018-02-08,171.47
2018-02-09,172.11
2018-02-12,171.75
2018-02-13,171.23
2018-02-14,170.06
2018-02-19,169.19
2018-02-20,169.88
2018-02-21,169.68
2018-02-22,170.88
2018-02-23,170.22
2018-02-26,170.08
2018-02-27,170.07
2018-02-28,171.06
2018-03-02,170.09
2018-03-05,170.79
2018-03-06,169.8
2018-03-07,169.2
2018-03-08,169.12
2018-03-09,168.61
2018-03-12,168.32
2018-03-13,168.75
2018-03-14,168.59
2018-03-15,168.86
2018-03-16,168.74
2018-03-19,169.22
2018-03-20,168.98
2018-03-21,169.44
2018-03-22,169.75
2018-03-23,171.1
2018-03-26,171.45
2018-03-27,171.3
2018-03-28,170.5
2018-03-29,169.61
2018-03-30,169.74
2018-04-02,168.53
2018-04-03,168.17
2018-04-04,168.4
2018-04-05,168.57
2018-04-06,169.36
2018-04-09,169.51
2018-04-10,169.45
2018-04-11,169.98
2018-04-12,170.45
2018-04-13,170.29
2018-04-16,171.06
2018-04-17,170.18
2018-04-18,170.05
2018-04-19,169.47
2018-04-20,169.95
2018-04-23,169.9
2018-04-24,170.65
2018-04-25,171.28
2018-04-26,170.95
2018-04-27,169.85
2018-04-30,169.15
2018-05-02,169.3
2018-05-03,169.32
2018-05-04,169.56
2018-05-08,169.32
2018-05-09,169.5
2018-05-10,168.59
2018-05-11,168.75
2018-05-14,168.67
2018-05-15,169.25
2018-05-16,169.42
2018-05-17,170.14
2018-05-18,169.57
2018-05-21,170.27
2018-05-23,169.55
2018-05-24,169.06
2018-05-25,168.84
2018-05-28,168.2
2018-05-29,167.85
2018-05-30,168.17
2018-05-31,168.44
2018-06-01,167.64
2018-06-04,167.17
2018-06-05,167.25
2018-06-07,167.39
2018-06-08,168.06
2018-06-11,168.0
2018-06-12,168.33
2018-06-14,169.54
2018-06-15,171.05
2018-06-18,171.2
2018-06-19,171.64
2018-06-20,170.72
2018-06-21,170.71
2018-06-22,170.31
2018-06-25,170.58
2018-06-26,169.94
2018-06-27,169.31
2018-06-28,169.9
2018-06-29,168.19
2018-07-02,168.02
2018-07-03,166.7
2018-07-04,168.25
2018-07-05,168.22
2018-07-06,167.5
2018-07-09,167.8
2018-07-10,168.57
2018-07-11,167.83
2018-07-12,167.88
2018-07-13,168.18
2018-07-16,168.36
2018-07-17,167.92
2018-07-18,168.02
2018-07-19,167.11
2018-07-20,166.86
2018-07-23,166.84
2018-07-24,166.06
2018-07-25,165.63
2018-07-26,164.93
2018-07-27,163.84
2018-07-30,163.71
2018-07-31,163.66
2018-08-01,164.02
2018-08-02,164.83
2018-08-03,163.65
2018-08-06,164.09
2018-08-07,163.91
2018-08-08,163.78
2018-08-09,163.73
2018-08-10,164.52
2018-08-13,164.87
2018-08-14,163.93
2018-08-16,164.02
2018-08-17,163.74
2018-08-20,164.01
2018-08-21,163.66
2018-08-22,163.6
2018-08-23,163.3
2018-08-24,162.7
2018-08-27,163.63
2018-08-28,162.96
2018-08-29,162.82
2018-08-30,162.19
2018-08-31,162.67
2018-09-03,162.32
2018-09-04,163.03
2018-09-05,163.42
2018-09-06,164.08
2018-09-07,164.08
2018-09-10,164.31
2018-09-11,163.72
2018-09-12,164.05
2018-09-13,163.96
2018-09-14,163.05
2018-09-17,164.0
2018-09-18,163.71
2018-09-19,163.58
2018-09-20,163.54
2018-09-21,163.32
2018-09-27,161.77
2018-09-28,161.05
2018-10-01,161.38
2018-10-02,162.5
2018-10-04,163.77
2018-10-05,163.73
2018-10-08,164.05
2018-10-10,163.83
2018-10-11,164.98
2018-10-12,163.91
2018-10-15,163.92
2018-10-16,162.94
2018-10-17,162.93
2018-10-18,163.66
2018-10-19,163.2
2018-10-22,162.82
2018-10-23,163.72
2018-10-24,163.02
2018-10-25,163.74
2018-10-26,163.86
2018-10-29,163.83
2018-10-30,163.38
2018-10-31,163.42
2018-11-01,163.33
2018-11-02,162.7
2018-11-05,162.48
2018-11-06,162.54
2018-11-07,162.03
2018-11-08,161.19
2018-11-09,162.46
2018-11-12,163.03
2018-11-13,163.02
2018-11-14,163.25
2018-11-15,163.01
2018-11-16,162.9
2018-11-19,162.77
2018-11-20,162.38
2018-11-21,163.01
2018-11-22,163.13
2018-11-23,163.09
2018-11-26,162.66
2018-11-27,162.56
2018-11-28,162.14
2018-11-29,161.45
2018-11-30,161.45
2018-12-03,161.05
2018-12-04,161.87
2018-12-05,162.27
2018-12-06,162.72
2018-12-07,162.75
2018-12-10,163.22
2018-12-11,163.75
2018-12-12,163.89
2018-12-13,163.63
2018-12-14,164.14
2018-12-17,164.08
2018-12-18,163.92
2018-12-19,163.09
2018-12-20,163.23
2018-12-21,162.63
2018-12-24,162.94
2018-12-26,163.25
2018-12-27,162.5
2018-12-28,162.43
2019-01-02,163.09
2019-01-03,163.81
2019-01-04,163.51
2019-01-07,163.33
2019-01-08,163.6
2019-01-09,164.08
2019-01-10,164.69
2019-01-11,165.25
2019-01-14,165.89
2019-01-15,165.81
2019-01-16,165.45
2019-01-17,165.8
2019-01-18,165.37
2019-01-21,165.9
2019-01-22,165.93
2019-01-23,166.03
2019-01-24,166.12
2019-01-25,165.38
2019-01-28,165.69
2019-01-29,165.27
2019-01-30,165.85
2019-01-31,165.68
2019-02-01,165.84
2019-02-07,165.91
2019-02-08,165.55
2019-02-11,165.81
2019-02-12,165.52
2019-02-13,165.94
2019-02-14,166.19
2019-02-15,166.33
2019-02-18,166.24
2019-02-19,166.3
2019-02-20,167.02
2019-02-21,167.85
2019-02-22,167.3
2019-02-25,167.7
2019-02-26,166.96
2019-02-27,167.25
2019-02-28,168.1
2019-03-04,168.03
2019-03-05,167.92
2019-03-06,167.95
2019-03-07,168.11
2019-03-08,168.9
2019-03-11,168.5
2019-03-12,167.93
2019-03-13,168.52
2019-03-14,168.89
2019-03-15,169.17
2019-03-18,168.6
2019-03-19,168.23
2019-03-20,168.36
2019-03-21,168.77
2019-03-22,168.5
2019-03-25,168.85
2019-03-26,168.87
2019-03-27,168.74
2019-03-28,168.89
2019-03-29,168.67
2019-04-01,168.86
2019-04-02,169.05
2019-04-03,169.02
2019-04-04,169.11
2019-04-05,169.35
2019-04-08,170.28
2019-04-09,170.0
2019-04-10,169.5
2019-04-11,169.53
2019-04-12,169.39
2019-04-15,168.96
2019-04-16,169.28
2019-04-17,169.58
2019-04-18,169.98
2019-04-19,169.68
2019-04-22,170.05
2019-04-23,170.01
2019-04-24,171.08
2019-04-25,172.23
2019-04-26,172.14
2019-04-29,171.98
2019-04-30,173.13
2019-05-02,172.85
2019-05-03,173.5
2019-05-07,172.0
2019-05-08,172.26
2019-05-09,172.77
2019-05-10,172.38
2019-05-13,172.25
2019-05-14,172.25
2019-05-15,172.3
2019-05-16,172.26
2019-05-17,172.2
2019-05-20,172.0
2019-05-21,172.25
2019-05-22,172.05
2019-05-23,171.47
2019-05-24,171.66
2019-05-27,171.4
2019-05-28,171.6
2019-05-29,172.3
2019-05-30,171.69
2019-05-31,171.78
2019-06-03,170.64
2019-06-04,170.83
2019-06-05,170.14
2019-06-07,170.22
2019-06-10,170.56
2019-06-11,170.37
2019-06-12,170.67
2019-06-13,170.66
2019-06-14,170.92
2019-06-17,171.22
2019-06-18,170.93
2019-06-19,170.28
2019-06-20,169.28
2019-06-21,169.3
2019-06-24,168.26
2019-06-25,168.01
2019-06-26,168.04
2019-06-27,168.31
2019-06-28,168.24
2019-07-01,169.23
2019-07-02,169.85
2019-07-03,169.87
2019-07-04,170.0
2019-07-05,170.1
2019-07-08,171.3
2019-07-09,171.35
2019-07-10,171.55
2019-07-11,170.85
2019-07-12,171.5
2019-07-15,171.59
2019-07-16,171.33
2019-07-17,171.6
2019-07-18,171.35
2019-07-19,170.72
2019-07-22,171.3
2019-07-23,171.28
2019-07-24,171.15
2019-07-25,171.84
2019-07-26,172.24
2019-07-29,171.7
2019-07-30,171.48
2019-07-31,171.55
2019-08-01,172.0
2019-08-02,172.14
2019-08-05,171.66
2019-08-06,171.88
2019-08-07,171.55
2019-08-08,170.99
2019-08-09,171.08
2019-08-12,171.44
2019-08-13,172.02
2019-08-14,172.52
2019-08-16,171.79
2019-08-19,171.61
2019-08-20,170.85
2019-08-21,170.25
2019-08-22,170.43
2019-08-23,170.61
2019-08-26,169.89
2019-08-27,169.02
2019-08-28,169.42
2019-08-29,169.57
2019-08-30,169.25
2019-09-02,168.96
2019-09-03,169.25
2019-09-04,168.6
2019-09-05,168.05
2019-09-06,167.53
2019-09-09,167.23
2019-09-10,167.73
2019-09-11,167.56
2019-09-16,167.52
2019-09-17,168.01
2019-09-18,168.2
2019-09-19,168.09
2019-09-20,167.89
2019-09-23,167.92
2019-09-24,168.18
2019-09-25,168.38
2019-09-26,168.18
2019-09-27,168.29
2019-09-30,167.78
2019-10-01,167.84
2019-10-02,168.58
2019-10-04,167.9
2019-10-07,167.93
2019-10-08,167.52
2019-10-10,168.14
2019-10-11,167.26
2019-10-14,167.8
2019-10-15,167.4
2019-10-16,167.3
2019-10-17,167.13
2019-10-18,166.78
2019-10-21,165.85
2019-10-22,165.5
2019-10-23,165.55
2019-10-24,166.01
2019-10-25,166.1
2019-10-28,165.81
2019-10-29,164.88
2019-10-30,165.42
2019-10-31,165.37
2019-11-01,165.44
2019-11-04,165.05
2019-11-05,165.05
2019-11-06,165.29
2019-11-07,165.24
2019-11-08,165.75
2019-11-11,166.37
2019-11-12,166.04
2019-11-13,166.41
2019-11-14,166.71
2019-11-15,166.5
2019-11-18,166.03
2019-11-19,166.32
2019-11-20,166.35
2019-11-21,167.31
2019-11-22,167.51
2019-11-25,167.18
2019-11-26,167.34
2019-11-27,167.58
2019-11-28,167.87
2019-11-29,168.0
2019-12-02,168.23
2019-12-03,168.56
2019-12-04,168.84
2019-12-05,168.67
2019-12-06,168.98
2019-12-09,169.13
2019-12-10,169.35
2019-12-11,169.78
2019-12-12,168.83
2019-12-13,168.12
2019-12-16,167.53
2019-12-17,166.65
2019-12-18,166.8
2019-12-19,166.46
2019-12-20,165.65
2019-12-23,166.06
2019-12-24,165.98
2019-12-26,166.13
2019-12-27,166.01
2019-12-30,165.6
2020-01-02,166.33
2020-01-03,167.51
2020-01-06,168.03
2020-01-07,167.78
2020-01-08,168.65
2020-01-09,167.41
2020-01-10,167.64
2020-01-13,167.53
2020-01-14,168.12
2020-01-15,167.82
2020-01-16,168.45
2020-01-17,168.6
2020-01-20,169.05
2020-01-21,169.15
2020-01-22,168.7
2020-01-23,168.62
2020-01-28,168.75
2020-01-29,168.98
2020-01-30,169.64
2020-01-31,170.58
2020-02-03,170.31
2020-02-04,169.72
2020-02-05,170.06
2020-02-06,169.37
2020-02-07,170.04
2020-02-10,169.96
2020-02-11,169.48
2020-02-12,169.25
2020-02-13,169.34
2020-02-14,169.31
2020-02-17,169.5
2020-02-18,169.95
2020-02-19,169.76
2020-02-20,170.6
2020-02-21,171.59
2020-02-24,173.23
2020-02-25,172.61
2020-02-26,172.97
2020-02-27,173.09
2020-02-28,173.3
2020-03-02,171.28
2020-03-03,171.23
2020-03-04,171.02
2020-03-05,170.32
2020-03-06,171.47
2020-03-09,173.46
2020-03-10,171.93
2020-03-11,171.82
2020-03-12,172.63
2020-03-13,174.62
2020-03-16,174.77
2020-03-17,177.55
2020-03-18,176.98
2020-03-19,181.34
2020-03-20,175.39
2020-03-23,178.24
2020-03-24,176.05
2020-03-25,173.49
2020-03-26,172.83
2020-03-27,171.12
2020-03-30,172.29
2020-03-31,171.48
2020-04-01,173.08
2020-04-02,172.93
2020-04-03,173.38
2020-04-06,173.1
2020-04-07,172.4
2020-04-08,172.5
2020-04-09,172.36
2020-04-10,171.4
2020-04-13,172.62
2020-04-14,172.47
2020-04-16,173.41
2020-04-17,171.96
2020-04-20,172.23
2020-04-21,173.26
2020-04-22,173.88
2020-04-23,173.39
2020-04-24,174.07
2020-04-27,173.21
2020-04-28,172.64
2020-04-29,172.1
2020-05-04,172.16
2020-05-06,172.14
2020-05-07,172.2
2020-05-08,172.12
2020-05-11,172.07
2020-05-12,172.41
2020-05-13,172.36
2020-05-14,172.7
2020-05-15,173.03
2020-05-18,172.75
2020-05-19,172.11
2020-05-20,172.87
2020-05-21,173.04
2020-05-22,173.18
2020-05-25,173.84
2020-05-26,172.87
2020-05-27,172.07
2020-05-28,172.91
2020-05-29,172.55
2020-06-01,171.82
2020-06-02,171.89
2020-06-03,170.98
2020-06-04,170.95
2020-06-05,170.43
2020-06-08,170.24
2020-06-09,169.33
2020-06-10,168.6
2020-06-11,169.35
2020-06-12,170.2
2020-06-15,171.43
2020-06-16,170.78
2020-06-17,171.52
2020-06-18,170.9
2020-06-19,170.9
2020-06-22,171.85
2020-06-23,170.92
2020-06-24,169.84
2020-06-25,169.99
2020-06-26,169.54
2020-06-29,169.61
2020-06-30,170.13
2020-07-01,170.23
2020-07-02,169.83
2020-07-03,169.74
2020-07-06,169.82
2020-07-07,170.3
2020-07-08,170.28
2020-07-09,171.16
2020-07-10,171.87
2020-07-13,171.48
2020-07-14,171.95
2020-07-15,171.61
2020-07-16,172.26
2020-07-17,172.28
2020-07-20,172.2
2020-07-21,171.32
2020-07-22,171.39
2020-07-23,171.1
2020-07-24,171.12
2020-07-27,170.78
2020-07-28,171.0
2020-07-29,170.33
2020-07-30,170.51
2020-07-31,170.28
2020-08-03,170.89
2020-08-04,171.04
2020-08-05,171.01
2020-08-06,170.59
2020-08-07,170.17
2020-08-10,170.2
2020-08-11,170.63
2020-08-12,170.6
2020-08-13,170.64
2020-08-14,170.6
2020-08-18,171.14
2020-08-19,170.87
2020-08-20,171.64
2020-08-21,171.99
2020-08-24,171.97
2020-08-25,171.64
2020-08-26,172.04
2020-08-27,172.25
2020-08-28,172.53
2020-08-31,173.23
2020-09-01,173.41
2020-09-02,173.59
2020-09-03,173.69
2020-09-04,173.88
2020-09-07,173.91
2020-09-08,173.72
2020-09-09,173.54
2020-09-10,173.15
2020-09-11,173.61
2020-09-14,173.29
2020-09-15,173.94
2020-09-16,173.68
2020-09-17,173.38
2020-09-18,171.9
2020-09-21,171.3
2020-09-22,171.42
2020-09-23,171.43
2020-09-24,171.61
2020-09-25,171.73
2020-09-28,171.67
2020-09-29,171.15
2020-10-05,172.33
2020-10-06,172.56
2020-10-07,172.02
2020-10-08,171.32
2020-10-12,170.93
2020-10-13,170.18
2020-10-14,170.24
2020-10-15,170.18
2020-10-16,170.75
2020-10-19,170.66
2020-10-20,170.66
2020-10-21,170.51
2020-10-22,170.3
2020-10-23,169.67
2020-10-26,168.91
2020-10-27,168.27
2020-10-28,168.51
2020-10-29,168.66
2020-10-30,169.43
2020-11-02,169.43
2020-11-03,169.53
2020-11-04,169.56
2020-11-05,170.05
2020-11-06,169.55
2020-11-09,169.53
2020-11-10,168.74
2020-11-11,168.33
2020-11-12,168.18
2020-11-13,168.49
2020-11-16,168.56
2020-11-17,168.5
2020-11-18,168.75
2020-11-19,169.63
2020-11-20,169.76
2020-11-23,169.37
2020-11-24,168.9
2020-11-25,168.41
2020-11-26,168.43
2020-11-27,167.89
2020-11-30,168.06
2020-12-01,168.65
2020-12-02,168.05
2020-12-03,167.38
2020-12-04,165.86
2020-12-07,165.91
2020-12-08,166.5
2020-12-09,166.62
2020-12-10,166.39
2020-12-11,167.25
2020-12-14,167.34
2020-12-15,167.0
2020-12-16,167.7
2020-12-17,167.92
2020-12-18,168.34
2020-12-21,168.71
2020-12-22,169.32
2020-12-23,169.52
2020-12-24,169.19
2020-12-28,168.14
2020-12-29,167.52
2020-12-30,167.02
2021-01-04,167.81
2021-01-05,168.85
2021-01-06,168.67
2021-01-07,168.77
2021-01-08,168.75
2021-01-11,169.4
2021-01-12,170.29
2021-01-13,169.95
2021-01-14,169.76
2021-01-15,169.96
2021-01-18,170.01
2021-01-19,169.88
2021-01-20,170.16
2021-01-21,170.0
2021-01-22,170.33
2021-01-25,169.73
2021-01-26,170.57
2021-01-27,170.64
2021-01-28,172.23
2021-01-29,172.82
2021-02-01,172.76
2021-02-02,172.64
2021-02-03,172.47
2021-02-04,172.98
2021-02-05,173.41
2021-02-08,173.64
2021-02-09,173.33
2021-02-10,172.29
2021-02-15,172.01
2021-02-16,171.56
2021-02-17,171.98
2021-02-18,171.87
2021-02-19,171.23
2021-02-22,171.75
2021-02-23,171.8
2021-02-24,172.2
2021-02-25,171.8
2021-02-26,173.34
2021-03-02,173.42
2021-03-03,173.24
2021-03-04,173.85
2021-03-05,173.56
2021-03-08,173.74
2021-03-09,174.4
2021-03-10,175.15
2021-03-11,174.72
2021-03-12,174.45
2021-03-15,174.41
2021-03-16,173.97
2021-03-17,173.89
2021-03-18,173.08
2021-03-19,173.64
2021-03-22,173.3
2021-03-23,173.5
2021-03-24,173.65
2021-03-25,173.41
2021-03-26,172.63
2021-03-29,172.51
2021-03-30,172.52
2021-03-31,172.17
2021-04-01,172.1
2021-04-02,171.69
2021-04-05,171.32
2021-04-06,170.79
2021-04-07,170.55
2021-04-08,170.49
2021-04-09,170.65
2021-04-12,171.58
2021-04-13,171.74
2021-04-14,170.68
2021-04-15,170.92
2021-04-16,170.86
2021-04-19,171.28
2021-04-20,171.3
2021-04-21,172.27
2021-04-22,172.27
2021-04-23,172.14
2021-04-26,171.7
2021-04-27,171.31
2021-04-28,171.66
2021-04-29,171.4
2021-04-30,171.98
2021-05-03,173.34
2021-05-04,173.19
2021-05-06,173.78
2021-05-07,173.56
2021-05-10,173.48
2021-05-11,174.12
2021-05-12,174.75
2021-05-13,174.99
2021-05-14,175.28
2021-05-17,176.15
2021-05-18,175.77
2021-05-20,175.81
2021-05-21,175.15
2021-05-24,175.19
2021-05-25,175.4
2021-05-26,174.86
2021-05-27,175.34
2021-05-28,175.1
2021-05-31,174.53
2021-06-01,173.58
2021-06-02,174.35
2021-06-03,174.26
2021-06-04,174.21
2021-06-07,173.9
2021-06-08,174.44
2021-06-09,174.42
2021-06-10,174.85
2021-06-11,173.98
2021-06-14,174.3
2021-06-15,174.5
2021-06-16,174.49
2021-06-17,175.78
2021-06-18,175.47
2021-06-21,175.31
2021-06-22,174.83
2021-06-23,175.25
2021-06-24,175.2
2021-06-25,174.6
2021-06-28,174.87
2021-06-29,174.71
2021-06-30,174.28
2021-07-01,175.01
2021-07-02,174.98
2021-07-05,175.09
2021-07-06,174.9
2021-07-07,175.82
2021-07-08,176.54
2021-07-09,176.95
2021-07-12,177.05
2021-07-13,177.03
2021-07-14,177.32
2021-07-15,176.63
2021-07-16,176.28
2021-07-19,176.92
2021-07-20,177.22
2021-07-21,178.05
2021-07-22,177.83
2021-07-23,177.7
2021-07-26,178.01
2021-07-27,177.42
2021-07-28,177.23
2021-07-29,177.05
2021-07-30,177.83
2021-08-02,178.01
2021-08-03,177.77
2021-08-04,177.05
2021-08-05,176.97
2021-08-06,176.76
2021-08-09,176.69
2021-08-10,177.4
2021-08-11,178.26
2021-08-12,179.27
2021-08-13,180.45
2021-08-17,181.61
2021-08-18,180.14
2021-08-19,180.9
2021-08-20,181.3
2021-08-23,180.61
2021-08-24,179.95
2021-08-25,180.33
2021-08-26,180.42
2021-08-27,180.38
2021-08-30,180.35
2021-08-31,179.46
2021-09-01,179.22
2021-09-02,179.9
2021-09-03,179.34
2021-09-06,179.41
2021-09-07,179.39
2021-09-08,180.43
2021-09-09,181.0
2021-09-10,181.52
2021-09-13,182.26
2021-09-14,181.66
2021-09-15,181.68
2021-09-16,182.08
2021-09-17,182.33
2021-09-23,181.85
2021-09-24,182.17
2021-09-27,182.06
2021-09-28,183.2
2021-09-29,182.68
2021-09-30,182.95
2021-10-01,184.12
2021-10-05,184.09
2021-10-06,184.85
2021-10-07,184.5
2021-10-08,185.26
2021-10-12,185.75
2021-10-13,185.11
2021-10-14,184.36
2021-10-15,183.81
2021-10-18,184.5
2021-10-19,184.3
2021-10-20,184.03
2021-10-21,184.25
2021-10-22,184.2
2021-10-25,183.21
2021-10-26,182.92
2021-10-27,183.41
2021-10-28,182.82
2021-10-29,182.95
2021-11-01,183.88
2021-11-02,183.62
2021-11-03,184.57
2021-11-04,184.91
2021-11-05,185.2
2021-11-08,184.93
2021-11-09,184.23
2021-11-10,184.75
2021-11-11,184.43
2021-11-12,184.69
2021-11-15,184.8
2021-11-16,185.15
2021-11-17,185.14
2021-11-18,185.07
2021-11-19,185.6
2021-11-22,185.75
2021-11-23,186.29
2021-11-24,185.63
2021-11-25,186.29
2021-11-26,186.69
2021-11-29,186.76
2021-11-30,186.3
2021-12-01,185.17
2021-12-02,184.53
2021-12-03,185.24
2021-12-06,185.53
2021-12-07,185.18
2021-12-08,185.14
2021-12-09,185.08
2021-12-10,185.44
2021-12-13,185.46
2021-12-14,185.74
2021-12-15,186.17
2021-12-16,185.7
2021-12-17,185.01
2021-12-20,186.42
2021-12-21,186.92
2021-12-22,186.9
2021-12-23,186.25
2021-12-24,186.19
2021-12-27,186.15
2021-12-28,186.4
2021-12-29,186.18
2021-12-30,186.63
2022-01-03,187.35
2022-01-04,187.24
2022-01-05,187.76
2022-01-06,188.05
2022-01-07,188.33
2022-01-10,187.95
2022-01-11,187.3
2022-01-12,186.86
2022-01-13,186.63
2022-01-14,186.91
2022-01-17,187.82
2022-01-18,187.46
2022-01-19,187.55
2022-01-20,187.8
2022-01-21,188.22
2022-01-24,188.73
2022-01-25,189.33
2022-01-26,189.27
2022-01-27,189.36
2022-01-28,189.62
2022-02-03,189.48
2022-02-04,188.35
2022-02-07,188.6
2022-02-08,188.2
2022-02-09,187.87
2022-02-10,188.03
2022-02-11,188.27
2022-02-14,187.8
2022-02-15,188.78
2022-02-16,189.05
2022-02-17,189.07
2022-02-18,188.85
2022-02-21,188.34
2022-02-22,188.05
2022-02-23,188.64
2022-02-24,190.43
2022-02-25,190.4
2022-02-28,190.52
2022-03-02,190.97
2022-03-03,190.48
2022-03-04,192.02
2022-03-07,194.02
2022-03-08,195.8
2022-03-10,194.1
2022-03-11,194.62
2022-03-14,195.04
2022-03-15,194.4
2022-03-16,194.2
2022-03-17,190.85
2022-03-18,189.81
2022-03-21,190.85
2022-03-22,191.07
2022-03-23,190.13
2022-03-24,190.8
2022-03-25,191.15
2022-03-28,192.15
2022-03-29,191.14
2022-03-30,190.1
2022-03-31,190.68
2022-04-01,191.17
2022-04-04,190.6
2022-04-05,190.55
2022-04-06,191.12
2022-04-07,191.64
2022-04-08,192.59
2022-04-11,193.26
2022-04-12,193.79
2022-04-13,192.5
2022-04-14,192.15
2022-04-15,192.68
2022-04-18,193.34
2022-04-19,193.73
2022-04-20,192.33
2022-04-21,191.28
2022-04-22,190.85
2022-04-25,189.67
2022-04-26,190.32
2022-04-27,192.13
2022-04-28,191.68
2022-04-29,189.6
2022-05-02,189.8
2022-05-03,189.51
2022-05-04,190.44
2022-05-06,189.6
2022-05-09,188.49
2022-05-10,189.62
2022-05-11,189.08
2022-05-12,189.46
2022-05-13,188.29
2022-05-16,188.77
2022-05-17,188.12
2022-05-18,187.6
2022-05-19,188.37
2022-05-20,189.33
2022-05-23,189.45
2022-05-24,189.37
2022-05-25,189.34
2022-05-26,187.49
2022-05-27,185.88
2022-05-30,185.97
2022-05-31,185.7
2022-06-02,187.1
2022-06-03,187.32
2022-06-07,188.46
2022-06-08,187.86
2022-06-09,187.87
2022-06-10,189.49
2022-06-13,190.09
2022-06-14,190.96
2022-06-15,191.98
2022-06-16,191.9
2022-06-17,192.16
2022-06-20,193.37
2022-06-21,193.24
2022-06-22,192.78
2022-06-23,193.94
2022-06-24,193.93
2022-06-27,192.46
2022-06-28,191.84
2022-06-29,193.53
2022-06-30,193.85
2022-07-01,193.13
2022-07-04,193.82
2022-07-05,194.25
2022-07-06,194.62
2022-07-07,193.83
2022-07-08,193.92
2022-07-11,194.24
2022-07-12,194.7
2022-07-13,194.26
2022-07-14,194.64
2022-07-15,195.8
2022-07-18,194.98
2022-07-19,194.58
2022-07-20,194.25
2022-07-21,193.26
2022-07-22,193.85
2022-07-25,194.43
2022-07-26,193.59
2022-07-27,194.12
2022-07-28,192.79
2022-07-29,192.52
2022-08-01,192.79
2022-08-02,192.6
2022-08-03,193.88
2022-08-04,193.8
2022-08-05,192.27
2022-08-08,193.01
2022-08-09,193.0
2022-08-10,193.8
2022-08-11,193.55
2022-08-12,193.36
2022-08-16,192.15
2022-08-17,193.13
2022-08-18,193.87
2022-08-19,194.44
2022-08-22,195.77
2022-08-23,195.64
2022-08-24,195.19
2022-08-25,194.9
2022-08-26,194.01
2022-08-29,194.85
2022-08-30,194.45
2022-08-31,193.72
2022-09-01,195.93
2022-09-02,197.0
2022-09-05,197.48
2022-09-06,197.37
2022-09-07,198.1
2022-09-08,198.3
2022-09-13,198.38
2022-09-14,199.64
2022-09-15,199.77
2022-09-16,197.8
2022-09-19,198.47
2022-09-20,198.06
2022-09-21,197.83
2022-09-22,199.01
2022-09-23,198.97
2022-09-26,199.93
2022-09-27,198.85
2022-09-28,199.18
2022-09-29,199.85
2022-09-30,201.83
2022-10-04,202.07
2022-10-05,201.06
2022-10-06,199.15
2022-10-07,198.52
2022-10-11,199.78
2022-10-12,198.87
2022-10-13,198.94
2022-10-14,199.12
2022-10-17,198.99
2022-10-18,197.52
2022-10-19,197.13
2022-10-20,197.75
2022-10-21,198.32
2022-10-24,197.85
2022-10-25,195.38
2022-10-26,195.86
2022-10-27,196.56
2022-10-28,196.17
2022-10-31,195.25
2022-11-01,194.43
2022-11-02,194.65
2022-11-03,194.3
2022-11-04,195.3
2022-11-07,194.0
2022-11-08,190.9
2022-11-09,188.28
2022-11-10,189.78
2022-11-11,185.87
2022-11-14,188.69
2022-11-15,187.04
2022-11-16,187.29
2022-11-17,187.65
2022-11-18,187.75
2022-11-21,189.18
2022-11-22,189.36
2022-11-23,188.84
2022-11-24,185.8
2022-11-25,184.78
2022-11-28,185.72
2022-11-29,185.09
2022-11-30,184.32
2022-12-01,184.18
2022-12-02,184.55
2022-12-05,186.05
2022-12-06,189.06
2022-12-07,189.34
2022-12-08,189.06
2022-12-09,187.04
2022-12-12,187.38
2022-12-13,186.27
2022-12-14,186.0
2022-12-15,187.03
2022-12-16,187.3
2022-12-19,186.6
2022-12-20,184.71
2022-12-21,184.35
2022-12-22,182.61
2022-12-23,182.78
2022-12-26,182.43
2022-12-27,182.61
2022-12-28,181.77
2022-12-29,181.58
2023-01-02,183.7
2023-01-03,184.5
2023-01-04,184.5
2023-01-05,184.5
2023-01-06,184.9
2023-01-09,183.34
2023-01-10,183.53
2023-01-11,183.78
2023-01-12,184.2
2023-01-13,184.06
2023-01-16,183.85
2023-01-17,182.9
2023-01-18,182.57
2023-01-19,181.81
2023-01-20,182.26
2023-01-25,181.91
2023-01-26,182.33
2023-01-27,182.24
2023-01-30,181.71
2023-01-31,182.38
2023-02-01,182.39
2023-02-02,181.74
2023-02-03,182.13
2023-02-06,184.47
2023-02-07,184.84
2023-02-08,185.61
2023-02-09,185.6
2023-02-10,185.7
2023-02-13,186.8
2023-02-14,186.0
2023-02-15,187.13
2023-02-16,187.13
2023-02-17,188.56
2023-02-20,188.52
2023-02-21,188.39
2023-02-22,189.17
2023-02-23,188.23
2023-02-24,187.97
2023-02-27,189.38
2023-02-28,190.08
2023-03-02,190.3
2023-03-03,188.3
2023-03-06,187.35
2023-03-07,187.19
2023-03-08,189.34
2023-03-09,189.3
2023-03-10,189.85
2023-03-13,188.99
2023-03-14,190.67
2023-03-15,189.21
2023-03-16,190.17
2023-03-17,189.76
2023-03-20,189.83
2023-03-21,190.57
2023-03-22,189.83
2023-03-23,187.67
2023-03-24,188.94
2023-03-27,189.15
2023-03-28,188.65
2023-03-29,189.05
2023-03-30,188.7
2023-03-31,189.44
2023-04-03,190.99
2023-04-04,191.13
2023-04-05,190.72
2023-04-06,191.7
2023-04-07,191.65
2023-04-10,191.78
2023-04-11,191.86
2023-04-12,192.38
2023-04-13,190.49
2023-04-14,189.98
2023-04-17,190.84
2023-04-18,191.71
2023-04-19,192.13
2023-04-20,192.05
2023-04-21,192.41
2023-04-24,193.32
2023-04-25,192.63
2023-04-26,192.77
2023-04-27,193.05
2023-04-28,193.28
2023-05-02,193.02
2023-05-03,193.1
2023-05-04,191.37
2023-05-08,190.92
2023-05-09,191.02
2023-05-10,191.2
2023-05-11,190.88
2023-05-12,191.77
2023-05-15,191.99
2023-05-16,191.9
2023-05-17,190.78
2023-05-18,189.8
2023-05-19,188.44
2023-05-22,187.48
2023-05-23,185.94
2023-05-24,186.61
2023-05-25,187.16
2023-05-26,187.4
2023-05-30,186.47
2023-05-31,186.3
2023-06-01,185.63
2023-06-02,184.18
2023-06-05,183.55
2023-06-07,182.73
2023-06-08,182.54
2023-06-09,181.05
2023-06-12,180.29
2023-06-13,177.41
2023-06-14,178.2
2023-06-15,178.84
2023-06-16,178.87
2023-06-19,178.99
2023-06-20,178.55
2023-06-21,179.46
2023-06-22,180.08
2023-06-23,180.64
2023-06-26,180.46
2023-06-27,180.39
2023-06-28,180.59
2023-06-29,181.35
2023-06-30,181.3
2023-07-03,180.15
2023-07-04,180.0
2023-07-05,179.13
2023-07-06,179.41
2023-07-07,179.96
2023-07-10,180.37
2023-07-11,179.65
2023-07-12,179.16
2023-07-13,177.66
2023-07-14,177.63
2023-07-17,176.33
2023-07-18,175.66
2023-07-19,175.35
2023-07-20,176.63
2023-07-21,179.01
2023-07-24,177.91
2023-07-25,178.41
2023-07-26,178.24
2023-07-27,178.99
2023-07-28,178.46
2023-07-31,178.34
2023-08-01,178.96
2023-08-02,180.36
2023-08-03,180.33
2023-08-04,182.21
2023-08-07,181.32
2023-08-08,182.1
2023-08-09,182.23
2023-08-10,182.14
2023-08-11,182.86
2023-08-14,182.85
2023-08-16,182.77
2023-08-17,182.91
2023-08-18,183.26
2023-08-21,183.1
2023-08-22,183.42
2023-08-23,183.61
2023-08-24,181.5
2023-08-25,181.83
2023-08-28,181.43
2023-08-29,181.23
2023-08-30,181.31
2023-08-31,181.17
2023-09-01,181.48
2023-09-04,181.57
2023-09-05,182.25
2023-09-06,182.11
2023-09-07,182.12
2023-09-08,181.27
2023-09-11,182.25
2023-09-12,181.59
2023-09-13,182.37
2023-09-14,182.26
2023-09-15,182.34
2023-09-18,181.79
2023-09-19,181.92
2023-09-20,182.0
2023-09-21,183.28
2023-09-22,183.05
2023-09-25,182.73
2023-09-26,184.49
2023-09-27,184.64
2023-10-04,185.97
2023-10-05,184.53
2023-10-06,184.57
2023-10-10,185.15
2023-10-11,183.58
2023-10-12,183.41
2023-10-13,184.77
2023-10-16,185.13
2023-10-17,184.99
2023-10-18,184.5
2023-10-19,185.2
2023-10-20,184.33
2023-10-23,184.8
2023-10-24,183.77
2023-10-25,184.47
2023-10-26,185.55
2023-10-27,184.92
2023-10-30,184.43
2023-10-31,184.19
2023-11-01,185.05
2023-11-02,183.18
2023-11-03,180.59
2023-11-06,178.05
2023-11-07,179.54
2023-11-08,179.92
2023-11-09,179.68
2023-11-10,180.34
2023-11-13,181.31
2023-11-14,182.02
2023-11-15,179.45
2023-11-16,178.66
2023-11-17,178.81
2023-11-20,179.76
2023-11-21,180.46
2023-11-22,181.89
2023-11-23,181.67
2023-11-24,182.57
2023-11-27,182.08
2023-11-28,180.77
2023-11-29,181.04
2023-11-30,180.92
2023-12-01,182.76
2023-12-04,182.71
2023-12-05,183.45
2023-12-06,183.25
2023-12-07,184.91
2023-12-08,182.32
2023-12-11,182.98
2023-12-12,182.85
2023-12-13,183.39
2023-12-14,181.54
2023-12-15,182.22
2023-12-18,181.92
2023-12-19,183.0
2023-12-20,182.0
2023-12-21,182.64
2023-12-22,182.04
2023-12-26,181.14
2023-12-27,181.01
2023-12-28,181.17
2024-01-02,182.37
2024-01-03,182.6
2024-01-04,182.96
2024-01-05,183.3
2024-01-08,183.58
2024-01-09,183.52
2024-01-10,183.89
2024-01-11,183.17
2024-01-12,183.18
2024-01-15,183.72
2024-01-16,185.02
2024-01-17,186.16
2024-01-18,185.83
2024-01-19,185.62
2024-01-22,185.73
2024-01-23,185.98
2024-01-24,186.49
2024-01-25,186.45
2024-01-26,185.97
2024-01-29,185.71
2024-01-30,185.03
2024-01-31,185.57
2024-02-01,185.23
2024-02-02,183.94
2024-02-05,184.55
2024-02-06,184.27
2024-02-07,184.41
2024-02-08,184.21
2024-02-13,184.06
2024-02-14,184.73
2024-02-15,184.61
2024-02-16,184.99
2024-02-19,185.24
2024-02-20,185.48
2024-02-21,185.65
2024-02-22,184.65
2024-02-23,184.63
2024-02-26,184.71
2024-02-27,184.64
2024-02-28,184.98
2024-02-29,184.76
2024-03-04,184.66
2024-03-05,185.01
2024-03-06,185.08
2024-03-07,184.52
2024-03-08,183.32
2024-03-11,182.2
2024-03-12,182.56
2024-03-13,182.68
2024-03-14,183.16
2024-03-15,184.61
2024-03-18,185.1
2024-03-19,185.88
2024-03-20,185.66
2024-03-21,183.36
2024-03-22,184.33
2024-03-25,185.17
2024-03-26,184.9
2024-03-27,185.87
2024-03-28,185.58
2024-03-29,185.68
2024-04-01,186.06
2024-04-02,186.11
2024-04-03,185.84
2024-04-04,185.85
2024-04-05,186.7
2024-04-08,186.81
2024-04-09,187.06
2024-04-11,188.04
2024-04-12,189.45
2024-04-15,190.64
2024-04-16,191.64
2024-04-17,191.07
2024-04-18,189.62
2024-04-19,190.51
2024-04-22,190.26
2024-04-23,189.92
2024-04-24,188.59
2024-04-25,189.2
2024-04-26,189.45
2024-04-29,189.76
2024-04-30,190.47
2024-05-02,190.53
2024-05-03,189.32
2024-05-07,188.31
2024-05-08,188.58
2024-05-09,189.45
2024-05-10,189.34
2024-05-13,188.98
2024-05-14,189.02
2024-05-16,186.39
2024-05-17,187.51
2024-05-20,187.38
2024-05-21,188.25
2024-05-22,188.08
2024-05-23,187.79
2024-05-24,188.65
2024-05-27,187.95
2024-05-28,187.05
2024-05-29,187.85
2024-05-30,189.92
2024-05-31,190.76
2024-06-03,189.56
2024-06-04,189.68
2024-06-05,189.3
2024-06-07,188.26
2024-06-10,189.34
2024-06-11,189.69
2024-06-12,189.27
2024-06-13,189.12
2024-06-14,189.63
2024-06-17,189.76
2024-06-18,189.91
2024-06-19,189.91
2024-06-20,190.12
2024-06-21,190.55
2024-06-24,190.61
2024-06-25,190.45
2024-06-26,190.38
2024-06-27,189.97
2024-06-28,188.7
2024-07-01,189.09
2024-07-02,190.06
2024-07-03,190.31
2024-07-04,189.07
2024-07-05,189.46
2024-07-08,189.84
2024-07-09,189.76
2024-07-10,189.88
2024-07-11,189.21
2024-07-12,189.58
2024-07-15,190.08
2024-07-16,190.26
2024-07-17,189.62
2024-07-18,190.08
2024-07-19,190.53
2024-07-22,190.35
2024-07-23,190.1
2024-07-24,190.01
2024-07-25,191.12
2024-07-26,190.91
2024-07-29,190.25
2024-07-30,190.49
2024-07-31,190.17
2024-08-01,188.71
2024-08-02,190.1
2024-08-05,192.5
2024-08-06,192.44
2024-08-07,191.64
2024-08-08,192.26
2024-08-09,190.4
2024-08-12,191.1
2024-08-13,190.96
2024-08-14,190.3
2024-08-16,189.24
2024-08-19,186.94
2024-08-20,186.65
2024-08-21,187.39
2024-08-22,187.25
2024-08-23,187.59
2024-08-26,186.42
2024-08-27,186.93
2024-08-28,187.62
2024-08-29,187.58
2024-08-30,188.41
2024-09-02,188.4
2024-09-03,188.39
2024-09-04,188.68
2024-09-05,188.14
2024-09-06,187.53
2024-09-09,188.4
2024-09-10,188.68
2024-09-11,188.11
2024-09-12,187.91
2024-09-13,187.24
2024-09-19,188.04
2024-09-20,188.75
2024-09-23,189.3
2024-09-24,189.62
2024-09-25,189.67
2024-09-26,189.31
2024-09-27,188.27
2024-09-30,186.7
2024-10-02,187.84
2024-10-04,189.0
2024-10-07,190.25
2024-10-08,191.06
2024-10-10,190.75
2024-10-11,190.49
2024-10-14,191.33
2024-10-15,191.05
2024-10-16,191.05
2024-10-17,191.81
2024-10-18,192.47
2024-10-21,193.12
2024-10-22,193.49
2024-10-23,193.54
2024-10-24,193.8
2024-10-25,194.67
2024-10-28,193.9
2024-10-29,193.66
2024-10-30,193.48
2024-10-31,193.58
2024-11-01,193.44
2024-11-04,193.34
2024-11-05,193.98
2024-11-06,194.2
2024-11-07,194.2
2024-11-08,193.58
2024-11-11,193.69
2024-11-12,193.6
2024-11-13,194.45
2024-11-14,193.8
2024-11-15,192.99
2024-11-18,192.52
2024-11-19,192.16
2024-11-20,192.02
2024-11-21,192.88
2024-11-22,193.23
2024-11-25,193.33
2024-11-26,192.52
2024-11-27,192.24
2024-11-28,192.42
2024-11-29,192.7
2024-12-02,192.74
2024-12-03,192.24
2024-12-04,193.61
2024-12-05,194.45
2024-12-06,195.41
2024-12-09,197.14
2024-12-10,197.0
2024-12-11,197.42
2024-12-12,197.03
2024-12-13,196.63
2024-12-16,196.9
2024-12-17,197.24
2024-12-18,196.98
2024-12-19,198.57
2024-12-20,198.6
2024-12-23,198.79
2024-12-24,199.34
2024-12-26,200.67
2024-12-27,201.0
2024-12-30,201.35
2025-01-02,200.3
2025-01-03,200.1
2025-01-06,199.72
2025-01-07,198.07
2025-01-08,198.0
2025-01-09,198.66
2025-01-10,199.18
2025-01-13,200.02
2025-01-14,199.17
2025-01-15,198.89
2025-01-16,198.23
2025-01-17,198.55
2025-01-20,198.23
2025-01-21,197.74
2025-01-22,197.15
2025-01-23,197.34
2025-01-24,197.52
2025-01-31,198.91
2025-02-03,199.89
2025-02-04,199.97
2025-02-05,198.32
2025-02-06,198.58
2025-02-07,198.5
2025-02-10,198.37
2025-02-11,198.77
2025-02-12,198.69
2025-02-13,198.66
2025-02-14,198.31
2025-02-17,198.85
2025-02-18,198.24
2025-02-19,197.6
2025-02-20,198.0
2025-02-21,197.83
2025-02-24,197.1
2025-02-25,197.05
2025-02-26,197.34
2025-02-27,198.37
2025-02-28,200.57
2025-03-04,200.45
2025-03-05,200.3
2025-03-06,199.16
2025-03-07,199.7
2025-03-10,200.05
2025-03-11,201.24
2025-03-12,200.34
2025-03-13,200.77
2025-03-14,200.74
2025-03-17,199.89
2025-03-18,200.7
2025-03-19,200.77
2025-03-20,201.59
2025-03-21,201.76
2025-03-24,202.19
2025-03-25,202.15
2025-03-26,201.61
2025-03-27,201.55
2025-03-28,201.72
2025-03-31,202.78
2025-04-01,202.19
2025-04-02,201.55
2025-04-03,200.67
2025-04-04,197.73
2025-04-07,200.36
2025-04-08,200.55
2025-04-09,200.9
2025-04-10,198.21
2025-04-11,197.96
2025-04-14,194.9
2025-04-15,194.96
2025-04-16,194.65
2025-04-17,194.19
2025-04-18,195.01
2025-04-21,194.75
2025-04-22,194.22
2025-04-23,194.79
2025-04-24,196.48
2025-04-25,197.19
2025-04-28,197.61
2025-04-29,197.64
2025-04-30,195.62
2025-05-02,193.99
2025-05-07,193.78
2025-05-08,193.01
2025-05-09,193.24
2025-05-12,194.29
2025-05-13,197.05
2025-05-14,197.02
2025-05-15,193.5
2025-05-16,193.08
2025-05-19,193.67
2025-05-20,192.92
2025-05-21,192.54
2025-05-22,191.7
2025-05-23,191.14
2025-05-26,190.27
2025-05-27,190.57
2025-05-28,191.41
2025-05-29,191.17
2025-05-30,191.93
2025-06-02,190.38
2025-06-04,190.3
2025-06-05,189.31
2025-06-09,188.82
2025-06-10,189.79
2025-06-11,191.26
2025-06-12,189.07
2025-06-13,190.54
2025-06-16,189.9
2025-06-17,189.6
2025-06-18,190.48
2025-06-19,191.75
2025-06-20,190.33
2025-06-23,192.36
2025-06-24,189.64
2025-06-25,190.16
2025-06-26,189.24
2025-06-27,189.3
2025-06-30,188.4
2025-07-01,189.29
2025-07-02,189.5
2025-07-03,189.96
2025-07-04,190.05
2025-07-07,190.69
2025-07-08,190.65
2025-07-09,191.39
2025-07-10,191.06
2025-07-11,191.88
2025-07-14,192.61
2025-07-15,192.26
2025-07-16,192.97
2025-07-17,193.81
2025-07-18,193.87
2025-07-21,193.37
2025-07-22,193.44
2025-07-23,192.68
2025-07-24,191.15
2025-07-25,192.41
2025-07-28,192.72
2025-07-29,193.74
2025-07-30,192.62
2025-07-31,192.54
2025-08-01,194.09
2025-08-04,192.96
2025-08-05,193.22
2025-08-06,193.15
2025-08-07,192.31
2025-08-08,193.42
2025-08-11,193.19
2025-08-12,193.07
2025-08-13,192.51
2025-08-14,192.71
2025-08-18,192.73
2025-08-19,193.48
2025-08-20,194.6
2025-08-21,194.85
2025-08-22,193.9
2025-08-25,193.72
2025-08-26,195.14
2025-08-27,194.95
2025-08-28,194.1
2025-08-29,194.99
2025-09-01,195.55
2025-09-02,194.81
2025-09-03,194.79
2025-09-04,194.99
2025-09-05,194.85
2025-09-08,194.97
2025-09-09,194.83
2025-09-10,194.83
2025-09-11,195.45
2025-09-12,195.11
2025-09-15,194.99
2025-09-16,193.9
2025-09-17,194.33
2025-09-18,195.22
2025-09-19,196.02
2025-09-22,195.72
2025-09-23,195.63
2025-09-24,196.25
2025-09-25,196.45
2025-09-26,197.64
2025-09-29,196.26
2025-09-30,196.85
2025-10-01,196.82
2025-10-02,196.48
2025-10-10,199.34
2025-10-13,199.85
2025-10-14,200.48
2025-10-15,199.46
2025-10-16,198.88
2025-10-17,199.45
2025-10-20,199.18
2025-10-21,200.48
2025-10-22,200.68
2025-10-23,202.01
2025-10-24,201.55
2025-10-27,201.38
2025-10-28,202.47
2025-10-29,201.64
2025-10-30,200.91
2025-10-31,200.34
2025-11-03,200.78
2025-11-04,201.9
2025-11-05,203.29
2025-11-06,203.12
2025-11-07,204.54
2025-11-10,203.83
2025-11-11,205.49
2025-11-12,205.84
2025-11-13,206.65
2025-11-14,205.32
2025-11-17,205.22
2025-11-18,205.95
2025-11-19,206.09
2025-11-20,206.25
2025-11-21,207.3
2025-11-24,207.8
2025-11-25,207.45
2025-11-26,207.14
2025-11-27,206.83
2025-11-28,207.88
2025-12-01,207.95
2025-12-02,207.69
2025-12-03,208.02
2025-12-04,208.5
2025-12-05,207.92
2025-12-08,207.63
2025-12-09,208.27
2025-12-10,208.39
2025-12-11,208.7
2025-12-12,209.0
2025-12-15,208.72
2025-12-16,209.94
2025-12-17,210.15
2025-12-18,210.12
2025-12-19,210.03
2025-12-22,210.48
2025-12-23,211.35
2025-12-24,207.21
2025-12-26,205.74
2025-12-29,204.29
2025-12-30,206.03
2026-01-02,206.98
2026-01-05,206.86
2026-01-06,207.22
2026-01-07,207.0
2026-01-08,207.8
2026-01-09,208.86
2026-01-12,210.73
2026-01-13,211.32
2026-01-14,211.91
2026-01-15,211.06
2026-01-16,211.57
2026-01-19,211.75
2026-01-20,212.64
2026-01-21,211.39
2026-01-22,211.14
2026-01-23,210.76
2026-01-26,207.19
2026-01-27,207.88
2026-01-28,205.04
2026-01-29,205.3
2026-01-30,207.19
2026-02-02,210.66
2026-02-03,208.4
2026-02-04,209.3
2026-02-05,211.52
2026-02-06,211.73
2026-02-09,210.87
2026-02-10,211.15
2026-02-11,210.0
2026-02-12,208.55
2026-02-13,209.37
2026-02-19,209.58
2026-02-20,209.48
2026-02-23,209.14
2026-02-24,209.36
2026-02-25,208.21
2026-02-26,208.56
2026-02-27,209.94
2026-03-03,212.51
2026-03-04,213.35
2026-03-05,212.81
2026-03-06,213.59
2026-03-09,216.18
2026-03-10,213.51
2026-03-11,213.65
2026-03-12,215.27
2026-03-13,216.84
2026-03-16,216.6
2026-03-17,216.71
2026-03-18,215.81
2026-03-19,217.3
2026-03-20,217.61
2026-03-23,219.46
2026-03-24,216.96
2026-03-25,217.3
2026-03-26,218.14
2026-03-27,218.08
2026-03-30,219.21
2026-03-31,221.6
2026-04-01,218.16
2026-04-02,220.31
2026-04-03,218.54
2026-04-06,218.71
2026-04-07,218.65
2026-04-08,215.56
2026-04-09,216.9
2026-04-10,216.91
2026-04-13,218.0
2026-04-14,217.25
2026-04-15,216.26
2026-04-16,216.2
2026-04-17,217.21
2026-04-20,216.61
