date,BOND_BBB
2015-01-02,2.32
2015-01-05,2.31
2015-01-06,2.29
2015-01-07,2.28
2015-01-08,2.27
2015-01-09,2.27
2015-01-12,2.26
2015-01-13,2.26
2015-01-14,2.26
2015-01-15,2.26
2015-01-16,2.24
2015-01-19,2.24
2015-01-20,2.24
2015-01-21,2.24
2015-01-22,2.24
2015-01-23,2.24
2015-01-26,2.24
2015-01-27,2.24
2015-01-28,2.24
2015-01-29,2.24
2015-01-30,2.24
2015-02-02,2.24
2015-02-03,2.24
2015-02-04,2.24
2015-02-05,2.24
2015-02-06,2.24
2015-02-09,2.24
2015-02-10,2.24
2015-02-11,2.24
2015-02-12,2.24
2015-02-13,2.24
2015-02-16,2.24
2015-02-17,2.24
2015-02-23,2.24
2015-02-24,2.24
2015-02-25,2.24
2015-02-26,2.24
2015-02-27,2.24
2015-03-02,2.24
2015-03-03,2.24
2015-03-04,2.21
2015-03-05,2.19
2015-03-06,2.18
2015-03-09,2.17
2015-03-10,2.16
2015-03-11,2.14
2015-03-12,1.92
2015-03-13,1.91
2015-03-16,1.91
2015-03-17,1.91
2015-03-18,1.9
2015-03-19,1.89
2015-03-20,1.89
2015-03-23,1.89
2015-03-24,1.89
2015-03-25,1.89
2015-03-26,1.89
2015-03-27,1.89
2015-03-30,1.89
2015-03-31,1.89
2015-04-01,1.89
2015-04-02,1.89
2015-04-03,1.89
2015-04-06,1.89
2015-04-07,1.89
2015-04-08,1.88
2015-04-09,1.88
2015-04-10,1.88
2015-04-13,1.88
2015-04-14,1.88
2015-04-15,1.88
2015-04-16,1.88
2015-04-17,1.88
2015-04-20,1.88
2015-04-21,1.88
2015-04-22,1.88
2015-04-23,1.88
2015-04-24,1.88
2015-04-27,1.88
2015-04-28,1.88
2015-04-29,1.88
2015-04-30,1.88
2015-05-04,1.88
2015-05-06,1.88
2015-05-07,1.88
2015-05-08,1.87
2015-05-11,1.87
2015-05-12,1.87
2015-05-13,1.87
2015-05-14,1.87
2015-05-15,1.87
2015-05-18,1.87
2015-05-19,1.87
2015-05-20,1.87
2015-05-21,1.87
2015-05-22,1.87
2015-05-26,1.87
2015-05-27,1.87
2015-05-28,1.87
2015-05-29,1.87
2015-06-01,1.87
2015-06-02,1.86
2015-06-03,1.86
2015-06-04,1.86
2015-06-05,1.86
2015-06-08,1.86
2015-06-09,1.86
2015-06-10,1.86
2015-06-11,1.62
2015-06-12,1.62
2015-06-15,1.63
2015-06-16,1.63
2015-06-17,1.63
2015-06-18,1.63
2015-06-19,1.63
2015-06-22,1.64
2015-06-23,1.65
2015-06-24,1.66
2015-06-25,1.69
2015-06-26,1.69
2015-06-29,1.7
2015-06-30,1.7
2015-07-01,1.7
2015-07-02,1.7
2015-07-03,1.7
2015-07-06,1.7
2015-07-07,1.7
2015-07-08,1.7
2015-07-09,1.7
2015-07-10,1.7
2015-07-13,1.7
2015-07-14,1.7
2015-07-15,1.7
2015-07-16,1.7
2015-07-17,1.7
2015-07-20,1.7
2015-07-21,1.7
2015-07-22,1.7
2015-07-23,1.7
2015-07-24,1.7
2015-07-27,1.7
2015-07-28,1.7
2015-07-29,1.7
2015-07-30,1.7
2015-07-31,1.7
2015-08-03,1.7
2015-08-04,1.7
2015-08-05,1.7
2015-08-06,1.7
2015-08-07,1.7
2015-08-10,1.69
2015-08-11,1.69
2015-08-12,1.69
2015-08-13,1.69
2015-08-17,1.69
2015-08-18,1.69
2015-08-19,1.69
2015-08-20,1.69
2015-08-21,1.69
2015-08-24,1.7
2015-08-25,1.7
2015-08-26,1.7
2015-08-27,1.7
2015-08-28,1.7
2015-08-31,1.7
2015-09-01,1.7
2015-09-02,1.7
2015-09-03,1.69
2015-09-04,1.69
2015-09-07,1.69
2015-09-08,1.68
2015-09-09,1.68
2015-09-10,1.68
2015-09-11,1.68
2015-09-14,1.68
2015-09-15,1.68
2015-09-16,1.68
2015-09-17,1.68
2015-09-18,1.68
2015-09-21,1.68
2015-09-22,1.68
2015-09-23,1.69
2015-09-24,1.69
2015-09-25,1.69
2015-09-30,1.69
2015-10-01,1.69
2015-10-02,1.69
2015-10-05,1.69
2015-10-06,1.69
2015-10-07,1.69
2015-10-08,1.69
2015-10-12,1.69
2015-10-13,1.69
2015-10-14,1.69
2015-10-15,1.69
2015-10-16,1.69
2015-10-19,1.69
2015-10-20,1.7
2015-10-21,1.71
2015-10-22,1.71
2015-10-23,1.71
2015-10-26,1.72
2015-10-27,1.72
2015-10-28,1.72
2015-10-29,1.72
2015-10-30,1.72
2015-11-02,1.72
2015-11-03,1.72
2015-11-04,1.73
2015-11-05,1.73
2015-11-06,1.73
2015-11-09,1.73
2015-11-10,1.73
2015-11-11,1.73
2015-11-12,1.73
2015-11-13,1.73
2015-11-16,1.73
2015-11-17,1.73
2015-11-18,1.73
2015-11-19,1.74
2015-11-20,1.74
2015-11-23,1.74
2015-11-24,1.75
2015-11-25,1.76
2015-11-26,1.77
2015-11-27,1.81
2015-11-30,1.83
2015-12-01,1.85
2015-12-02,1.86
2015-12-03,1.87
2015-12-04,1.88
2015-12-07,1.89
2015-12-08,1.9
2015-12-09,1.9
2015-12-10,1.9
2015-12-11,1.9
2015-12-14,1.91
2015-12-15,1.91
2015-12-16,1.91
2015-12-17,1.91
2015-12-18,1.92
2015-12-21,1.92
2015-12-22,1.92
2015-12-23,1.92
2015-12-24,1.92
2015-12-28,1.92
2015-12-29,1.92
2015-12-30,1.92
2015-12-31,1.92
2016-01-04,1.89
2016-01-05,1.87
2016-01-06,1.85
2016-01-07,1.84
2016-01-08,1.83
2016-01-11,1.82
2016-01-12,1.82
2016-01-13,1.82
2016-01-14,1.82
2016-01-15,1.82
2016-01-18,1.82
2016-01-19,1.82
2016-01-20,1.82
2016-01-21,1.82
2016-01-22,1.82
2016-01-25,1.82
2016-01-26,1.82
2016-01-27,1.82
2016-01-28,1.81
2016-01-29,1.81
2016-02-01,1.81
2016-02-02,1.81
2016-02-03,1.81
2016-02-04,1.81
2016-02-05,1.81
2016-02-11,1.8
2016-02-12,1.79
2016-02-15,1.77
2016-02-16,1.76
2016-02-17,1.75
2016-02-18,1.74
2016-02-19,1.73
2016-02-22,1.73
2016-02-23,1.72
2016-02-24,1.72
2016-02-25,1.72
2016-02-26,1.72
2016-02-29,1.72
2016-03-02,1.72
2016-03-03,1.72
2016-03-04,1.72
2016-03-07,1.72
2016-03-08,1.71
2016-03-09,1.71
2016-03-10,1.71
2016-03-11,1.71
2016-03-14,1.71
2016-03-15,1.71
2016-03-16,1.71
2016-03-17,1.71
2016-03-18,1.71
2016-03-21,1.71
2016-03-22,1.71
2016-03-23,1.71
2016-03-24,1.71
2016-03-25,1.71
2016-03-28,1.71
2016-03-29,1.71
2016-03-30,1.71
2016-03-31,1.71
2016-04-01,1.71
2016-04-04,1.71
2016-04-05,1.71
2016-04-06,1.71
2016-04-07,1.71
2016-04-08,1.71
2016-04-11,1.71
2016-04-12,1.71
2016-04-14,1.71
2016-04-15,1.71
2016-04-18,1.71
2016-04-19,1.7
2016-04-20,1.7
2016-04-21,1.7
2016-04-22,1.7
2016-04-25,1.7
2016-04-26,1.7
2016-04-27,1.7
2016-04-28,1.69
2016-04-29,1.69
2016-05-02,1.69
2016-05-03,1.69
2016-05-04,1.69
2016-05-09,1.69
2016-05-10,1.69
2016-05-11,1.68
2016-05-12,1.68
2016-05-13,1.68
2016-05-16,1.68
2016-05-17,1.68
2016-05-18,1.68
2016-05-19,1.68
2016-05-20,1.68
2016-05-23,1.68
2016-05-24,1.68
2016-05-25,1.68
2016-05-26,1.68
2016-05-27,1.68
2016-05-30,1.68
2016-05-31,1.67
2016-06-01,1.67
2016-06-02,1.67
2016-06-03,1.67
2016-06-07,1.67
2016-06-08,1.67
2016-06-09,1.55
2016-06-10,1.53
2016-06-13,1.52
2016-06-14,1.52
2016-06-15,1.52
2016-06-16,1.52
2016-06-17,1.52
2016-06-20,1.52
2016-06-21,1.52
2016-06-22,1.52
2016-06-23,1.52
2016-06-24,1.52
2016-06-27,1.52
2016-06-28,1.52
2016-06-29,1.52
2016-06-30,1.52
2016-07-01,1.52
2016-07-04,1.52
2016-07-05,1.52
2016-07-06,1.52
2016-07-07,1.52
2016-07-08,1.52
2016-07-11,1.52
2016-07-12,1.52
2016-07-13,1.52
2016-07-14,1.52
2016-07-15,1.52
2016-07-18,1.52
2016-07-19,1.52
2016-07-20,1.52
2016-07-21,1.52
2016-07-22,1.52
2016-07-25,1.52
2016-07-26,1.52
2016-07-27,1.52
2016-07-28,1.52
2016-07-29,1.52
2016-08-01,1.52
2016-08-02,1.52
2016-08-03,1.52
2016-08-04,1.52
2016-08-05,1.52
2016-08-08,1.52
2016-08-09,1.51
2016-08-10,1.51
2016-08-11,1.51
2016-08-12,1.51
2016-08-16,1.51
2016-08-17,1.51
2016-08-18,1.51
2016-08-19,1.51
2016-08-22,1.51
2016-08-23,1.51
2016-08-24,1.51
2016-08-25,1.51
2016-08-26,1.51
2016-08-29,1.51
2016-08-30,1.51
2016-08-31,1.51
2016-09-01,1.51
2016-09-02,1.51
2016-09-05,1.51
2016-09-06,1.51
2016-09-07,1.51
2016-09-08,1.51
2016-09-09,1.51
2016-09-12,1.51
2016-09-13,1.5
2016-09-19,1.5
2016-09-20,1.5
2016-09-21,1.5
2016-09-22,1.5
2016-09-23,1.5
2016-09-26,1.5
2016-09-27,1.5
2016-09-28,1.5
2016-09-29,1.5
2016-09-30,1.5
2016-10-04,1.5
2016-10-05,1.5
2016-10-06,1.5
2016-10-07,1.5
2016-10-10,1.5
2016-10-11,1.5
2016-10-12,1.5
2016-10-13,1.5
2016-10-14,1.5
2016-10-17,1.5
2016-10-18,1.5
2016-10-19,1.5
2016-10-20,1.5
2016-10-21,1.5
2016-10-24,1.5
2016-10-25,1.5
2016-10-26,1.5
2016-10-27,1.5
2016-10-28,1.5
2016-10-31,1.51
2016-11-01,1.51
2016-11-02,1.51
2016-11-03,1.51
2016-11-04,1.51
2016-11-07,1.51
2016-11-08,1.51
2016-11-09,1.51
2016-11-10,1.51
2016-11-11,1.51
2016-11-14,1.51
2016-11-15,1.51
2016-11-16,1.51
2016-11-17,1.52
2016-11-18,1.53
2016-11-21,1.54
2016-11-22,1.55
2016-11-23,1.55
2016-11-24,1.55
2016-11-25,1.55
2016-11-28,1.55
2016-11-29,1.55
2016-11-30,1.55
2016-12-01,1.55
2016-12-02,1.55
2016-12-05,1.58
2016-12-06,1.6
2016-12-07,1.62
2016-12-08,1.63
2016-12-09,1.64
2016-12-12,1.65
2016-12-13,1.66
2016-12-14,1.66
2016-12-15,1.66
2016-12-16,1.66
2016-12-19,1.67
2016-12-20,1.68
2016-12-21,1.68
2016-12-22,1.68
2016-12-23,1.69
2016-12-26,1.7
2016-12-27,1.7
2016-12-28,1.7
2016-12-29,1.7
2016-12-30,1.71
2017-01-02,1.71
2017-01-03,1.71
2017-01-04,1.7
2017-01-05,1.69
2017-01-06,1.68
2017-01-09,1.68
2017-01-10,1.68
2017-01-11,1.67
2017-01-12,1.67
2017-01-13,1.67
2017-01-16,1.66
2017-01-17,1.66
2017-01-18,1.66
2017-01-19,1.66
2017-01-20,1.66
2017-01-23,1.65
2017-01-24,1.65
2017-01-25,1.65
2017-01-26,1.65
2017-01-31,1.65
2017-02-01,1.65
2017-02-02,1.65
2017-02-03,1.65
2017-02-06,1.65
2017-02-07,1.65
2017-02-08,1.65
2017-02-09,1.65
2017-02-10,1.65
2017-02-13,1.65
2017-02-14,1.64
2017-02-15,1.64
2017-02-16,1.64
2017-02-17,1.64
2017-02-20,1.64
2017-02-21,1.64
2017-02-22,1.64
2017-02-23,1.64
2017-02-24,1.64
2017-02-27,1.64
2017-02-28,1.64
2017-03-02,1.64
2017-03-03,1.64
2017-03-06,1.64
2017-03-07,1.64
2017-03-08,1.64
2017-03-09,1.64
2017-03-10,1.64
2017-03-13,1.64
2017-03-14,1.64
2017-03-15,1.64
2017-03-16,1.64
2017-03-17,1.64
2017-03-20,1.63
2017-03-21,1.63
2017-03-22,1.63
2017-03-23,1.63
2017-03-24,1.63
2017-03-27,1.63
2017-03-28,1.63
2017-03-29,1.63
2017-03-30,1.63
2017-03-31,1.63
2017-04-03,1.63
2017-04-04,1.63
2017-04-05,1.63
2017-04-06,1.63
2017-04-07,1.63
2017-04-10,1.63
2017-04-11,1.63
2017-04-12,1.63
2017-04-13,1.63
2017-04-14,1.63
2017-04-17,1.63
2017-04-18,1.63
2017-04-19,1.63
2017-04-20,1.63
2017-04-21,1.63
2017-04-24,1.63
2017-04-25,1.63
2017-04-26,1.63
2017-04-27,1.63
2017-04-28,1.63
2017-05-02,1.63
2017-05-04,1.63
2017-05-08,1.63
2017-05-10,1.63
2017-05-11,1.63
2017-05-12,1.63
2017-05-15,1.63
2017-05-16,1.63
2017-05-17,1.63
2017-05-18,1.63
2017-05-19,1.63
2017-05-22,1.63
2017-05-23,1.63
2017-05-24,1.63
2017-05-25,1.62
2017-05-26,1.61
2017-05-29,1.61
2017-05-30,1.6
2017-05-31,1.6
2017-06-01,1.6
2017-06-02,1.6
2017-06-05,1.6
2017-06-07,1.6
2017-06-08,1.6
2017-06-09,1.6
2017-06-12,1.6
2017-06-13,1.6
2017-06-14,1.6
2017-06-15,1.6
2017-06-16,1.6
2017-06-19,1.6
2017-06-20,1.6
2017-06-21,1.6
2017-06-22,1.6
2017-06-23,1.6
2017-06-26,1.6
2017-06-27,1.6
2017-06-28,1.6
2017-06-29,1.6
2017-06-30,1.6
2017-07-03,1.6
2017-07-04,1.6
2017-07-05,1.6
2017-07-06,1.6
2017-07-07,1.6
2017-07-10,1.6
2017-07-11,1.6
2017-07-12,1.6
2017-07-13,1.59
2017-07-14,1.59
2017-07-17,1.59
2017-07-18,1.59
2017-07-19,1.59
2017-07-20,1.59
2017-07-21,1.59
2017-07-24,1.59
2017-07-25,1.59
2017-07-26,1.59
2017-07-27,1.59
2017-07-28,1.59
2017-07-31,1.59
2017-08-01,1.59
2017-08-02,1.59
2017-08-03,1.59
2017-08-04,1.59
2017-08-07,1.59
2017-08-08,1.59
2017-08-09,1.59
2017-08-10,1.59
2017-08-11,1.59
2017-08-14,1.59
2017-08-16,1.59
2017-08-17,1.59
2017-08-18,1.59
2017-08-21,1.59
2017-08-22,1.59
2017-08-23,1.59
2017-08-24,1.59
2017-08-25,1.59
2017-08-28,1.59
2017-08-29,1.59
2017-08-30,1.59
2017-08-31,1.59
2017-09-01,1.59
2017-09-04,1.59
2017-09-05,1.59
2017-09-06,1.59
2017-09-07,1.59
2017-09-08,1.59
2017-09-11,1.59
2017-09-12,1.59
2017-09-13,1.59
2017-09-14,1.59
2017-09-15,1.59
2017-09-18,1.59
2017-09-19,1.59
2017-09-20,1.59
2017-09-21,1.59
2017-09-22,1.59
2017-09-25,1.59
2017-09-26,1.59
2017-09-27,1.59
2017-09-28,1.59
2017-09-29,1.59
2017-10-10,1.59
2017-10-11,1.59
2017-10-12,1.59
2017-10-13,1.59
2017-10-16,1.59
2017-10-17,1.59
2017-10-18,1.59
2017-10-19,1.59
2017-10-20,1.59
2017-10-23,1.59
2017-10-24,1.59
2017-10-25,1.59
2017-10-26,1.59
2017-10-27,1.59
2017-10-30,1.59
2017-10-31,1.61
2017-11-01,1.62
2017-11-02,1.63
2017-11-03,1.64
2017-11-06,1.65
2017-11-07,1.66
2017-11-08,1.68
2017-11-09,1.68
2017-11-10,1.68
2017-11-13,1.69
2017-11-14,1.7
2017-11-15,1.7
2017-11-16,1.7
2017-11-17,1.7
2017-11-20,1.7
2017-11-21,1.72
2017-11-22,1.72
2017-11-23,1.72
2017-11-24,1.72
2017-11-27,1.75
2017-11-28,1.77
2017-11-29,1.77
2017-11-30,1.79
2017-12-01,1.8
2017-12-04,1.8
2017-12-05,1.8
2017-12-06,1.8
2017-12-07,1.8
2017-12-08,1.8
2017-12-11,1.8
2017-12-12,1.8
2017-12-13,1.8
2017-12-14,1.8
2017-12-15,1.8
2017-12-18,1.8
2017-12-19,1.8
2017-12-20,1.8
2017-12-21,1.8
2017-12-22,1.8
2017-12-26,1.8
2017-12-27,1.8
2017-12-28,1.8
2017-12-29,1.8
2018-01-02,1.8
2018-01-03,1.8
2018-01-04,1.8
2018-01-05,1.8
2018-01-08,1.8
2018-01-09,1.8
2018-01-10,1.8
2018-01-11,1.8
2018-01-12,1.8
2018-01-15,1.8
2018-01-16,1.8
2018-01-17,1.8
2018-01-18,1.8
2018-01-19,1.8
2018-01-22,1.8
2018-01-23,1.8
2018-01-24,1.8
2018-01-25,1.8
2018-01-26,1.8
2018-01-29,1.8
2018-01-30,1.8
2018-01-31,1.8
2018-02-01,1.8
2018-02-02,1.8
2018-02-05,1.8
2018-02-06,1.8
2018-02-07,1.8
2018-02-08,1.8
2018-02-09,1.8
2018-02-12,1.8
2018-02-13,1.8
2018-02-14,1.8
2018-02-19,1.8
2018-02-20,1.8
2018-02-21,1.8
2018-02-22,1.8
2018-02-23,1.8
2018-02-26,1.8
2018-02-27,1.8
2018-02-28,1.8
2018-03-02,1.8
2018-03-05,1.8
2018-03-06,1.8
2018-03-07,1.8
2018-03-08,1.8
2018-03-09,1.8
2018-03-12,1.8
2018-03-13,1.8
2018-03-14,1.8
2018-03-15,1.8
2018-03-16,1.81
2018-03-19,1.81
2018-03-20,1.81
2018-03-21,1.81
2018-03-22,1.82
2018-03-23,1.82
2018-03-26,1.82
2018-03-27,1.82
2018-03-28,1.82
2018-03-29,1.82
2018-03-30,1.82
2018-04-02,1.82
2018-04-03,1.82
2018-04-04,1.82
2018-04-05,1.82
2018-04-06,1.82
2018-04-09,1.82
2018-04-10,1.82
2018-04-11,1.82
2018-04-12,1.82
2018-04-13,1.82
2018-04-16,1.82
2018-04-17,1.82
2018-04-18,1.82
2018-04-19,1.82
2018-04-20,1.82
2018-04-23,1.82
2018-04-24,1.82
2018-04-25,1.82
2018-04-26,1.82
2018-04-27,1.82
2018-04-30,1.82
2018-05-02,1.82
2018-05-03,1.82
2018-05-04,1.82
2018-05-08,1.82
2018-05-09,1.82
2018-05-10,1.82
2018-05-11,1.82
2018-05-14,1.82
2018-05-15,1.82
2018-05-16,1.82
2018-05-17,1.82
2018-05-18,1.82
2018-05-21,1.82
2018-05-23,1.82
2018-05-24,1.82
2018-05-25,1.82
2018-05-28,1.82
2018-05-29,1.82
2018-05-30,1.82
2018-05-31,1.82
2018-06-01,1.82
2018-06-04,1.82
2018-06-05,1.82
2018-06-07,1.82
2018-06-08,1.82
2018-06-11,1.82
2018-06-12,1.82
2018-06-14,1.82
2018-06-15,1.82
2018-06-18,1.82
2018-06-19,1.82
2018-06-20,1.82
2018-06-21,1.82
2018-06-22,1.82
2018-06-25,1.82
2018-06-26,1.82
2018-06-27,1.82
2018-06-28,1.82
2018-06-29,1.82
2018-07-02,1.82
2018-07-03,1.82
2018-07-04,1.82
2018-07-05,1.82
2018-07-06,1.82
2018-07-09,1.82
2018-07-10,1.82
2018-07-11,1.82
2018-07-12,1.82
2018-07-13,1.82
2018-07-16,1.82
2018-07-17,1.82
2018-07-18,1.82
2018-07-19,1.82
2018-07-20,1.82
2018-07-23,1.82
2018-07-24,1.82
2018-07-25,1.82
2018-07-26,1.82
2018-07-27,1.82
2018-07-30,1.82
2018-07-31,1.82
2018-08-01,1.82
2018-08-02,1.82
2018-08-03,1.82
2018-08-06,1.81
2018-08-07,1.81
2018-08-08,1.81
2018-08-09,1.81
2018-08-10,1.81
2018-08-13,1.81
2018-08-14,1.81
2018-08-16,1.81
2018-08-17,1.81
2018-08-20,1.81
2018-08-21,1.81
2018-08-22,1.81
2018-08-23,1.81
2018-08-24,1.81
2018-08-27,1.81
2018-08-28,1.81
2018-08-29,1.81
2018-08-30,1.81
2018-08-31,1.81
2018-09-03,1.81
2018-09-04,1.81
2018-09-05,1.81
2018-09-06,1.81
2018-09-07,1.81
2018-09-10,1.81
2018-09-11,1.81
2018-09-12,1.81
2018-09-13,1.81
2018-09-14,1.81
2018-09-17,1.81
2018-09-18,1.81
2018-09-19,1.81
2018-09-20,1.81
2018-09-21,1.81
2018-09-27,1.82
2018-09-28,1.82
2018-10-01,1.82
2018-10-02,1.82
2018-10-04,1.82
2018-10-05,1.82
2018-10-08,1.82
2018-10-10,1.82
2018-10-11,1.82
2018-10-12,1.82
2018-10-15,1.82
2018-10-16,1.82
2018-10-17,1.82
2018-10-18,1.82
2018-10-19,1.82
2018-10-22,1.82
2018-10-23,1.82
2018-10-24,1.82
2018-10-25,1.82
2018-10-26,1.82
2018-10-29,1.82
2018-10-30,1.82
2018-10-31,1.82
2018-11-01,1.82
2018-11-02,1.82
2018-11-05,1.82
2018-11-06,1.82
2018-11-07,1.82
2018-11-08,1.83
2018-11-09,1.83
2018-11-12,1.83
2018-11-13,1.84
2018-11-14,1.84
2018-11-15,1.84
2018-11-16,1.84
2018-11-19,1.84
2018-11-20,1.84
2018-11-21,1.85
2018-11-22,1.86
2018-11-23,1.86
2018-11-26,1.86
2018-11-27,1.86
2018-11-28,1.86
2018-11-29,1.86
2018-11-30,1.97
2018-12-03,1.97
2018-12-04,1.97
2018-12-05,1.97
2018-12-06,1.97
2018-12-07,1.97
2018-12-10,1.97
2018-12-11,1.97
2018-12-12,1.97
2018-12-13,1.97
2018-12-14,1.97
2018-12-17,1.97
2018-12-18,1.97
2018-12-19,1.97
2018-12-20,1.97
2018-12-21,1.97
2018-12-24,1.97
2018-12-26,1.97
2018-12-27,1.97
2018-12-28,1.97
2018-12-31,1.97
2019-01-02,1.97
2019-01-03,1.97
2019-01-04,1.97
2019-01-07,1.97
2019-01-08,1.97
2019-01-09,1.97
2019-01-10,1.97
2019-01-11,1.97
2019-01-14,1.97
2019-01-15,1.97
2019-01-16,1.97
2019-01-17,1.97
2019-01-18,1.97
2019-01-21,1.97
2019-01-22,1.97
2019-01-23,1.97
2019-01-24,1.97
2019-01-25,1.97
2019-01-28,1.97
2019-01-29,1.97
2019-01-30,1.97
2019-01-31,1.97
2019-02-01,1.97
2019-02-07,1.97
2019-02-08,1.97
2019-02-11,1.97
2019-02-12,1.97
2019-02-13,1.97
2019-02-14,1.97
2019-02-15,1.97
2019-02-18,1.97
2019-02-19,1.97
2019-02-20,1.97
2019-02-21,1.97
2019-02-22,1.97
2019-02-25,1.97
2019-02-26,1.97
2019-02-27,1.97
2019-02-28,1.97
2019-03-04,1.97
2019-03-05,1.97
2019-03-06,1.97
2019-03-07,1.97
2019-03-08,1.97
2019-03-11,1.97
2019-03-12,1.98
2019-03-13,1.98
2019-03-14,1.98
2019-03-15,1.98
2019-03-18,1.98
2019-03-19,1.98
2019-03-20,1.98
2019-03-21,1.98
2019-03-22,1.98
2019-03-25,1.98
2019-03-26,1.98
2019-03-27,1.98
2019-03-28,1.98
2019-03-29,1.98
2019-04-01,1.98
2019-04-02,1.98
2019-04-03,1.98
2019-04-04,1.98
2019-04-05,1.98
2019-04-08,1.98
2019-04-09,1.98
2019-04-10,1.98
2019-04-11,1.98
2019-04-12,1.98
2019-04-15,1.98
2019-04-16,1.98
2019-04-17,1.98
2019-04-18,1.98
2019-04-19,1.98
2019-04-22,1.98
2019-04-23,1.98
2019-04-24,1.98
2019-04-25,1.98
2019-04-26,1.98
2019-04-29,1.98
2019-04-30,1.98
2019-05-02,1.97
2019-05-03,1.96
2019-05-07,1.96
2019-05-08,1.95
2019-05-09,1.95
2019-05-10,1.95
2019-05-13,1.95
2019-05-14,1.95
2019-05-15,1.94
2019-05-16,1.94
2019-05-17,1.94
2019-05-20,1.94
2019-05-21,1.94
2019-05-22,1.94
2019-05-23,1.94
2019-05-24,1.94
2019-05-27,1.94
2019-05-28,1.94
2019-05-29,1.94
2019-05-30,1.94
2019-05-31,1.93
2019-06-03,1.93
2019-06-04,1.93
2019-06-05,1.93
2019-06-07,1.93
2019-06-10,1.93
2019-06-11,1.93
2019-06-12,1.93
2019-06-13,1.93
2019-06-14,1.93
2019-06-17,1.93
2019-06-18,1.93
2019-06-19,1.93
2019-06-20,1.93
2019-06-21,1.92
2019-06-24,1.92
2019-06-25,1.92
2019-06-26,1.92
2019-06-27,1.92
2019-06-28,1.92
2019-07-01,1.92
2019-07-02,1.92
2019-07-03,1.92
2019-07-04,1.91
2019-07-05,1.91
2019-07-08,1.91
2019-07-09,1.91
2019-07-10,1.91
2019-07-11,1.91
2019-07-12,1.91
2019-07-15,1.91
2019-07-16,1.91
2019-07-17,1.91
2019-07-18,1.84
2019-07-19,1.84
2019-07-22,1.84
2019-07-23,1.82
2019-07-24,1.8
2019-07-25,1.79
2019-07-26,1.78
2019-07-29,1.77
2019-07-30,1.76
2019-07-31,1.76
2019-08-01,1.76
2019-08-02,1.75
2019-08-05,1.74
2019-08-06,1.73
2019-08-07,1.73
2019-08-08,1.73
2019-08-09,1.73
2019-08-12,1.73
2019-08-13,1.73
2019-08-14,1.72
2019-08-16,1.72
2019-08-19,1.72
2019-08-20,1.72
2019-08-21,1.72
2019-08-22,1.72
2019-08-23,1.72
2019-08-26,1.72
2019-08-27,1.72
2019-08-28,1.72
2019-08-29,1.72
2019-08-30,1.72
2019-09-02,1.72
2019-09-03,1.72
2019-09-04,1.72
2019-09-05,1.72
2019-09-06,1.72
2019-09-09,1.72
2019-09-10,1.72
2019-09-11,1.72
2019-09-16,1.72
2019-09-17,1.72
2019-09-18,1.72
2019-09-19,1.72
2019-09-20,1.72
2019-09-23,1.72
2019-09-24,1.72
2019-09-25,1.72
2019-09-26,1.72
2019-09-27,1.72
2019-09-30,1.72
2019-10-01,1.72
2019-10-02,1.72
2019-10-04,1.72
2019-10-07,1.72
2019-10-08,1.72
2019-10-10,1.72
2019-10-11,1.72
2019-10-14,1.72
2019-10-15,1.72
2019-10-16,1.7
2019-10-17,1.69
2019-10-18,1.68
2019-10-21,1.67
2019-10-22,1.65
2019-10-23,1.65
2019-10-24,1.65
2019-10-25,1.65
2019-10-28,1.65
2019-10-29,1.65
2019-10-30,1.65
2019-10-31,1.65
2019-11-01,1.65
2019-11-04,1.65
2019-11-05,1.65
2019-11-06,1.65
2019-11-07,1.65
2019-11-08,1.65
2019-11-11,1.65
2019-11-12,1.65
2019-11-13,1.65
2019-11-14,1.65
2019-11-15,1.65
2019-11-18,1.65
2019-11-19,1.65
2019-11-20,1.65
2019-11-21,1.65
2019-11-22,1.65
2019-11-25,1.65
2019-11-26,1.65
2019-11-27,1.65
2019-11-28,1.65
2019-11-29,1.65
2019-12-02,1.66
2019-12-03,1.66
2019-12-04,1.66
2019-12-05,1.66
2019-12-06,1.66
2019-12-09,1.66
2019-12-10,1.66
2019-12-11,1.66
2019-12-12,1.66
2019-12-13,1.66
2019-12-16,1.67
2019-12-17,1.67
2019-12-18,1.67
2019-12-19,1.67
2019-12-20,1.67
2019-12-23,1.67
2019-12-24,1.67
2019-12-26,1.67
2019-12-27,1.68
2019-12-30,1.69
2019-12-31,1.69
2020-01-02,1.69
2020-01-03,1.69
2020-01-06,1.69
2020-01-07,1.69
2020-01-08,1.69
2020-01-09,1.69
2020-01-10,1.69
2020-01-13,1.69
2020-01-14,1.69
2020-01-15,1.69
2020-01-16,1.69
2020-01-17,1.69
2020-01-20,1.69
2020-01-21,1.69
2020-01-22,1.69
2020-01-23,1.69
2020-01-28,1.69
2020-01-29,1.69
2020-01-30,1.69
2020-01-31,1.69
2020-02-03,1.69
2020-02-04,1.69
2020-02-05,1.68
2020-02-06,1.68
2020-02-07,1.68
2020-02-10,1.68
2020-02-11,1.68
2020-02-12,1.68
2020-02-13,1.68
2020-02-14,1.68
2020-02-17,1.68
2020-02-18,1.67
2020-02-19,1.65
2020-02-20,1.63
2020-02-21,1.62
2020-02-24,1.61
2020-02-25,1.6
2020-02-26,1.59
2020-02-27,1.58
2020-02-28,1.57
2020-03-02,1.56
2020-03-03,1.56
2020-03-04,1.55
2020-03-05,1.55
2020-03-06,1.55
2020-03-09,1.55
2020-03-10,1.55
2020-03-11,1.55
2020-03-12,1.55
2020-03-13,1.55
2020-03-16,1.54
2020-03-17,1.36
2020-03-18,1.37
2020-03-19,1.41
2020-03-20,1.47
2020-03-23,1.56
2020-03-24,1.66
2020-03-25,1.88
2020-03-26,2.05
2020-03-27,2.1
2020-03-30,2.17
2020-03-31,2.2
2020-04-01,2.22
2020-04-02,2.24
2020-04-03,2.2
2020-04-06,2.2
2020-04-07,2.19
2020-04-08,2.19
2020-04-09,2.16
2020-04-10,2.14
2020-04-13,2.13
2020-04-14,2.13
2020-04-16,2.13
2020-04-17,2.11
2020-04-20,2.09
2020-04-21,2.08
2020-04-22,2.06
2020-04-23,2.01
2020-04-24,2.01
2020-04-27,2.01
2020-04-28,2.01
2020-04-29,2.01
2020-05-04,2.01
2020-05-06,2.01
2020-05-07,2.0
2020-05-08,1.99
2020-05-11,1.98
2020-05-12,1.98
2020-05-13,1.98
2020-05-14,1.97
2020-05-15,1.96
2020-05-18,1.95
2020-05-19,1.94
2020-05-20,1.93
2020-05-21,1.92
2020-05-22,1.91
2020-05-25,1.9
2020-05-26,1.89
2020-05-27,1.88
2020-05-28,1.63
2020-05-29,1.62
2020-06-01,1.62
2020-06-02,1.62
2020-06-03,1.62
2020-06-04,1.61
2020-06-05,1.6
2020-06-08,1.58
2020-06-09,1.57
2020-06-10,1.56
2020-06-11,1.56
2020-06-12,1.55
2020-06-15,1.54
2020-06-16,1.54
2020-06-17,1.54
2020-06-18,1.54
2020-06-19,1.54
2020-06-22,1.54
2020-06-23,1.54
2020-06-24,1.54
2020-06-25,1.54
2020-06-26,1.53
2020-06-29,1.52
2020-06-30,1.51
2020-07-01,1.5
2020-07-02,1.5
2020-07-03,1.5
2020-07-06,1.5
2020-07-07,1.49
2020-07-08,1.48
2020-07-09,1.47
2020-07-10,1.47
2020-07-13,1.47
2020-07-14,1.47
2020-07-15,1.47
2020-07-16,1.47
2020-07-17,1.47
2020-07-20,1.47
2020-07-21,1.47
2020-07-22,1.47
2020-07-23,1.47
2020-07-24,1.47
2020-07-27,1.47
2020-07-28,1.47
2020-07-29,1.47
2020-07-30,1.47
2020-07-31,1.47
2020-08-03,1.47
2020-08-04,1.47
2020-08-05,1.47
2020-08-06,1.47
2020-08-07,1.47
2020-08-10,1.47
2020-08-11,1.47
2020-08-12,1.47
2020-08-13,1.47
2020-08-14,1.46
2020-08-18,1.45
2020-08-19,1.43
2020-08-20,1.41
2020-08-21,1.4
2020-08-24,1.39
2020-08-25,1.39
2020-08-26,1.39
2020-08-27,1.38
2020-08-28,1.37
2020-08-31,1.36
2020-09-01,1.33
2020-09-02,1.31
2020-09-03,1.3
2020-09-04,1.29
2020-09-07,1.28
2020-09-08,1.27
2020-09-09,1.26
2020-09-10,1.25
2020-09-11,1.24
2020-09-14,1.23
2020-09-15,1.22
2020-09-16,1.2
2020-09-17,1.18
2020-09-18,1.16
2020-09-21,1.15
2020-09-22,1.14
2020-09-23,1.13
2020-09-24,1.12
2020-09-25,1.11
2020-09-28,1.11
2020-09-29,1.11
2020-10-05,1.11
2020-10-06,1.11
2020-10-07,1.11
2020-10-08,1.11
2020-10-12,1.11
2020-10-13,1.11
2020-10-14,1.11
2020-10-15,1.11
2020-10-16,1.11
2020-10-19,1.11
2020-10-20,1.11
2020-10-21,1.11
2020-10-22,1.11
2020-10-23,1.11
2020-10-26,1.11
2020-10-27,1.11
2020-10-28,1.11
2020-10-29,1.11
2020-10-30,1.11
2020-11-02,1.11
2020-11-03,1.11
2020-11-04,1.11
2020-11-05,1.11
2020-11-06,1.11
2020-11-09,1.11
2020-11-10,1.11
2020-11-11,1.11
2020-11-12,1.11
2020-11-13,1.11
2020-11-16,1.11
2020-11-17,1.11
2020-11-18,1.1
2020-11-19,1.09
2020-11-20,1.09
2020-11-23,1.09
2020-11-24,1.09
2020-11-25,1.09
2020-11-26,1.09
2020-11-27,1.09
2020-11-30,1.09
2020-12-01,1.09
2020-12-02,1.09
2020-12-03,1.09
2020-12-04,1.09
2020-12-07,1.09
2020-12-08,1.09
2020-12-09,1.09
2020-12-10,1.09
2020-12-11,1.09
2020-12-14,1.09
2020-12-15,1.09
2020-12-16,1.09
2020-12-17,1.09
2020-12-18,1.09
2020-12-21,1.09
2020-12-22,1.09
2020-12-23,1.09
2020-12-24,1.09
2020-12-28,1.09
2020-12-29,1.09
2020-12-30,1.09
2020-12-31,1.09
2021-01-04,1.09
2021-01-05,1.07
2021-01-06,1.06
2021-01-07,1.05
2021-01-08,1.04
2021-01-11,1.03
2021-01-12,1.02
2021-01-13,1.02
2021-01-14,1.02
2021-01-15,1.02
2021-01-18,1.02
2021-01-19,1.02
2021-01-20,1.02
2021-01-21,1.02
2021-01-22,1.02
2021-01-25,1.02
2021-01-26,1.02
2021-01-27,1.02
2021-01-28,1.02
2021-01-29,1.01
2021-02-01,1.01
2021-02-02,1.01
2021-02-03,1.0
2021-02-04,1.0
2021-02-05,1.0
2021-02-08,1.0
2021-02-09,1.0
2021-02-10,1.0
2021-02-15,1.0
2021-02-16,1.0
2021-02-17,1.0
2021-02-18,1.0
2021-02-19,1.0
2021-02-22,1.0
2021-02-23,1.0
2021-02-24,1.0
2021-02-25,1.0
2021-02-26,1.0
2021-03-02,1.0
2021-03-03,1.0
2021-03-04,1.0
2021-03-05,1.0
2021-03-08,1.0
2021-03-09,1.0
2021-03-10,1.0
2021-03-11,1.0
2021-03-12,1.0
2021-03-15,1.0
2021-03-16,1.0
2021-03-17,1.0
2021-03-18,1.0
2021-03-19,1.0
2021-03-22,1.0
2021-03-23,1.0
2021-03-24,1.0
2021-03-25,1.0
2021-03-26,1.0
2021-03-29,1.0
2021-03-30,1.0
2021-03-31,1.0
2021-04-01,1.0
2021-04-02,1.0
2021-04-05,1.0
2021-04-06,1.0
2021-04-07,1.0
2021-04-08,1.0
2021-04-09,1.0
2021-04-12,1.0
2021-04-13,1.0
2021-04-14,0.99
2021-04-15,0.98
2021-04-16,0.97
2021-04-19,0.97
2021-04-20,0.97
2021-04-21,0.97
2021-04-22,0.97
2021-04-23,0.97
2021-04-26,0.97
2021-04-27,0.97
2021-04-28,0.97
2021-04-29,0.97
2021-04-30,0.97
2021-05-03,0.97
2021-05-04,0.97
2021-05-06,0.97
2021-05-07,0.97
2021-05-10,0.97
2021-05-11,0.97
2021-05-12,0.97
2021-05-13,0.97
2021-05-14,0.97
2021-05-17,0.97
2021-05-18,0.97
2021-05-20,0.97
2021-05-21,0.97
2021-05-24,0.97
2021-05-25,0.97
2021-05-26,0.97
2021-05-27,0.97
2021-05-28,0.97
2021-05-31,0.97
2021-06-01,0.97
2021-06-02,0.97
2021-06-03,0.97
2021-06-04,0.97
2021-06-07,0.97
2021-06-08,0.97
2021-06-09,0.97
2021-06-10,0.97
2021-06-11,0.97
2021-06-14,0.97
2021-06-15,0.97
2021-06-16,0.97
2021-06-17,0.97
2021-06-18,0.97
2021-06-21,0.97
2021-06-22,0.97
2021-06-23,0.97
2021-06-24,0.97
2021-06-25,0.97
2021-06-28,0.97
2021-06-29,0.97
2021-06-30,0.97
2021-07-01,0.97
2021-07-02,0.97
2021-07-05,0.97
2021-07-06,0.97
2021-07-07,0.97
2021-07-08,0.97
2021-07-09,0.97
2021-07-12,0.97
2021-07-13,0.97
2021-07-14,0.97
2021-07-15,0.97
2021-07-16,0.97
2021-07-19,0.97
2021-07-20,0.97
2021-07-21,0.97
2021-07-22,0.97
2021-07-23,0.97
2021-07-26,0.97
2021-07-27,0.97
2021-07-28,0.97
2021-07-29,0.97
2021-07-30,0.97
2021-08-02,0.97
2021-08-03,0.97
2021-08-04,0.97
2021-08-05,0.97
2021-08-06,0.97
2021-08-09,0.97
2021-08-10,0.97
2021-08-11,0.97
2021-08-12,0.97
2021-08-13,0.97
2021-08-17,0.97
2021-08-18,0.97
2021-08-19,0.97
2021-08-20,0.97
2021-08-23,0.97
2021-08-24,0.97
2021-08-25,0.97
2021-08-26,1.12
2021-08-27,1.12
2021-08-30,1.12
2021-08-31,1.12
2021-09-01,1.12
2021-09-02,1.12
2021-09-03,1.12
2021-09-06,1.12
2021-09-07,1.12
2021-09-08,1.12
2021-09-09,1.12
2021-09-10,1.12
2021-09-13,1.13
2021-09-14,1.14
2021-09-15,1.15
2021-09-16,1.16
2021-09-17,1.17
2021-09-23,1.18
2021-09-24,1.18
2021-09-27,1.18
2021-09-28,1.18
2021-09-29,1.18
2021-09-30,1.18
2021-10-01,1.18
2021-10-05,1.18
2021-10-06,1.18
2021-10-07,1.18
2021-10-08,1.18
2021-10-12,1.18
2021-10-13,1.18
2021-10-14,1.18
2021-10-15,1.19
2021-10-18,1.19
2021-10-19,1.19
2021-10-20,1.2
2021-10-21,1.21
2021-10-22,1.22
2021-10-25,1.23
2021-10-26,1.23
2021-10-27,1.24
2021-10-28,1.24
2021-10-29,1.24
2021-11-01,1.24
2021-11-02,1.25
2021-11-03,1.25
2021-11-04,1.26
2021-11-05,1.27
2021-11-08,1.28
2021-11-09,1.3
2021-11-10,1.31
2021-11-11,1.32
2021-11-12,1.33
2021-11-15,1.33
2021-11-16,1.33
2021-11-17,1.33
2021-11-18,1.33
2021-11-19,1.33
2021-11-22,1.33
2021-11-23,1.33
2021-11-24,1.33
2021-11-25,1.48
2021-11-26,1.49
2021-11-29,1.49
2021-11-30,1.49
2021-12-01,1.49
2021-12-02,1.49
2021-12-03,1.5
2021-12-06,1.5
2021-12-07,1.5
2021-12-08,1.5
2021-12-09,1.51
2021-12-10,1.52
2021-12-13,1.53
2021-12-14,1.54
2021-12-15,1.55
2021-12-16,1.55
2021-12-17,1.55
2021-12-20,1.55
2021-12-21,1.55
2021-12-22,1.56
2021-12-23,1.56
2021-12-24,1.56
2021-12-27,1.56
2021-12-28,1.56
2021-12-29,1.56
2021-12-30,1.56
2021-12-31,1.56
2022-01-03,1.56
2022-01-04,1.56
2022-01-05,1.56
2022-01-06,1.56
2022-01-07,1.56
2022-01-10,1.56
2022-01-11,1.56
2022-01-12,1.56
2022-01-13,1.56
2022-01-14,1.63
2022-01-17,1.64
2022-01-18,1.64
2022-01-19,1.64
2022-01-20,1.64
2022-01-21,1.64
2022-01-24,1.64
2022-01-25,1.64
2022-01-26,1.64
2022-01-27,1.64
2022-01-28,1.64
2022-02-03,1.64
2022-02-04,1.64
2022-02-07,1.64
2022-02-08,1.64
2022-02-09,1.64
2022-02-10,1.64
2022-02-11,1.64
2022-02-14,1.64
2022-02-15,1.64
2022-02-16,1.64
2022-02-17,1.64
2022-02-18,1.64
2022-02-21,1.64
2022-02-22,1.64
2022-02-23,1.64
2022-02-24,1.64
2022-02-25,1.64
2022-02-28,1.64
2022-03-02,1.64
2022-03-03,1.64
2022-03-04,1.64
2022-03-07,1.64
2022-03-08,1.64
2022-03-10,1.64
2022-03-11,1.64
2022-03-14,1.64
2022-03-15,1.64
2022-03-16,1.64
2022-03-17,1.64
2022-03-18,1.64
2022-03-21,1.64
2022-03-22,1.64
2022-03-23,1.64
2022-03-24,1.64
2022-03-25,1.64
2022-03-28,1.65
2022-03-29,1.65
2022-03-30,1.66
2022-03-31,1.66
2022-04-01,1.67
2022-04-04,1.67
2022-04-05,1.67
2022-04-06,1.67
2022-04-07,1.67
2022-04-08,1.67
2022-04-11,1.67
2022-04-12,1.67
2022-04-13,1.67
2022-04-14,1.84
2022-04-15,1.85
2022-04-18,1.86
2022-04-19,1.87
2022-04-20,1.88
2022-04-21,1.89
2022-04-22,1.89
2022-04-25,1.89
2022-04-26,1.89
2022-04-27,1.89
2022-04-28,1.89
2022-04-29,1.89
2022-05-02,1.89
2022-05-03,1.89
2022-05-04,1.89
2022-05-06,1.89
2022-05-09,1.89
2022-05-10,1.89
2022-05-11,1.89
2022-05-12,1.9
2022-05-13,1.9
2022-05-16,1.91
2022-05-17,1.92
2022-05-18,1.92
2022-05-19,1.92
2022-05-20,1.93
2022-05-23,1.94
2022-05-24,1.94
2022-05-25,1.94
2022-05-26,2.1
2022-05-27,2.12
2022-05-30,2.14
2022-05-31,2.15
2022-06-02,2.17
2022-06-03,2.18
2022-06-07,2.19
2022-06-08,2.19
2022-06-09,2.19
2022-06-10,2.19
2022-06-13,2.19
2022-06-14,2.19
2022-06-15,2.19
2022-06-16,2.19
2022-06-17,2.2
2022-06-20,2.23
2022-06-21,2.26
2022-06-22,2.28
2022-06-23,2.3
2022-06-24,2.31
2022-06-27,2.32
2022-06-28,2.33
2022-06-29,2.34
2022-06-30,2.34
2022-07-01,2.34
2022-07-04,2.34
2022-07-05,2.35
2022-07-06,2.36
2022-07-07,2.36
2022-07-08,2.36
2022-07-11,2.37
2022-07-12,2.39
2022-07-13,2.78
2022-07-14,2.79
2022-07-15,2.8
2022-07-18,2.8
2022-07-19,2.8
2022-07-20,2.8
2022-07-21,2.8
2022-07-22,2.8
2022-07-25,2.8
2022-07-26,2.81
2022-07-27,2.83
2022-07-28,2.85
2022-07-29,2.86
2022-08-01,2.86
2022-08-02,2.86
2022-08-03,2.86
2022-08-04,2.86
2022-08-05,2.86
2022-08-08,2.86
2022-08-09,2.86
2022-08-10,2.86
2022-08-11,2.86
2022-08-12,2.86
2022-08-16,2.86
2022-08-17,2.86
2022-08-18,2.86
2022-08-19,2.86
2022-08-22,2.86
2022-08-23,2.86
2022-08-24,2.86
2022-08-25,3.03
2022-08-26,3.04
2022-08-29,3.07
2022-08-30,3.08
2022-08-31,3.09
2022-09-01,3.1
2022-09-02,3.1
2022-09-05,3.1
2022-09-06,3.1
2022-09-07,3.1
2022-09-08,3.1
2022-09-13,3.11
2022-09-14,3.12
2022-09-15,3.13
2022-09-16,3.14
2022-09-19,3.15
2022-09-20,3.15
2022-09-21,3.15
2022-09-22,3.17
2022-09-23,3.22
2022-09-26,3.25
2022-09-27,3.27
2022-09-28,3.28
2022-09-29,3.29
2022-09-30,3.3
2022-10-04,3.34
2022-10-05,3.39
2022-10-06,3.43
2022-10-07,3.47
2022-10-11,3.51
2022-10-12,3.77
2022-10-13,3.8
2022-10-14,3.82
2022-10-17,3.9
2022-10-18,3.98
2022-10-19,4.06
2022-10-20,4.14
2022-10-21,4.3
2022-10-24,4.42
2022-10-25,4.5
2022-10-26,4.56
2022-10-27,4.6
2022-10-28,4.64
2022-10-31,4.68
2022-11-01,4.73
2022-11-02,4.8
2022-11-03,4.87
2022-11-04,4.94
2022-11-07,5.0
2022-11-08,5.04
2022-11-09,5.08
2022-11-10,5.16
2022-11-11,5.22
2022-11-14,5.25
2022-11-15,5.29
2022-11-16,5.33
2022-11-17,5.37
2022-11-18,5.4
2022-11-21,5.43
2022-11-22,5.45
2022-11-23,5.47
2022-11-24,5.56
2022-11-25,5.58
2022-11-28,5.59
2022-11-29,5.6
2022-11-30,5.61
2022-12-01,5.62
2022-12-02,5.62
2022-12-05,5.62
2022-12-06,5.62
2022-12-07,5.62
2022-12-08,5.62
2022-12-09,5.62
2022-12-12,5.61
2022-12-13,5.6
2022-12-14,5.58
2022-12-15,5.56
2022-12-16,5.54
2022-12-19,5.53
2022-12-20,5.49
2022-12-21,5.47
2022-12-22,5.46
2022-12-23,5.45
2022-12-26,5.42
2022-12-27,5.38
2022-12-28,5.34
2022-12-29,5.3
2022-12-30,5.28
2023-01-02,5.25
2023-01-03,5.22
2023-01-04,5.18
2023-01-05,5.12
2023-01-06,5.07
2023-01-09,5.03
2023-01-10,5.0
2023-01-11,4.96
2023-01-12,4.93
2023-01-13,4.96
2023-01-16,4.92
2023-01-17,4.89
2023-01-18,4.86
2023-01-19,4.82
2023-01-20,4.78
2023-01-25,4.74
2023-01-26,4.7
2023-01-27,4.67
2023-01-30,4.62
2023-01-31,4.57
2023-02-01,4.53
2023-02-02,4.48
2023-02-03,4.42
2023-02-06,4.37
2023-02-07,4.33
2023-02-08,4.28
2023-02-09,4.26
2023-02-10,4.25
2023-02-13,4.24
2023-02-14,4.22
2023-02-15,4.2
2023-02-16,4.18
2023-02-17,4.17
2023-02-20,4.14
2023-02-21,4.12
2023-02-22,4.1
2023-02-23,4.09
2023-02-24,4.08
2023-02-27,4.07
2023-02-28,4.06
2023-03-02,4.06
2023-03-03,4.06
2023-03-06,4.06
2023-03-07,4.06
2023-03-08,4.06
2023-03-09,4.06
2023-03-10,4.06
2023-03-13,4.06
2023-03-14,4.06
2023-03-15,4.06
2023-03-16,4.06
2023-03-17,4.06
2023-03-20,4.06
2023-03-21,4.06
2023-03-22,4.06
2023-03-23,4.05
2023-03-24,4.04
2023-03-27,4.03
2023-03-28,4.02
2023-03-29,4.01
2023-03-30,4.01
2023-03-31,4.01
2023-04-03,4.01
2023-04-04,4.01
2023-04-05,4.01
2023-04-06,4.01
2023-04-07,4.01
2023-04-10,4.01
2023-04-11,4.01
2023-04-12,4.01
2023-04-13,4.01
2023-04-14,4.01
2023-04-17,4.01
2023-04-18,4.01
2023-04-19,4.01
2023-04-20,4.01
2023-04-21,4.01
2023-04-24,4.01
2023-04-25,4.01
2023-04-26,4.01
2023-04-27,4.01
2023-04-28,4.01
2023-05-02,4.01
2023-05-03,4.01
2023-05-04,4.01
2023-05-08,4.01
2023-05-09,4.01
2023-05-10,4.01
2023-05-11,4.01
2023-05-12,4.01
2023-05-15,4.01
2023-05-16,4.01
2023-05-17,4.01
2023-05-18,4.01
2023-05-19,4.01
2023-05-22,4.01
2023-05-23,4.01
2023-05-24,4.01
2023-05-25,4.01
2023-05-26,4.01
2023-05-30,4.01
2023-05-31,4.01
2023-06-01,4.01
2023-06-02,4.01
2023-06-05,4.01
2023-06-07,4.01
2023-06-08,4.01
2023-06-09,4.01
2023-06-12,4.01
2023-06-13,4.01
2023-06-14,4.01
2023-06-15,4.01
2023-06-16,4.01
2023-06-19,4.01
2023-06-20,4.01
2023-06-21,4.01
2023-06-22,4.01
2023-06-23,4.01
2023-06-26,4.01
2023-06-27,4.01
2023-06-28,4.01
2023-06-29,4.02
2023-06-30,4.02
2023-07-03,4.02
2023-07-04,4.02
2023-07-05,4.02
2023-07-06,4.03
2023-07-07,4.03
2023-07-10,4.03
2023-07-11,4.03
2023-07-12,4.03
2023-07-13,4.03
2023-07-14,4.03
2023-07-17,4.03
2023-07-18,4.03
2023-07-19,4.03
2023-07-20,4.03
2023-07-21,4.03
2023-07-24,4.03
2023-07-25,4.03
2023-07-26,4.03
2023-07-27,4.03
2023-07-28,4.03
2023-07-31,4.03
2023-08-01,4.03
2023-08-02,4.03
2023-08-03,4.03
2023-08-04,4.03
2023-08-07,4.03
2023-08-08,4.03
2023-08-09,4.03
2023-08-10,4.03
2023-08-11,4.03
2023-08-14,4.03
2023-08-16,4.03
2023-08-17,4.03
2023-08-18,4.03
2023-08-21,4.03
2023-08-22,4.03
2023-08-23,4.03
2023-08-24,4.03
2023-08-25,4.03
2023-08-28,4.03
2023-08-29,4.03
2023-08-30,4.03
2023-08-31,4.03
2023-09-01,4.03
2023-09-04,4.03
2023-09-05,4.03
2023-09-06,4.03
2023-09-07,4.03
2023-09-08,4.03
2023-09-11,4.04
2023-09-12,4.04
2023-09-13,4.05
2023-09-14,4.05
2023-09-15,4.05
2023-09-18,4.06
2023-09-19,4.06
2023-09-20,4.06
2023-09-21,4.07
2023-09-22,4.08
2023-09-25,4.08
2023-09-26,4.08
2023-09-27,4.08
2023-10-04,4.09
2023-10-05,4.09
2023-10-06,4.1
2023-10-10,4.11
2023-10-11,4.12
2023-10-12,4.13
2023-10-13,4.14
2023-10-16,4.16
2023-10-17,4.18
2023-10-18,4.2
2023-10-19,4.22
2023-10-20,4.24
2023-10-23,4.26
2023-10-24,4.29
2023-10-25,4.31
2023-10-26,4.33
2023-10-27,4.34
2023-10-30,4.35
2023-10-31,4.36
2023-11-01,4.36
2023-11-02,4.36
2023-11-03,4.36
2023-11-06,4.36
2023-11-07,4.36
2023-11-08,4.36
2023-11-09,4.36
2023-11-10,4.36
2023-11-13,4.36
2023-11-14,4.36
2023-11-15,4.36
2023-11-16,4.36
2023-11-17,4.36
2023-11-20,4.36
2023-11-21,4.36
2023-11-22,4.36
2023-11-23,4.36
2023-11-24,4.36
2023-11-27,4.36
2023-11-28,4.36
2023-11-29,4.36
2023-11-30,4.36
2023-12-01,4.36
2023-12-04,4.36
2023-12-05,4.36
2023-12-06,4.36
2023-12-07,4.36
2023-12-08,4.36
2023-12-11,4.36
2023-12-12,4.36
2023-12-13,4.36
2023-12-14,4.35
2023-12-15,4.34
2023-12-18,4.33
2023-12-19,4.32
2023-12-20,4.32
2023-12-21,4.32
2023-12-22,4.32
2023-12-26,4.32
2023-12-27,4.32
2023-12-28,4.32
2023-12-29,4.32
2024-01-02,4.31
2024-01-03,4.3
2024-01-04,4.29
2024-01-05,4.29
2024-01-08,4.29
2024-01-09,4.29
2024-01-10,4.28
2024-01-11,4.28
2024-01-12,4.28
2024-01-15,4.28
2024-01-16,4.28
2024-01-17,4.28
2024-01-18,4.28
2024-01-19,4.28
2024-01-22,4.28
2024-01-23,4.28
2024-01-24,4.28
2024-01-25,4.28
2024-01-26,4.28
2024-01-29,4.28
2024-01-30,4.28
2024-01-31,4.28
2024-02-01,4.28
2024-02-02,4.28
2024-02-05,4.28
2024-02-06,4.28
2024-02-07,4.28
2024-02-08,4.28
2024-02-13,4.28
2024-02-14,4.28
2024-02-15,4.28
2024-02-16,4.28
2024-02-19,4.28
2024-02-20,4.28
2024-02-21,4.28
2024-02-22,4.28
2024-02-23,4.28
2024-02-26,4.28
2024-02-27,4.28
2024-02-28,4.28
2024-02-29,4.28
2024-03-04,4.28
2024-03-05,4.28
2024-03-06,4.28
2024-03-07,4.28
2024-03-08,4.28
2024-03-11,4.28
2024-03-12,4.28
2024-03-13,4.28
2024-03-14,4.28
2024-03-15,4.28
2024-03-18,4.28
2024-03-19,4.28
2024-03-20,4.28
2024-03-21,4.26
2024-03-22,4.26
2024-03-25,4.26
2024-03-26,4.25
2024-03-27,4.25
2024-03-28,4.24
2024-03-29,4.24
2024-04-01,4.24
2024-04-02,4.24
2024-04-03,4.24
2024-04-04,4.23
2024-04-05,4.23
2024-04-08,4.23
2024-04-09,4.23
2024-04-11,4.23
2024-04-12,4.22
2024-04-15,4.22
2024-04-16,4.22
2024-04-17,4.22
2024-04-18,4.22
2024-04-19,4.22
2024-04-22,4.22
2024-04-23,4.22
2024-04-24,4.22
2024-04-25,4.22
2024-04-26,4.22
2024-04-29,4.22
2024-04-30,4.22
2024-05-02,4.22
2024-05-03,4.22
2024-05-07,4.22
2024-05-08,4.22
2024-05-09,4.22
2024-05-10,4.22
2024-05-13,4.22
2024-05-14,4.22
2024-05-16,4.22
2024-05-17,4.22
2024-05-20,4.22
2024-05-21,4.22
2024-05-22,4.22
2024-05-23,4.22
2024-05-24,4.22
2024-05-27,4.22
2024-05-28,4.22
2024-05-29,4.22
2024-05-30,4.22
2024-05-31,4.22
2024-06-03,4.22
2024-06-04,4.22
2024-06-05,4.22
2024-06-07,4.22
2024-06-10,4.22
2024-06-11,4.22
2024-06-12,4.22
2024-06-13,4.22
2024-06-14,4.22
2024-06-17,4.22
2024-06-18,4.22
2024-06-19,4.22
2024-06-20,4.22
2024-06-21,4.22
2024-06-24,4.22
2024-06-25,4.22
2024-06-26,4.22
2024-06-27,4.2
2024-06-28,4.17
2024-07-01,4.17
2024-07-02,4.16
2024-07-03,4.16
2024-07-04,4.15
2024-07-05,4.14
2024-07-08,4.13
2024-07-09,4.12
2024-07-10,4.11
2024-07-11,4.1
2024-07-12,4.09
2024-07-15,4.08
2024-07-16,4.07
2024-07-17,4.07
2024-07-18,4.07
2024-07-19,4.07
2024-07-22,4.06
2024-07-23,4.05
2024-07-24,4.04
2024-07-25,4.02
2024-07-26,4.0
2024-07-29,3.97
2024-07-30,3.95
2024-07-31,3.92
2024-08-01,3.88
2024-08-02,3.85
2024-08-05,3.81
2024-08-06,3.78
2024-08-07,3.75
2024-08-08,3.73
2024-08-09,3.7
2024-08-12,3.69
2024-08-13,3.67
2024-08-14,3.65
2024-08-16,3.64
2024-08-19,3.63
2024-08-20,3.62
2024-08-21,3.62
2024-08-22,3.62
2024-08-23,3.62
2024-08-26,3.62
2024-08-27,3.62
2024-08-28,3.62
2024-08-29,3.62
2024-08-30,3.62
2024-09-02,3.62
2024-09-03,3.62
2024-09-04,3.62
2024-09-05,3.62
2024-09-06,3.62
2024-09-09,3.62
2024-09-10,3.62
2024-09-11,3.62
2024-09-12,3.62
2024-09-13,3.62
2024-09-19,3.62
2024-09-20,3.62
2024-09-23,3.62
2024-09-24,3.62
2024-09-25,3.62
2024-09-26,3.62
2024-09-27,3.62
2024-09-30,3.62
2024-10-02,3.62
2024-10-04,3.62
2024-10-07,3.62
2024-10-08,3.62
2024-10-10,3.62
2024-10-11,3.53
2024-10-14,3.53
2024-10-15,3.53
2024-10-16,3.53
2024-10-17,3.53
2024-10-18,3.53
2024-10-21,3.53
2024-10-22,3.54
2024-10-23,3.54
2024-10-24,3.54
2024-10-25,3.54
2024-10-28,3.54
2024-10-29,3.54
2024-10-30,3.54
2024-10-31,3.54
2024-11-01,3.54
2024-11-04,3.54
2024-11-05,3.54
2024-11-06,3.54
2024-11-07,3.54
2024-11-08,3.54
2024-11-11,3.54
2024-11-12,3.54
2024-11-13,3.55
2024-11-14,3.56
2024-11-15,3.56
2024-11-18,3.56
2024-11-19,3.56
2024-11-20,3.56
2024-11-21,3.56
2024-11-22,3.56
2024-11-25,3.56
2024-11-26,3.56
2024-11-27,3.56
2024-11-28,3.38
2024-11-29,3.39
2024-12-02,3.4
2024-12-03,3.41
2024-12-04,3.42
2024-12-05,3.42
2024-12-06,3.42
2024-12-09,3.42
2024-12-10,3.42
2024-12-11,3.43
2024-12-12,3.45
2024-12-13,3.47
2024-12-16,3.49
2024-12-17,3.5
2024-12-18,3.52
2024-12-19,3.54
2024-12-20,3.55
2024-12-23,3.56
2024-12-24,3.57
2024-12-26,3.58
2024-12-27,3.58
2024-12-30,3.58
2024-12-31,3.58
2025-01-02,3.54
2025-01-03,3.46
2025-01-06,3.45
2025-01-07,3.44
2025-01-08,3.43
2025-01-09,3.42
2025-01-10,3.4
2025-01-13,3.39
2025-01-14,3.35
2025-01-15,3.34
2025-01-16,3.32
2025-01-17,3.31
2025-01-20,3.28
2025-01-21,3.27
2025-01-22,3.27
2025-01-23,3.26
2025-01-24,3.25
2025-01-31,3.25
2025-02-03,3.25
2025-02-04,3.25
2025-02-05,3.25
2025-02-06,3.25
2025-02-07,3.25
2025-02-10,3.25
2025-02-11,3.25
2025-02-12,3.25
2025-02-13,3.25
2025-02-14,3.25
2025-02-17,3.25
2025-02-18,3.25
2025-02-19,3.25
2025-02-20,3.25
2025-02-21,3.21
2025-02-24,3.19
2025-02-25,3.12
2025-02-26,3.09
2025-02-27,3.07
2025-02-28,3.05
2025-03-04,3.03
2025-03-05,3.02
2025-03-06,3.02
2025-03-07,3.01
2025-03-10,3.01
2025-03-11,3.0
2025-03-12,3.0
2025-03-13,3.0
2025-03-14,3.0
2025-03-17,3.0
2025-03-18,3.0
2025-03-19,3.0
2025-03-20,3.0
2025-03-21,3.0
2025-03-24,3.0
2025-03-25,3.0
2025-03-26,3.0
2025-03-27,3.0
2025-03-28,3.0
2025-03-31,3.0
2025-04-01,2.99
2025-04-02,2.98
2025-04-03,2.96
2025-04-04,2.95
2025-04-07,2.94
2025-04-08,2.94
2025-04-09,2.94
2025-04-10,2.94
2025-04-11,2.94
2025-04-14,2.94
2025-04-15,2.94
2025-04-16,2.93
2025-04-17,2.93
2025-04-18,2.93
2025-04-21,2.93
2025-04-22,2.93
2025-04-23,2.93
2025-04-24,2.93
2025-04-25,2.93
2025-04-28,2.93
2025-04-29,2.93
2025-04-30,2.93
2025-05-02,2.93
2025-05-07,2.93
2025-05-08,2.93
2025-05-09,2.93
2025-05-12,2.93
2025-05-13,2.93
2025-05-14,2.93
2025-05-15,2.93
2025-05-16,2.93
2025-05-19,2.93
2025-05-20,2.93
2025-05-21,2.93
2025-05-22,2.93
2025-05-23,2.93
2025-05-26,2.93
2025-05-27,2.93
2025-05-28,2.93
2025-05-29,2.92
2025-05-30,2.79
2025-06-02,2.78
2025-06-04,2.77
2025-06-05,2.76
2025-06-09,2.75
2025-06-10,2.75
2025-06-11,2.75
2025-06-12,2.75
2025-06-13,2.75
2025-06-16,2.75
2025-06-17,2.74
2025-06-18,2.74
2025-06-19,2.74
2025-06-20,2.74
2025-06-23,2.74
2025-06-24,2.73
2025-06-25,2.73
2025-06-26,2.73
2025-06-27,2.73
2025-06-30,2.73
2025-07-01,2.73
2025-07-02,2.73
2025-07-03,2.73
2025-07-04,2.73
2025-07-07,2.73
2025-07-08,2.73
2025-07-09,2.73
2025-07-10,2.73
2025-07-11,2.73
2025-07-14,2.73
2025-07-15,2.73
2025-07-16,2.73
2025-07-17,2.73
2025-07-18,2.73
2025-07-21,2.73
2025-07-22,2.73
2025-07-23,2.73
2025-07-24,2.73
2025-07-25,2.73
2025-07-28,2.73
2025-07-29,2.73
2025-07-30,2.73
2025-07-31,2.73
2025-08-01,2.73
2025-08-04,2.73
2025-08-05,2.73
2025-08-06,2.73
2025-08-07,2.73
2025-08-08,2.73
2025-08-11,2.73
2025-08-12,2.73
2025-08-13,2.73
2025-08-14,2.73
2025-08-18,2.73
2025-08-19,2.73
2025-08-20,2.73
2025-08-21,2.73
2025-08-22,2.73
2025-08-25,2.73
2025-08-26,2.73
2025-08-27,2.73
2025-08-28,2.73
2025-08-29,2.73
2025-09-01,2.73
2025-09-02,2.73
2025-09-03,2.73
2025-09-04,2.73
2025-09-05,2.73
2025-09-08,2.73
2025-09-09,2.73
2025-09-10,2.73
2025-09-11,2.73
2025-09-12,2.73
2025-09-15,2.73
2025-09-16,2.73
2025-09-17,2.73
2025-09-18,2.73
2025-09-19,2.73
2025-09-22,2.73
2025-09-23,2.73
2025-09-24,2.73
2025-09-25,2.73
2025-09-26,2.73
2025-09-29,2.73
2025-09-30,2.73
2025-10-01,2.73
2025-10-02,2.73
2025-10-10,2.73
2025-10-13,2.73
2025-10-14,2.73
2025-10-15,2.73
2025-10-16,2.73
2025-10-17,2.73
2025-10-20,2.73
2025-10-21,2.73
2025-10-22,2.73
2025-10-23,2.73
2025-10-24,2.73
2025-10-27,2.73
2025-10-28,2.73
2025-10-29,2.73
2025-10-30,2.75
2025-10-31,2.76
2025-11-03,2.76
2025-11-04,2.76
2025-11-05,2.77
2025-11-06,2.78
2025-11-07,2.79
2025-11-10,2.8
2025-11-11,2.81
2025-11-12,2.84
2025-11-13,2.86
2025-11-14,2.89
2025-11-17,2.92
2025-11-18,2.94
2025-11-19,2.95
2025-11-20,2.96
2025-11-21,2.97
2025-11-24,2.98
2025-11-25,2.99
2025-11-26,2.99
2025-11-27,3.04
2025-11-28,3.07
2025-12-01,3.11
2025-12-02,3.14
2025-12-03,3.17
2025-12-04,3.2
2025-12-05,3.22
2025-12-08,3.23
2025-12-09,3.25
2025-12-10,3.26
2025-12-11,3.27
2025-12-12,3.28
2025-12-15,3.29
2025-12-16,3.3
2025-12-17,3.3
2025-12-18,3.3
2025-12-19,3.3
2025-12-22,3.3
2025-12-23,3.3
2025-12-24,3.3
2025-12-26,3.3
2025-12-29,3.3
2025-12-30,3.3
2025-12-31,3.3
2026-01-02,3.3
2026-01-05,3.3
2026-01-06,3.29
2026-01-07,3.28
2026-01-08,3.28
2026-01-09,3.23
2026-01-12,3.19
2026-01-13,3.15
2026-01-14,3.14
2026-01-15,3.14
2026-01-16,3.14
2026-01-19,3.13
2026-01-20,3.13
2026-01-21,3.13
2026-01-22,3.13
2026-01-23,3.13
2026-01-26,3.13
2026-01-27,3.13
2026-01-28,3.13
2026-01-29,3.13
2026-01-30,3.13
2026-02-02,3.13
2026-02-03,3.13
2026-02-04,3.13
2026-02-05,3.13
2026-02-06,3.13
2026-02-09,3.13
2026-02-10,3.13
2026-02-11,3.13
2026-02-12,3.13
2026-02-13,3.13
2026-02-19,3.13
2026-02-20,3.13
2026-02-23,3.13
2026-02-24,3.13
2026-02-25,3.13
2026-02-26,3.13
2026-02-27,3.13
2026-03-03,3.13
2026-03-04,3.13
2026-03-05,3.13
2026-03-06,3.13
2026-03-09,3.13
2026-03-10,3.13
2026-03-11,3.13
2026-03-12,3.13
2026-03-13,3.13
2026-03-16,3.13
2026-03-17,3.13
2026-03-18,3.13
2026-03-19,3.13
2026-03-20,3.13
2026-03-23,3.13
2026-03-24,3.13
2026-03-25,3.13
2026-03-26,3.13
2026-03-27,3.13
2026-03-30,3.13
2026-03-31,3.13
2026-04-01,3.13
2026-04-02,3.13
2026-04-03,3.13
2026-04-06,3.13
2026-04-07,3.12
2026-04-08,3.11
2026-04-09,3.11
2026-04-10,3.11
2026-04-13,3.11
2026-04-14,3.1
2026-04-15,3.1
2026-04-16,3.1
2026-04-17,3.09
2026-04-20,3.08
