date,KOSPI,VIX_KR
2015-01-02,1926.44,12.5
2015-01-05,1915.75,12.41
2015-01-06,1882.45,13.88
2015-01-07,1883.83,13.72
2015-01-08,1904.65,13.36
2015-01-09,1924.7,12.87
2015-01-12,1920.95,13.36
2015-01-13,1917.14,13.34
2015-01-14,1913.66,13.86
2015-01-15,1914.14,13.61
2015-01-16,1888.13,14.61
2015-01-19,1902.62,14.08
2015-01-20,1918.31,13.85
2015-01-21,1921.23,13.85
2015-01-22,1920.82,13.9
2015-01-23,1936.09,13.2
2015-01-26,1935.68,13.77
2015-01-27,1952.4,13.25
2015-01-28,1961.58,13.5
2015-01-29,1951.02,13.84
2015-01-30,1949.26,13.67
2015-02-02,1952.68,14.11
2015-02-03,1951.96,13.67
2015-02-04,1962.79,13.14
2015-02-05,1952.84,13.34
2015-02-06,1955.52,13.06
2015-02-09,1947.0,12.98
2015-02-10,1935.86,13.12
2015-02-11,1945.7,12.98
2015-02-12,1941.63,12.74
2015-02-13,1957.5,11.58
2015-02-16,1958.23,11.64
2015-02-17,1961.45,11.69
2015-02-23,1968.39,11.86
2015-02-24,1976.12,11.78
2015-02-25,1990.47,11.43
2015-02-26,1993.08,11.35
2015-02-27,1985.8,11.11
2015-03-02,1996.81,11.13
2015-03-03,2001.38,10.82
2015-03-04,1998.29,10.84
2015-03-05,1998.38,10.9
2015-03-06,2012.94,10.78
2015-03-09,1992.82,11.68
2015-03-10,1984.77,11.83
2015-03-11,1980.83,12.37
2015-03-12,1970.59,12.73
2015-03-13,1985.79,11.45
2015-03-16,1987.33,11.56
2015-03-17,2029.91,11.56
2015-03-18,2028.45,12.22
2015-03-19,2037.89,11.38
2015-03-20,2037.24,11.17
2015-03-23,2036.59,11.67
2015-03-24,2041.37,11.6
2015-03-25,2042.81,11.71
2015-03-26,2022.56,11.76
2015-03-27,2019.8,11.31
2015-03-30,2030.04,11.34
2015-03-31,2041.03,11.09
2015-04-01,2028.45,11.36
2015-04-02,2029.07,11.28
2015-04-03,2045.42,11.02
2015-04-06,2046.43,10.92
2015-04-07,2047.03,10.95
2015-04-08,2059.26,11.29
2015-04-09,2058.87,11.12
2015-04-10,2087.76,11.37
2015-04-13,2098.92,12.05
2015-04-14,2111.72,12.09
2015-04-15,2119.96,11.96
2015-04-16,2139.9,12.5
2015-04-17,2143.5,12.29
2015-04-20,2146.71,12.61
2015-04-21,2144.79,12.03
2015-04-22,2143.89,12.32
2015-04-23,2173.41,13.52
2015-04-24,2159.8,13.1
2015-04-27,2157.54,13.21
2015-04-28,2147.67,12.48
2015-04-29,2142.63,12.26
2015-04-30,2127.17,11.76
2015-05-04,2132.23,12.1
2015-05-06,2104.58,12.4
2015-05-07,2091.0,12.13
2015-05-08,2085.52,12.54
2015-05-11,2097.38,12.71
2015-05-12,2096.77,12.72
2015-05-13,2114.16,13.06
2015-05-14,2120.33,12.76
2015-05-15,2106.5,12.14
2015-05-18,2113.72,11.62
2015-05-19,2120.85,11.39
2015-05-20,2139.54,11.59
2015-05-21,2122.81,11.64
2015-05-22,2146.1,11.62
2015-05-26,2143.5,12.36
2015-05-27,2107.5,13.1
2015-05-28,2110.89,12.84
2015-05-29,2114.8,12.59
2015-06-01,2102.37,13.3
2015-06-02,2078.64,13.38
2015-06-03,2063.16,13.9
2015-06-04,2072.86,14.52
2015-06-05,2068.1,14.44
2015-06-08,2065.19,15.0
2015-06-09,2064.03,15.54
2015-06-10,2051.32,15.26
2015-06-11,2056.61,13.82
2015-06-12,2052.17,13.3
2015-06-15,2042.32,13.96
2015-06-16,2028.72,14.24
2015-06-17,2034.86,14.36
2015-06-18,2041.88,14.2
2015-06-19,2046.96,13.9
2015-06-22,2055.16,14.24
2015-06-23,2081.2,13.1
2015-06-24,2085.53,12.72
2015-06-25,2085.06,12.83
2015-06-26,2090.26,12.66
2015-06-29,2060.49,14.69
2015-06-30,2074.2,14.45
2015-07-01,2097.89,13.6
2015-07-02,2107.33,13.13
2015-07-03,2104.41,13.75
2015-07-06,2053.93,15.4
2015-07-07,2040.29,14.51
2015-07-08,2016.21,15.65
2015-07-09,2027.81,14.92
2015-07-10,2031.17,15.41
2015-07-13,2061.52,14.92
2015-07-14,2059.23,14.18
2015-07-15,2072.91,13.4
2015-07-16,2087.89,12.68
2015-07-17,2076.79,12.88
2015-07-20,2073.31,13.24
2015-07-21,2083.62,13.17
2015-07-22,2064.73,13.47
2015-07-23,2065.07,13.13
2015-07-24,2045.96,13.26
2015-07-27,2038.81,13.78
2015-07-28,2039.1,14.09
2015-07-29,2037.62,13.65
2015-07-30,2019.03,13.85
2015-07-31,2030.16,13.54
2015-08-03,2008.49,14.03
2015-08-04,2027.99,13.32
2015-08-05,2029.76,12.97
2015-08-06,2013.29,13.67
2015-08-07,2010.23,13.51
2015-08-10,2003.17,13.7
2015-08-11,1986.65,13.85
2015-08-12,1975.47,14.53
2015-08-13,1983.46,13.93
2015-08-17,1968.52,14.34
2015-08-18,1956.26,14.13
2015-08-19,1939.38,14.57
2015-08-20,1914.55,14.92
2015-08-21,1876.07,18.51
2015-08-24,1829.81,28.58
2015-08-25,1846.63,28.05
2015-08-26,1894.09,22.99
2015-08-27,1908.0,20.33
2015-08-28,1937.67,18.34
2015-08-31,1941.49,19.75
2015-09-01,1914.23,22.09
2015-09-02,1915.22,22.4
2015-09-03,1915.53,20.41
2015-09-04,1886.04,22.74
2015-09-07,1883.22,24.14
2015-09-08,1878.68,21.34
2015-09-09,1934.2,18.01
2015-09-10,1962.11,20.75
2015-09-11,1941.37,19.86
2015-09-14,1931.46,21.88
2015-09-15,1937.56,22.03
2015-09-16,1975.45,21.23
2015-09-17,1976.49,20.76
2015-09-18,1995.95,17.5
2015-09-21,1964.68,19.91
2015-09-22,1982.06,18.31
2015-09-23,1944.64,19.71
2015-09-24,1947.1,19.52
2015-09-25,1942.85,19.56
2015-09-30,1962.81,20.48
2015-10-01,1979.32,18.44
2015-10-02,1969.68,18.47
2015-10-05,1978.25,17.69
2015-10-06,1990.65,17.06
2015-10-07,2005.84,15.89
2015-10-08,2019.53,15.97
2015-10-12,2021.63,16.2
2015-10-13,2019.05,15.96
2015-10-14,2009.55,16.49
2015-10-15,2033.27,15.92
2015-10-16,2030.26,15.84
2015-10-19,2030.27,16.31
2015-10-20,2039.36,15.49
2015-10-21,2042.98,14.41
2015-10-22,2023.0,14.5
2015-10-23,2040.4,13.94
2015-10-26,2048.08,14.22
2015-10-27,2044.65,14.3
2015-10-28,2042.51,14.69
2015-10-29,2034.16,14.7
2015-10-30,2029.47,14.22
2015-11-02,2035.24,14.6
2015-11-03,2048.4,13.52
2015-11-04,2052.77,13.68
2015-11-05,2049.41,13.69
2015-11-06,2041.07,13.98
2015-11-09,2025.7,14.04
2015-11-10,1996.59,15.36
2015-11-11,1997.27,14.68
2015-11-12,1993.36,14.79
2015-11-13,1973.29,14.9
2015-11-16,1943.02,16.77
2015-11-17,1963.58,14.99
2015-11-18,1962.88,14.97
2015-11-19,1988.91,13.68
2015-11-20,1989.86,13.38
2015-11-23,2003.7,13.09
2015-11-24,2016.29,12.57
2015-11-25,2009.42,12.58
2015-11-26,2030.68,12.67
2015-11-27,2028.99,12.86
2015-11-30,1991.97,14.37
2015-12-01,2023.93,13.65
2015-12-02,2009.29,13.92
2015-12-03,1994.07,14.86
2015-12-04,1974.4,15.44
2015-12-07,1963.67,15.06
2015-12-08,1949.04,15.73
2015-12-09,1948.24,15.66
2015-12-10,1952.07,15.88
2015-12-11,1948.62,15.39
2015-12-14,1927.82,17.14
2015-12-15,1932.97,17.59
2015-12-16,1969.4,16.27
2015-12-17,1977.96,14.34
2015-12-18,1975.32,14.16
2015-12-21,1981.19,15.24
2015-12-22,1992.56,14.63
2015-12-23,1999.22,13.33
2015-12-24,1990.65,13.37
2015-12-28,1964.06,14.54
2015-12-29,1966.31,13.9
2015-12-30,1961.31,14.18
2016-01-04,1918.76,16.25
2016-01-05,1930.53,15.92
2016-01-06,1925.43,16.63
2016-01-07,1904.33,19.02
2016-01-08,1917.62,17.82
2016-01-11,1894.84,20.06
2016-01-12,1890.86,20.48
2016-01-13,1916.28,18.05
2016-01-14,1900.01,19.06
2016-01-15,1878.87,20.7
2016-01-18,1878.45,21.22
2016-01-19,1889.64,20.01
2016-01-20,1845.45,24.04
2016-01-21,1840.53,24.15
2016-01-22,1879.43,20.23
2016-01-25,1893.43,19.11
2016-01-26,1871.69,20.41
2016-01-27,1897.87,19.19
2016-01-28,1906.94,18.77
2016-01-29,1912.06,17.93
2016-02-01,1924.82,17.41
2016-02-02,1906.6,17.38
2016-02-03,1890.67,18.43
2016-02-04,1916.26,16.74
2016-02-05,1917.79,18.15
2016-02-11,1861.54,22.55
2016-02-12,1835.28,23.47
2016-02-15,1862.2,21.1
2016-02-16,1888.3,19.08
2016-02-17,1883.94,18.55
2016-02-18,1908.84,17.33
2016-02-19,1916.24,17.12
2016-02-22,1916.36,16.9
2016-02-23,1914.22,16.61
2016-02-24,1912.53,17.13
2016-02-25,1918.57,16.95
2016-02-26,1920.16,16.82
2016-02-29,1916.66,17.56
2016-03-02,1947.42,15.31
2016-03-03,1958.17,14.33
2016-03-04,1955.63,14.11
2016-03-07,1957.87,13.96
2016-03-08,1946.12,14.08
2016-03-09,1952.95,14.24
2016-03-10,1969.33,13.63
2016-03-11,1971.41,13.52
2016-03-14,1972.27,13.9
2016-03-15,1969.97,13.97
2016-03-16,1974.9,14.13
2016-03-17,1987.99,13.26
2016-03-18,1992.12,12.94
2016-03-21,1989.76,13.51
2016-03-22,1996.81,12.68
2016-03-23,1995.12,12.71
2016-03-24,1985.97,12.64
2016-03-25,1983.81,12.28
2016-03-28,1982.54,12.78
2016-03-29,1994.91,12.3
2016-03-30,2002.14,11.9
2016-03-31,1995.85,12.33
2016-04-01,1973.57,13.56
2016-04-04,1978.97,13.25
2016-04-05,1962.74,13.83
2016-04-06,1971.32,13.31
2016-04-07,1973.89,13.06
2016-04-08,1972.05,13.07
2016-04-11,1970.37,13.35
2016-04-12,1981.32,12.51
2016-04-14,2015.93,12.48
2016-04-15,2014.71,12.11
2016-04-18,2009.1,12.93
2016-04-19,2011.36,12.42
2016-04-20,2005.83,12.73
2016-04-21,2022.1,12.19
2016-04-22,2015.49,12.33
2016-04-25,2014.55,12.83
2016-04-26,2019.63,12.49
2016-04-27,2015.4,12.74
2016-04-28,2000.93,12.74
2016-04-29,1994.15,12.42
2016-05-02,1978.15,12.78
2016-05-03,1986.41,12.51
2016-05-04,1976.71,12.82
2016-05-09,1967.81,13.14
2016-05-10,1982.5,12.61
2016-05-11,1980.1,12.79
2016-05-12,1977.49,12.05
2016-05-13,1966.99,11.93
2016-05-16,1967.91,11.84
2016-05-17,1968.06,11.7
2016-05-18,1956.73,11.99
2016-05-19,1946.78,12.08
2016-05-20,1947.67,12.1
2016-05-23,1955.25,12.46
2016-05-24,1937.68,12.8
2016-05-25,1960.51,11.91
2016-05-26,1957.06,11.71
2016-05-27,1969.17,11.55
2016-05-30,1967.13,11.92
2016-05-31,1983.4,11.81
2016-06-01,1982.72,11.67
2016-06-02,1985.11,11.6
2016-06-03,1985.84,11.81
2016-06-07,2011.63,12.3
2016-06-08,2027.08,12.19
2016-06-09,2024.17,12.08
2016-06-10,2017.63,11.87
2016-06-13,1979.06,15.08
2016-06-14,1972.03,16.1
2016-06-15,1968.83,16.21
2016-06-16,1951.99,17.44
2016-06-17,1953.4,17.73
2016-06-20,1981.12,16.4
2016-06-21,1982.7,16.1
2016-06-22,1992.58,16.71
2016-06-23,1986.71,18.17
2016-06-24,1925.24,22.53
2016-06-27,1926.85,19.47
2016-06-28,1936.22,17.39
2016-06-29,1956.36,14.67
2016-06-30,1970.35,13.9
2016-07-01,1987.32,12.91
2016-07-04,1995.3,12.38
2016-07-05,1989.85,12.8
2016-07-06,1953.12,14.68
2016-07-07,1974.08,13.85
2016-07-08,1963.1,14.74
2016-07-11,1988.54,14.08
2016-07-12,1991.23,14.33
2016-07-13,2005.55,14.41
2016-07-14,2008.77,13.95
2016-07-15,2017.26,13.35
2016-07-18,2021.11,13.43
2016-07-19,2016.89,13.49
2016-07-20,2015.46,13.04
2016-07-21,2012.22,12.84
2016-07-22,2010.34,12.85
2016-07-25,2012.32,13.02
2016-07-26,2027.34,12.64
2016-07-27,2025.05,12.88
2016-07-28,2021.1,12.68
2016-07-29,2016.19,12.6
2016-08-01,2029.61,12.59
2016-08-02,2019.03,12.58
2016-08-03,1994.79,13.14
2016-08-04,2000.03,12.72
2016-08-05,2017.94,12.56
2016-08-08,2031.12,12.24
2016-08-09,2043.78,11.47
2016-08-10,2044.64,11.68
2016-08-11,2048.8,11.38
2016-08-12,2050.47,11.2
2016-08-16,2047.76,11.9
2016-08-17,2043.75,11.82
2016-08-18,2055.47,11.64
2016-08-19,2056.24,11.73
2016-08-22,2042.16,12.35
2016-08-23,2049.93,11.87
2016-08-24,2043.76,12.03
2016-08-25,2042.92,11.92
2016-08-26,2037.5,12.01
2016-08-29,2032.35,11.98
2016-08-30,2039.74,11.49
2016-08-31,2034.65,11.56
2016-09-01,2032.72,11.65
2016-09-02,2038.31,11.75
2016-09-05,2060.08,11.44
2016-09-06,2066.53,10.84
2016-09-07,2061.88,11.08
2016-09-08,2063.73,11.13
2016-09-09,2037.87,11.56
2016-09-12,1991.48,16.47
2016-09-13,1999.36,15.71
2016-09-19,2015.78,14.01
2016-09-20,2025.71,13.96
2016-09-21,2035.99,14.04
2016-09-22,2049.7,12.23
2016-09-23,2054.07,11.88
2016-09-26,2047.11,12.68
2016-09-27,2062.82,12.54
2016-09-28,2053.06,12.79
2016-09-29,2068.72,12.33
2016-09-30,2043.63,14.11
2016-10-04,2054.86,13.88
2016-10-05,2053.0,13.94
2016-10-06,2065.3,13.83
2016-10-07,2053.8,14.24
2016-10-10,2056.82,14.47
2016-10-11,2031.93,15.46
2016-10-12,2033.73,14.75
2016-10-13,2015.44,15.19
2016-10-14,2022.66,14.11
2016-10-17,2027.61,14.55
2016-10-18,2040.43,13.92
2016-10-19,2040.94,13.65
2016-10-20,2040.6,13.35
2016-10-21,2033.0,13.18
2016-10-24,2047.74,12.8
2016-10-25,2037.17,12.62
2016-10-26,2013.89,13.39
2016-10-27,2024.12,13.08
2016-10-28,2019.42,13.23
2016-10-31,2008.19,14.61
2016-11-01,2007.39,14.79
2016-11-02,1978.94,17.25
2016-11-03,1983.8,16.94
2016-11-04,1982.02,18.41
2016-11-07,1997.58,17.7
2016-11-08,2003.38,16.52
2016-11-09,1958.38,19.26
2016-11-10,2002.6,14.23
2016-11-11,1984.43,15.04
2016-11-14,1974.4,16.74
2016-11-15,1967.53,16.23
2016-11-16,1979.65,14.93
2016-11-17,1980.55,14.08
2016-11-18,1974.58,13.71
2016-11-21,1966.05,13.86
2016-11-22,1983.47,12.85
2016-11-23,1987.95,12.25
2016-11-24,1971.26,12.42
2016-11-25,1974.46,12.51
2016-11-28,1978.13,12.78
2016-11-29,1978.39,12.96
2016-11-30,1983.48,12.8
2016-12-01,1983.75,12.94
2016-12-02,1970.61,13.49
2016-12-05,1963.36,13.16
2016-12-06,1989.86,12.29
2016-12-07,1991.89,11.68
2016-12-08,2031.07,11.68
2016-12-09,2024.69,11.84
2016-12-12,2027.24,11.85
2016-12-13,2035.98,11.39
2016-12-14,2036.87,11.31
2016-12-15,2036.65,11.04
2016-12-16,2042.24,10.92
2016-12-19,2038.39,11.28
2016-12-20,2041.94,11.03
2016-12-21,2037.96,11.08
2016-12-22,2035.73,11.09
2016-12-23,2035.9,11.09
2016-12-26,2037.75,11.37
2016-12-27,2042.17,11.5
2016-12-28,2024.49,11.22
2016-12-29,2026.46,11.51
2017-01-02,2026.16,11.68
2017-01-03,2043.97,11.24
2017-01-04,2045.64,10.9
2017-01-05,2041.95,11.12
2017-01-06,2049.12,11.0
2017-01-09,2048.78,11.13
2017-01-10,2045.12,10.97
2017-01-11,2075.17,11.39
2017-01-12,2087.14,12.03
2017-01-13,2076.79,10.96
2017-01-16,2064.17,11.8
2017-01-17,2071.87,11.81
2017-01-18,2070.54,12.25
2017-01-19,2072.79,12.56
2017-01-20,2065.61,12.72
2017-01-23,2065.99,12.91
2017-01-24,2065.76,12.49
2017-01-25,2066.94,12.12
2017-01-26,2083.59,11.59
2017-01-31,2067.57,12.53
2017-02-01,2080.48,12.1
2017-02-02,2071.01,12.21
2017-02-03,2073.16,11.93
2017-02-06,2077.66,11.96
2017-02-07,2075.21,11.71
2017-02-08,2065.08,11.31
2017-02-09,2065.88,10.92
2017-02-10,2075.08,10.39
2017-02-13,2078.65,10.49
2017-02-14,2074.57,10.47
2017-02-15,2083.86,10.19
2017-02-16,2081.84,10.14
2017-02-17,2080.58,10.02
2017-02-20,2084.39,10.17
2017-02-21,2102.93,10.0
2017-02-22,2106.61,9.72
2017-02-23,2107.63,9.79
2017-02-24,2094.12,10.19
2017-02-27,2085.52,10.62
2017-02-28,2091.64,10.64
2017-03-02,2102.65,10.55
2017-03-03,2078.75,10.97
2017-03-06,2081.36,11.28
2017-03-07,2094.05,11.19
2017-03-08,2095.41,11.3
2017-03-09,2091.06,11.96
2017-03-10,2097.35,10.67
2017-03-13,2117.59,10.7
2017-03-14,2133.78,11.11
2017-03-15,2133.0,11.38
2017-03-16,2150.08,11.27
2017-03-17,2164.58,11.25
2017-03-20,2157.01,11.74
2017-03-21,2178.38,12.64
2017-03-22,2168.3,13.16
2017-03-23,2172.72,12.75
2017-03-24,2168.95,12.36
2017-03-27,2155.66,12.97
2017-03-28,2163.31,12.25
2017-03-29,2166.98,11.55
2017-03-30,2164.64,11.2
2017-03-31,2160.23,11.06
2017-04-03,2167.51,11.01
2017-04-04,2161.1,10.94
2017-04-05,2160.85,11.1
2017-04-06,2152.75,11.82
2017-04-07,2151.73,12.63
2017-04-10,2133.32,14.77
2017-04-11,2123.85,16.68
2017-04-12,2128.91,15.75
2017-04-13,2148.61,14.53
2017-04-14,2134.88,16.4
2017-04-17,2145.76,15.81
2017-04-18,2148.46,15.38
2017-04-19,2138.4,14.87
2017-04-20,2149.15,13.3
2017-04-21,2165.04,12.89
2017-04-24,2173.74,12.77
2017-04-25,2196.85,12.02
2017-04-26,2207.84,12.18
2017-04-27,2209.46,11.82
2017-04-28,2205.44,12.27
2017-05-02,2219.67,13.18
2017-05-04,2241.24,13.77
2017-05-08,2292.76,15.74
2017-05-10,2270.12,16.15
2017-05-11,2296.37,14.72
2017-05-12,2286.02,12.32
2017-05-15,2290.65,12.89
2017-05-16,2295.33,12.51
2017-05-17,2293.08,12.83
2017-05-18,2286.82,13.18
2017-05-19,2288.48,12.88
2017-05-22,2304.03,12.79
2017-05-23,2311.74,12.88
2017-05-24,2317.34,12.95
2017-05-25,2342.93,13.56
2017-05-26,2355.3,13.51
2017-05-29,2352.97,14.02
2017-05-30,2343.68,13.6
2017-05-31,2347.38,13.18
2017-06-01,2344.61,12.77
2017-06-02,2371.72,12.68
2017-06-05,2368.62,12.97
2017-06-07,2360.14,12.89
2017-06-08,2363.57,12.12
2017-06-09,2381.69,11.43
2017-06-12,2357.87,12.09
2017-06-13,2374.7,11.54
2017-06-14,2372.64,11.63
2017-06-15,2361.65,11.71
2017-06-16,2361.83,11.46
2017-06-19,2370.9,11.74
2017-06-20,2369.23,11.71
2017-06-21,2357.53,11.63
2017-06-22,2370.37,11.18
2017-06-23,2378.6,11.31
2017-06-26,2388.66,11.87
2017-06-27,2391.95,11.74
2017-06-28,2382.56,11.98
2017-06-29,2395.66,11.65
2017-06-30,2391.79,12.0
2017-07-03,2394.48,12.3
2017-07-04,2380.52,14.03
2017-07-05,2388.35,13.18
2017-07-06,2387.81,12.99
2017-07-07,2379.87,12.97
2017-07-10,2382.1,12.55
2017-07-11,2396.0,12.09
2017-07-12,2391.77,11.73
2017-07-13,2409.49,10.93
2017-07-14,2414.63,10.43
2017-07-17,2425.1,10.78
2017-07-18,2426.04,10.74
2017-07-19,2429.94,10.62
2017-07-20,2441.84,10.39
2017-07-21,2450.06,9.82
2017-07-24,2451.53,10.06
2017-07-25,2439.9,10.36
2017-07-26,2434.51,10.52
2017-07-27,2443.24,10.38
2017-07-28,2400.99,12.93
2017-07-31,2402.71,12.79
2017-08-01,2422.96,11.66
2017-08-02,2427.63,11.41
2017-08-03,2386.85,13.48
2017-08-04,2395.45,12.78
2017-08-07,2398.75,12.62
2017-08-08,2394.73,12.54
2017-08-09,2368.39,15.7
2017-08-10,2359.47,16.55
2017-08-11,2319.71,18.96
2017-08-14,2334.22,16.75
2017-08-16,2348.26,14.09
2017-08-17,2361.67,12.19
2017-08-18,2358.37,13.1
2017-08-21,2355.0,13.41
2017-08-22,2365.33,12.65
2017-08-23,2366.4,12.61
2017-08-24,2375.84,12.17
2017-08-25,2378.51,12.18
2017-08-28,2370.3,13.05
2017-08-29,2364.74,13.72
2017-08-30,2372.29,12.94
2017-08-31,2363.19,13.64
2017-09-01,2357.69,13.36
2017-09-04,2329.65,15.23
2017-09-05,2326.62,16.12
2017-09-06,2319.82,16.29
2017-09-07,2346.19,14.66
2017-09-08,2343.72,14.99
2017-09-11,2359.08,13.89
2017-09-12,2365.47,13.46
2017-09-13,2360.18,13.4
2017-09-14,2377.66,11.53
2017-09-15,2386.07,11.12
2017-09-18,2418.21,11.34
2017-09-19,2416.05,11.34
2017-09-20,2412.2,11.69
2017-09-21,2406.5,11.56
2017-09-22,2388.71,12.32
2017-09-25,2380.4,12.36
2017-09-26,2374.32,12.65
2017-09-27,2372.57,12.37
2017-09-28,2373.14,12.65
2017-09-29,2394.47,13.41
2017-10-10,2433.81,13.86
2017-10-11,2458.16,13.2
2017-10-12,2474.76,12.18
2017-10-13,2473.62,11.46
2017-10-16,2480.05,11.92
2017-10-17,2484.37,12.0
2017-10-18,2482.91,12.08
2017-10-19,2473.06,12.4
2017-10-20,2489.54,11.93
2017-10-23,2490.05,12.23
2017-10-24,2490.49,12.29
2017-10-25,2492.5,12.37
2017-10-26,2480.63,12.57
2017-10-27,2496.63,12.21
2017-10-30,2501.93,12.39
2017-10-31,2523.43,12.06
2017-11-01,2556.47,12.69
2017-11-02,2546.36,12.99
2017-11-03,2557.97,13.09
2017-11-06,2549.41,13.79
2017-11-07,2545.44,13.92
2017-11-08,2552.4,13.22
2017-11-09,2550.57,11.97
2017-11-10,2542.95,11.11
2017-11-13,2530.35,11.81
2017-11-14,2526.64,11.64
2017-11-15,2518.25,12.03
2017-11-16,2534.79,11.33
2017-11-17,2533.99,11.29
2017-11-20,2527.67,11.79
2017-11-21,2530.7,11.53
2017-11-22,2540.51,11.47
2017-11-23,2537.15,11.5
2017-11-24,2544.33,11.49
2017-11-27,2507.81,12.43
2017-11-28,2514.19,12.0
2017-11-29,2512.9,12.23
2017-11-30,2476.37,13.2
2017-12-01,2475.41,13.26
2017-12-04,2501.67,13.23
2017-12-05,2510.12,12.98
2017-12-06,2474.37,13.58
2017-12-07,2461.98,13.66
2017-12-08,2464.0,13.04
2017-12-11,2471.49,12.46
2017-12-12,2461.0,12.16
2017-12-13,2480.55,11.18
2017-12-14,2469.48,11.76
2017-12-15,2482.07,11.06
2017-12-18,2481.88,11.4
2017-12-19,2478.53,11.75
2017-12-20,2472.37,11.87
2017-12-21,2429.83,12.72
2017-12-22,2440.54,11.92
2017-12-26,2427.34,12.93
2017-12-27,2436.67,12.9
2017-12-28,2467.49,12.06
2018-01-02,2479.65,12.66
2018-01-03,2486.35,12.64
2018-01-04,2466.46,12.22
2018-01-05,2497.52,11.92
2018-01-08,2513.28,12.31
2018-01-09,2510.23,12.03
2018-01-10,2499.75,12.12
2018-01-11,2487.91,11.19
2018-01-12,2496.42,11.0
2018-01-15,2503.73,11.78
2018-01-16,2521.74,11.81
2018-01-17,2515.43,12.21
2018-01-18,2515.81,12.53
2018-01-19,2520.26,12.67
2018-01-22,2502.11,13.09
2018-01-23,2536.6,12.75
2018-01-24,2538.0,12.76
2018-01-25,2562.23,12.48
2018-01-26,2574.76,12.52
2018-01-29,2598.19,13.42
2018-01-30,2567.74,14.23
2018-01-31,2566.46,14.54
2018-02-01,2568.54,13.98
2018-02-02,2525.39,14.34
2018-02-05,2491.75,16.24
2018-02-06,2453.31,22.61
2018-02-07,2396.56,23.04
2018-02-08,2407.62,18.21
2018-02-09,2363.77,23.73
2018-02-12,2385.38,21.67
2018-02-13,2395.19,20.14
2018-02-14,2421.83,18.52
2018-02-19,2442.82,16.66
2018-02-20,2415.12,17.1
2018-02-21,2429.65,16.56
2018-02-22,2414.28,16.85
2018-02-23,2451.52,15.49
2018-02-26,2457.65,15.11
2018-02-27,2456.14,14.53
2018-02-28,2427.36,15.55
2018-03-02,2402.16,17.39
2018-03-05,2375.06,18.69
2018-03-06,2411.41,16.67
2018-03-07,2401.82,17.6
2018-03-08,2433.08,15.49
2018-03-09,2459.45,14.8
2018-03-12,2484.12,15.13
2018-03-13,2494.49,15.05
2018-03-14,2486.08,15.16
2018-03-15,2492.38,15.52
2018-03-16,2493.97,15.52
2018-03-19,2475.03,16.3
2018-03-20,2485.52,16.47
2018-03-21,2484.97,16.73
2018-03-22,2496.02,16.24
2018-03-23,2416.76,20.21
2018-03-26,2437.08,19.29
2018-03-27,2452.06,18.16
2018-03-28,2419.29,19.81
2018-03-29,2436.37,18.94
2018-03-30,2445.85,17.54
2018-04-02,2444.16,18.3
2018-04-03,2442.43,18.61
2018-04-04,2408.06,18.86
2018-04-05,2437.52,17.03
2018-04-06,2429.58,17.35
2018-04-09,2444.08,16.5
2018-04-10,2450.74,15.11
2018-04-11,2444.22,15.65
2018-04-12,2442.71,15.24
2018-04-13,2455.07,13.81
2018-04-16,2457.49,13.91
2018-04-17,2453.77,13.35
2018-04-18,2479.98,12.92
2018-04-19,2486.1,12.6
2018-04-20,2476.33,12.91
2018-04-23,2474.11,13.58
2018-04-24,2464.14,14.3
2018-04-25,2448.81,14.86
2018-04-26,2475.64,14.57
2018-04-27,2492.4,14.05
2018-04-30,2515.38,13.59
2018-05-02,2505.61,13.63
2018-05-03,2487.25,13.66
2018-05-04,2461.38,13.31
2018-05-08,2449.81,13.39
2018-05-09,2443.98,12.73
2018-05-10,2464.16,11.95
2018-05-11,2477.71,11.25
2018-05-14,2476.11,11.71
2018-05-15,2458.54,12.8
2018-05-16,2459.82,12.69
2018-05-17,2448.45,13.09
2018-05-18,2460.65,12.69
2018-05-21,2465.57,12.94
2018-05-23,2471.91,12.82
2018-05-24,2466.01,12.84
2018-05-25,2460.8,12.5
2018-05-28,2478.96,12.55
2018-05-29,2457.25,12.93
2018-05-30,2409.03,15.52
2018-05-31,2423.01,14.55
2018-06-01,2438.96,13.18
2018-06-04,2447.76,12.67
2018-06-05,2453.76,12.51
2018-06-07,2470.58,12.35
2018-06-08,2451.58,12.96
2018-06-11,2470.15,13.25
2018-06-12,2468.83,12.81
2018-06-14,2423.48,13.18
2018-06-15,2404.04,13.65
2018-06-18,2376.24,15.09
2018-06-19,2340.11,16.74
2018-06-20,2363.91,15.38
2018-06-21,2337.83,15.85
2018-06-22,2357.22,15.17
2018-06-25,2357.88,15.48
2018-06-26,2350.92,15.74
2018-06-27,2342.03,16.08
2018-06-28,2314.24,16.7
2018-06-29,2326.13,16.04
2018-07-02,2271.54,18.34
2018-07-03,2272.76,17.76
2018-07-04,2265.46,17.49
2018-07-05,2257.55,17.34
2018-07-06,2272.87,16.28
2018-07-09,2285.8,14.81
2018-07-10,2294.16,13.89
2018-07-11,2280.62,14.83
2018-07-12,2285.06,14.11
2018-07-13,2310.9,13.06
2018-07-16,2301.99,13.57
2018-07-17,2297.92,13.8
2018-07-18,2290.11,14.0
2018-07-19,2282.29,14.27
2018-07-20,2289.19,13.93
2018-07-23,2269.31,14.66
2018-07-24,2280.2,14.09
2018-07-25,2273.03,13.89
2018-07-26,2289.06,13.17
2018-07-27,2294.99,12.67
2018-07-30,2293.51,13.2
2018-07-31,2295.26,13.05
2018-08-01,2307.07,12.51
2018-08-02,2270.2,13.47
2018-08-03,2287.68,12.4
2018-08-06,2286.5,12.49
2018-08-07,2300.16,12.04
2018-08-08,2301.45,12.02
2018-08-09,2303.71,11.44
2018-08-10,2282.79,12.14
2018-08-13,2248.45,14.21
2018-08-14,2258.91,13.13
2018-08-16,2240.8,14.32
2018-08-17,2247.05,13.79
2018-08-20,2247.88,13.64
2018-08-21,2270.06,12.43
2018-08-22,2273.33,12.29
2018-08-23,2282.6,12.01
2018-08-24,2293.21,11.61
2018-08-27,2299.3,11.74
2018-08-28,2303.12,11.66
2018-08-29,2309.03,11.38
2018-08-30,2307.35,11.43
2018-08-31,2322.88,11.64
2018-09-03,2307.03,11.99
2018-09-04,2315.72,11.63
2018-09-05,2291.77,12.6
2018-09-06,2287.61,12.44
2018-09-07,2281.58,12.72
2018-09-10,2288.66,12.56
2018-09-11,2283.2,12.29
2018-09-12,2282.92,12.01
2018-09-13,2286.23,11.51
2018-09-14,2318.25,10.66
2018-09-17,2303.01,11.56
2018-09-18,2308.98,11.62
2018-09-19,2308.46,11.42
2018-09-20,2323.45,10.97
2018-09-21,2339.17,11.09
2018-09-27,2355.43,11.35
2018-09-28,2343.07,11.24
2018-10-01,2338.88,11.6
2018-10-02,2309.57,11.81
2018-10-04,2274.49,12.93
2018-10-05,2267.52,13.06
2018-10-08,2253.83,14.01
2018-10-10,2228.61,14.72
2018-10-11,2129.67,19.49
2018-10-12,2161.85,17.18
2018-10-15,2145.12,18.4
2018-10-16,2145.12,18.05
2018-10-17,2167.51,16.08
2018-10-18,2148.31,16.4
2018-10-19,2156.26,15.96
2018-10-22,2161.71,16.24
2018-10-23,2106.1,19.04
2018-10-24,2097.58,18.93
2018-10-25,2063.3,20.68
2018-10-26,2027.15,22.42
2018-10-29,1996.05,23.03
2018-10-30,2014.69,21.91
2018-10-31,2029.69,20.49
2018-11-01,2024.46,19.7
2018-11-02,2096.0,18.11
2018-11-05,2076.92,19.73
2018-11-06,2089.62,19.89
2018-11-07,2078.69,19.25
2018-11-08,2092.63,16.6
2018-11-09,2086.09,15.79
2018-11-12,2080.44,16.69
2018-11-13,2071.23,18.62
2018-11-14,2068.05,18.94
2018-11-15,2088.06,18.32
2018-11-16,2092.4,18.15
2018-11-19,2100.56,17.72
2018-11-20,2082.58,18.55
2018-11-21,2076.55,18.91
2018-11-22,2069.95,18.41
2018-11-23,2057.48,18.48
2018-11-26,2083.02,17.82
2018-11-27,2099.42,17.46
2018-11-28,2108.22,17.54
2018-11-29,2114.1,17.99
2018-11-30,2096.86,18.57
2018-12-03,2131.93,16.62
2018-12-04,2114.35,16.75
2018-12-05,2101.31,17.1
2018-12-06,2068.69,18.96
2018-12-07,2075.76,18.15
2018-12-10,2053.79,19.82
2018-12-11,2052.97,18.62
2018-12-12,2082.57,17.25
2018-12-13,2095.55,15.87
2018-12-14,2069.38,17.65
2018-12-17,2071.09,17.44
2018-12-18,2062.11,17.98
2018-12-19,2078.84,17.85
2018-12-20,2060.12,18.57
2018-12-21,2061.49,18.67
2018-12-24,2055.01,19.49
2018-12-26,2028.01,21.74
2018-12-27,2028.44,19.26
2018-12-28,2041.04,18.99
2019-01-02,2010.0,19.74
2019-01-03,1993.7,19.25
2019-01-04,2010.25,17.96
2019-01-07,2037.1,16.67
2019-01-08,2025.27,16.13
2019-01-09,2064.71,15.45
2019-01-10,2063.28,15.01
2019-01-11,2075.57,14.67
2019-01-14,2064.52,14.97
2019-01-15,2097.18,15.06
2019-01-16,2106.1,14.62
2019-01-17,2107.06,14.98
2019-01-18,2124.28,14.32
2019-01-21,2124.61,14.64
2019-01-22,2117.77,14.93
2019-01-23,2127.78,14.8
2019-01-24,2145.03,14.03
2019-01-25,2177.73,14.42
2019-01-28,2177.3,14.94
2019-01-29,2183.36,15.18
2019-01-30,2206.2,16.99
2019-01-31,2204.85,15.51
2019-02-01,2203.46,14.86
2019-02-07,2203.42,14.75
2019-02-08,2177.05,14.83
2019-02-11,2180.73,14.87
2019-02-12,2190.47,14.88
2019-02-13,2201.48,15.77
2019-02-14,2225.85,13.76
2019-02-15,2196.09,14.24
2019-02-18,2210.89,14.29
2019-02-19,2205.63,15.15
2019-02-20,2229.76,14.64
2019-02-21,2228.66,14.53
2019-02-22,2230.5,14.2
2019-02-25,2232.56,14.59
2019-02-26,2226.6,14.63
2019-02-27,2234.79,14.54
2019-02-28,2195.44,15.49
2019-03-04,2190.66,15.01
2019-03-05,2179.23,14.75
2019-03-06,2175.6,14.53
2019-03-07,2165.79,14.55
2019-03-08,2137.44,15.17
2019-03-11,2138.1,15.58
2019-03-12,2157.18,14.6
2019-03-13,2148.41,14.79
2019-03-14,2155.68,13.96
2019-03-15,2176.11,13.6
2019-03-18,2179.49,13.9
2019-03-19,2177.62,13.6
2019-03-20,2177.1,13.95
2019-03-21,2184.88,13.48
2019-03-22,2186.95,13.1
2019-03-25,2144.86,15.06
2019-03-26,2148.8,14.82
2019-03-27,2145.62,14.67
2019-03-28,2128.1,14.92
2019-03-29,2140.67,14.29
2019-04-01,2168.28,13.73
2019-04-02,2177.18,13.34
2019-04-03,2203.27,13.29
2019-04-04,2206.53,13.6
2019-04-05,2209.61,13.59
2019-04-08,2210.6,13.15
2019-04-09,2213.56,12.67
2019-04-10,2224.39,30.4
2019-04-11,2224.44,12.29
2019-04-12,2233.45,12.41
2019-04-15,2242.88,12.92
2019-04-16,2248.63,12.66
2019-04-17,2245.89,12.65
2019-04-18,2213.77,12.85
2019-04-19,2216.15,12.45
2019-04-22,2216.65,12.89
2019-04-23,2220.51,12.72
2019-04-24,2201.03,12.9
2019-04-25,2190.5,12.88
2019-04-26,2179.31,12.98
2019-04-29,2216.43,13.22
2019-04-30,2203.59,13.28
2019-05-02,2212.75,13.72
2019-05-03,2196.32,13.54
2019-05-07,2176.99,14.61
2019-05-08,2168.01,15.83
2019-05-09,2102.01,18.28
2019-05-10,2108.04,18.53
2019-05-13,2079.01,18.38
2019-05-14,2081.84,18.05
2019-05-15,2092.78,16.63
2019-05-16,2067.69,16.6
2019-05-17,2055.8,16.03
2019-05-20,2055.71,15.9
2019-05-21,2061.25,15.66
2019-05-22,2064.86,16.1
2019-05-23,2059.59,16.4
2019-05-24,2045.31,16.66
2019-05-27,2044.21,17.07
2019-05-28,2048.83,17.01
2019-05-29,2023.32,17.32
2019-05-30,2038.8,16.67
2019-05-31,2041.74,17.32
2019-06-03,2067.85,17.32
2019-06-04,2066.97,17.4
2019-06-05,2069.11,16.46
2019-06-07,2072.33,15.79
2019-06-10,2099.49,14.94
2019-06-11,2111.81,14.85
2019-06-12,2108.75,14.96
2019-06-13,2103.15,14.89
2019-06-14,2095.41,14.4
2019-06-17,2090.73,14.68
2019-06-18,2098.71,14.54
2019-06-19,2124.78,14.4
2019-06-20,2131.29,13.67
2019-06-21,2125.62,13.77
2019-06-24,2126.33,13.99
2019-06-25,2121.64,14.09
2019-06-26,2121.85,14.05
2019-06-27,2134.32,13.94
2019-06-28,2130.62,14.43
2019-07-01,2129.74,14.03
2019-07-02,2122.02,13.41
2019-07-03,2096.02,13.5
2019-07-04,2108.73,13.15
2019-07-05,2110.59,13.16
2019-07-08,2064.17,14.48
2019-07-09,2052.03,14.43
2019-07-10,2058.78,14.63
2019-07-11,2080.58,13.96
2019-07-12,2086.66,12.81
2019-07-15,2082.48,13.03
2019-07-16,2091.87,12.57
2019-07-17,2072.92,13.04
2019-07-18,2066.55,13.8
2019-07-19,2094.36,13.11
2019-07-22,2093.34,13.67
2019-07-23,2101.45,13.16
2019-07-24,2082.3,13.75
2019-07-25,2074.48,14.09
2019-07-26,2066.26,14.34
2019-07-29,2029.48,15.08
2019-07-30,2038.68,14.96
2019-07-31,2024.55,15.29
2019-08-01,2017.34,15.22
2019-08-02,1998.13,16.01
2019-08-05,1946.98,19.08
2019-08-06,1917.5,20.62
2019-08-07,1909.71,19.24
2019-08-08,1920.61,16.47
2019-08-09,1937.75,15.91
2019-08-12,1942.29,15.34
2019-08-13,1925.83,17.25
2019-08-14,1938.37,16.09
2019-08-16,1927.17,17.06
2019-08-19,1939.9,16.41
2019-08-20,1960.25,14.99
2019-08-21,1964.65,15.18
2019-08-22,1951.01,15.23
2019-08-23,1948.3,15.55
2019-08-26,1916.31,17.33
2019-08-27,1924.6,16.66
2019-08-28,1941.09,16.46
2019-08-29,1933.41,16.81
2019-08-30,1967.79,15.75
2019-09-02,1969.19,16.15
2019-09-03,1965.69,16.53
2019-09-04,1988.53,15.97
2019-09-05,2004.75,15.07
2019-09-06,2009.13,14.54
2019-09-09,2019.55,14.37
2019-09-10,2032.08,13.43
2019-09-11,2049.2,13.5
2019-09-16,2062.22,14.41
2019-09-17,2062.33,14.63
2019-09-18,2070.73,14.76
2019-09-19,2080.35,14.26
2019-09-20,2091.52,14.08
2019-09-23,2091.7,14.7
2019-09-24,2101.04,14.69
2019-09-25,2073.39,15.62
2019-09-26,2074.52,15.06
2019-09-27,2049.93,14.85
2019-09-30,2063.05,15.15
2019-10-01,2072.42,14.89
2019-10-02,2031.91,15.86
2019-10-04,2020.69,16.31
2019-10-07,2021.73,16.25
2019-10-08,2046.25,15.37
2019-10-10,2028.15,15.63
2019-10-11,2044.61,14.84
2019-10-14,2067.4,14.3
2019-10-15,2068.17,13.8
2019-10-16,2082.83,13.27
2019-10-17,2077.94,13.34
2019-10-18,2060.69,13.85
2019-10-21,2064.84,13.84
2019-10-22,2088.86,13.09
2019-10-23,2080.62,13.22
2019-10-24,2085.66,13.2
2019-10-25,2087.89,13.42
2019-10-28,2093.6,13.64
2019-10-29,2092.69,13.48
2019-10-30,2080.27,13.85
2019-10-31,2083.48,13.59
2019-11-01,2100.2,13.22
2019-11-04,2130.24,13.32
2019-11-05,2142.64,13.42
2019-11-06,2144.15,13.89
2019-11-07,2144.29,13.78
2019-11-08,2137.23,13.79
2019-11-11,2124.09,14.21
2019-11-12,2140.92,13.65
2019-11-13,2122.45,13.85
2019-11-14,2139.23,13.42
2019-11-15,2162.18,13.11
2019-11-18,2160.69,13.34
2019-11-19,2153.24,13.52
2019-11-20,2125.32,14.11
2019-11-21,2096.6,14.52
2019-11-22,2101.96,13.88
2019-11-25,2123.5,13.91
2019-11-26,2121.35,14.21
2019-11-27,2127.85,13.85
2019-11-28,2118.6,13.77
2019-11-29,2087.96,13.96
2019-12-02,2091.92,13.96
2019-12-03,2084.07,14.26
2019-12-04,2068.89,14.37
2019-12-05,2060.74,14.55
2019-12-06,2081.85,13.91
2019-12-09,2088.65,13.61
2019-12-10,2098.0,13.33
2019-12-11,2105.62,13.4
2019-12-12,2137.35,13.39
2019-12-13,2170.25,13.12
2019-12-16,2168.15,13.27
2019-12-17,2195.68,13.05
2019-12-18,2194.76,13.01
2019-12-19,2196.56,13.2
2019-12-20,2204.18,13.08
2019-12-23,2203.71,13.97
2019-12-24,2190.08,13.81
2019-12-26,2197.93,14.15
2019-12-27,2204.21,14.13
2019-12-30,2197.67,14.69
2020-01-02,2175.17,15.4
2020-01-03,2176.46,15.88
2020-01-06,2155.07,15.88
2020-01-07,2175.54,15.08
2020-01-08,2151.31,15.97
2020-01-09,2186.45,13.58
2020-01-10,2206.39,12.81
2020-01-13,2229.26,13.26
2020-01-14,2238.88,13.41
2020-01-15,2230.98,13.37
2020-01-16,2248.05,13.58
2020-01-17,2250.57,13.6
2020-01-20,2262.64,13.64
2020-01-21,2239.69,14.41
2020-01-22,2267.25,14.29
2020-01-23,2246.13,15.3
2020-01-28,2176.72,18.32
2020-01-29,2185.28,16.99
2020-01-30,2148.0,18.38
2020-01-31,2119.01,19.29
2020-02-03,2118.88,19.32
2020-02-04,2157.9,18.39
2020-02-05,2165.63,18.23
2020-02-06,2227.94,17.81
2020-02-07,2211.95,17.53
2020-02-10,2201.07,18.22
2020-02-11,2223.12,18.16
2020-02-12,2238.38,16.95
2020-02-13,2232.96,16.68
2020-02-14,2243.59,16.85
2020-02-17,2242.17,17.16
2020-02-18,2208.88,18.25
2020-02-19,2210.34,18.19
2020-02-20,2195.5,18.24
2020-02-21,2162.84,19.8
2020-02-24,2079.04,23.65
2020-02-25,2103.61,22.72
2020-02-26,2076.77,25.1
2020-02-27,2054.89,26.84
2020-02-28,1987.01,33.81
2020-03-02,2002.51,32.66
2020-03-03,2014.15,29.49
2020-03-04,2059.33,26.76
2020-03-05,2085.26,23.66
2020-03-06,2040.22,27.47
2020-03-09,1954.77,36.21
2020-03-10,1962.93,34.8
2020-03-11,1908.27,37.6
2020-03-12,1834.33,43.07
2020-03-13,1771.44,53.86
2020-03-16,1714.86,64.56
2020-03-17,1672.44,64.49
2020-03-18,1591.2,62.8
2020-03-19,1457.64,69.24
2020-03-20,1566.15,60.73
2020-03-23,1482.46,62.5
2020-03-24,1609.97,53.78
2020-03-25,1704.76,49.32
2020-03-26,1686.24,52.76
2020-03-27,1717.73,54.62
2020-03-30,1717.12,54.83
2020-03-31,1754.64,48.55
2020-04-01,1685.46,50.0
2020-04-02,1724.86,47.24
2020-04-03,1725.44,45.34
2020-04-06,1791.88,38.26
2020-04-07,1823.6,36.14
2020-04-08,1807.14,40.05
2020-04-09,1836.21,35.55
2020-04-10,1860.7,35.84
2020-04-13,1825.76,39.69
2020-04-14,1857.08,36.04
2020-04-16,1857.07,34.82
2020-04-17,1914.53,31.44
2020-04-20,1898.36,33.29
2020-04-21,1879.38,36.53
2020-04-22,1896.15,36.55
2020-04-23,1914.73,34.46
2020-04-24,1889.01,37.54
2020-04-27,1922.77,35.15
2020-04-28,1934.09,32.64
2020-04-29,1947.56,30.51
2020-05-04,1895.37,36.36
2020-05-06,1928.76,31.81
2020-05-07,1928.61,31.31
2020-05-08,1945.82,28.77
2020-05-11,1935.4,29.33
2020-05-12,1922.17,27.79
2020-05-13,1940.42,25.75
2020-05-14,1924.96,26.79
2020-05-15,1927.28,26.96
2020-05-18,1937.11,27.04
2020-05-19,1980.61,25.0
2020-05-20,1989.64,24.85
2020-05-21,1998.31,23.57
2020-05-22,1970.13,27.74
2020-05-25,1994.6,25.27
2020-05-26,2029.78,23.8
2020-05-27,2031.2,24.47
2020-05-28,2028.54,25.24
2020-05-29,2029.6,25.64
2020-06-01,2065.08,24.94
2020-06-02,2087.19,25.0
2020-06-03,2147.0,25.74
2020-06-04,2151.18,25.69
2020-06-05,2181.87,25.45
2020-06-08,2184.29,27.4
2020-06-09,2188.92,26.53
2020-06-10,2195.69,26.06
2020-06-11,2176.78,26.79
2020-06-12,2132.3,32.88
2020-06-15,2030.82,39.69
2020-06-16,2138.05,35.9
2020-06-17,2141.05,37.05
2020-06-18,2133.48,37.3
2020-06-19,2141.32,34.04
2020-06-22,2126.73,34.03
2020-06-23,2131.24,31.73
2020-06-24,2161.51,30.2
2020-06-25,2112.37,33.12
2020-06-26,2134.65,30.56
2020-06-29,2093.48,33.58
2020-06-30,2108.33,31.07
2020-07-01,2106.7,29.9
2020-07-02,2135.37,27.45
2020-07-03,2152.41,24.78
2020-07-06,2187.93,24.02
2020-07-07,2164.17,24.85
2020-07-08,2158.88,25.04
2020-07-09,2167.9,23.38
2020-07-10,2150.25,24.83
2020-07-13,2186.06,23.63
2020-07-14,2183.61,24.45
2020-07-15,2201.88,23.63
2020-07-16,2183.76,23.48
2020-07-17,2201.19,22.34
2020-07-20,2198.2,22.37
2020-07-21,2228.83,21.09
2020-07-22,2228.66,20.82
2020-07-23,2216.19,21.0
2020-07-24,2200.44,22.5
2020-07-27,2217.86,22.96
2020-07-28,2256.99,22.92
2020-07-29,2263.16,23.33
2020-07-30,2267.01,22.91
2020-07-31,2249.37,23.57
2020-08-03,2251.04,23.52
2020-08-04,2279.97,22.42
2020-08-05,2311.86,21.58
2020-08-06,2342.61,22.06
2020-08-07,2351.67,22.07
2020-08-10,2386.38,22.94
2020-08-11,2418.67,22.98
2020-08-12,2432.35,22.86
2020-08-13,2437.53,22.12
2020-08-14,2407.49,22.58
2020-08-18,2348.24,25.21
2020-08-19,2360.54,24.38
2020-08-20,2274.22,28.18
2020-08-21,2304.59,26.89
2020-08-24,2329.83,26.44
2020-08-25,2366.73,24.63
2020-08-26,2369.32,25.44
2020-08-27,2344.45,27.22
2020-08-28,2353.8,26.4
2020-08-31,2326.17,27.77
2020-09-01,2349.55,27.59
2020-09-02,2364.37,26.26
2020-09-03,2395.9,25.3
2020-09-04,2368.25,27.83
2020-09-07,2384.22,25.85
2020-09-08,2401.91,23.87
2020-09-09,2375.81,24.73
2020-09-10,2396.48,22.14
2020-09-11,2396.69,21.68
2020-09-14,2427.91,21.28
2020-09-15,2443.58,20.97
2020-09-16,2435.92,21.05
2020-09-17,2406.17,22.31
2020-09-18,2412.4,21.59
2020-09-21,2389.39,23.31
2020-09-22,2332.59,25.2
2020-09-23,2333.24,24.64
2020-09-24,2272.7,27.21
2020-09-25,2278.79,26.13
2020-09-28,2308.08,25.01
2020-09-29,2327.89,24.15
2020-10-05,2358.0,23.87
2020-10-06,2365.9,22.29
2020-10-07,2386.94,21.55
2020-10-08,2391.96,21.0
2020-10-12,2403.73,20.36
2020-10-13,2403.15,20.34
2020-10-14,2380.48,20.97
2020-10-15,2361.21,21.47
2020-10-16,2341.53,22.03
2020-10-19,2346.74,22.51
2020-10-20,2358.41,22.18
2020-10-21,2370.86,21.88
2020-10-22,2355.05,22.54
2020-10-23,2360.81,21.9
2020-10-26,2343.91,22.94
2020-10-27,2330.84,23.58
2020-10-28,2345.26,23.29
2020-10-29,2326.67,25.9
2020-10-30,2267.15,31.97
2020-11-02,2300.16,28.65
2020-11-03,2343.31,26.54
2020-11-04,2357.32,24.75
2020-11-05,2413.79,22.16
2020-11-06,2416.5,21.74
2020-11-09,2447.2,21.58
2020-11-10,2452.83,21.02
2020-11-11,2485.87,20.68
2020-11-12,2475.62,19.85
2020-11-13,2493.87,19.77
2020-11-16,2543.03,20.5
2020-11-17,2539.15,19.72
2020-11-18,2545.64,19.63
2020-11-19,2547.42,19.41
2020-11-20,2553.5,19.21
2020-11-23,2602.59,19.79
2020-11-24,2617.76,19.81
2020-11-25,2601.54,20.82
2020-11-26,2625.91,20.0
2020-11-27,2633.45,19.66
2020-11-30,2591.34,20.77
2020-12-01,2634.25,20.21
2020-12-02,2675.9,20.18
2020-12-03,2696.22,20.02
2020-12-04,2731.45,21.01
2020-12-07,2745.44,21.3
2020-12-08,2700.93,20.7
2020-12-09,2755.47,20.15
2020-12-10,2746.46,20.03
2020-12-11,2770.06,19.85
2020-12-14,2762.2,21.25
2020-12-15,2756.82,21.27
2020-12-16,2771.79,20.4
2020-12-17,2770.43,19.85
2020-12-18,2772.18,19.57
2020-12-21,2778.65,20.54
2020-12-22,2733.68,22.85
2020-12-23,2759.82,21.52
2020-12-24,2806.86,21.53
2020-12-28,2808.6,23.14
2020-12-29,2820.51,21.63
2020-12-30,2873.47,22.09
2021-01-04,2944.45,24.81
2021-01-05,2990.57,26.22
2021-01-06,2968.21,27.6
2021-01-07,3031.68,26.75
2021-01-08,3152.18,29.18
2021-01-11,3148.45,35.65
2021-01-12,3125.95,34.95
2021-01-13,3148.29,32.0
2021-01-14,3149.93,29.68
2021-01-15,3085.9,31.56
2021-01-18,3013.93,33.18
2021-01-19,3092.66,34.08
2021-01-20,3114.55,33.32
2021-01-21,3160.84,30.63
2021-01-22,3140.63,29.36
2021-01-25,3208.99,28.97
2021-01-26,3140.31,29.99
2021-01-27,3122.56,29.41
2021-01-28,3069.05,33.09
2021-01-29,2976.21,35.73
2021-02-01,3056.53,34.16
2021-02-02,3096.81,33.4
2021-02-03,3129.68,31.29
2021-02-04,3087.55,32.06
2021-02-05,3120.63,28.65
2021-02-08,3091.24,27.33
2021-02-09,3084.67,25.21
2021-02-10,3100.58,26.43
2021-02-15,3147.0,26.22
2021-02-16,3163.25,25.08
2021-02-17,3133.73,25.58
2021-02-18,3086.66,26.1
2021-02-19,3107.62,26.86
2021-02-22,3079.75,27.64
2021-02-23,3070.09,27.16
2021-02-24,2994.98,28.93
2021-02-25,3099.69,27.92
2021-02-26,3012.95,31.34
2021-03-02,3043.87,30.97
2021-03-03,3082.99,28.31
2021-03-04,3043.49,29.5
2021-03-05,3026.26,29.09
2021-03-08,2996.11,29.48
2021-03-09,2976.12,29.78
2021-03-10,2958.12,28.85
2021-03-11,3013.7,26.45
2021-03-12,3054.39,25.64
2021-03-15,3045.71,25.9
2021-03-16,3067.17,24.28
2021-03-17,3047.5,24.53
2021-03-18,3066.01,22.69
2021-03-19,3039.53,23.61
2021-03-22,3035.46,23.7
2021-03-23,3004.74,23.19
2021-03-24,2996.35,22.71
2021-03-25,3008.33,21.69
2021-03-26,3041.01,20.36
2021-03-29,3036.04,21.01
2021-03-30,3070.0,20.64
2021-03-31,3061.42,20.44
2021-04-01,3087.4,19.88
2021-04-02,3112.8,19.51
2021-04-05,3120.83,18.97
2021-04-06,3127.08,18.34
2021-04-07,3137.41,17.45
2021-04-08,3143.26,16.19
2021-04-09,3131.88,16.69
2021-04-12,3135.59,16.54
2021-04-13,3169.08,17.11
2021-04-14,3182.38,16.49
2021-04-15,3194.33,17.6
2021-04-16,3198.62,17.61
2021-04-19,3198.84,18.04
2021-04-20,3220.7,17.96
2021-04-21,3171.66,18.95
2021-04-22,3177.52,17.86
2021-04-23,3186.1,18.33
2021-04-26,3217.53,18.36
2021-04-27,3215.42,18.1
2021-04-28,3181.47,18.92
2021-04-29,3174.07,18.92
2021-04-30,3147.86,18.84
2021-05-03,3127.2,18.09
2021-05-04,3147.37,16.89
2021-05-06,3178.74,17.0
2021-05-07,3197.2,16.43
2021-05-10,3249.3,17.34
2021-05-11,3209.43,20.0
2021-05-12,3161.66,22.17
2021-05-13,3122.11,21.9
2021-05-14,3153.32,19.32
2021-05-17,3134.52,19.29
2021-05-18,3173.05,18.23
2021-05-20,3162.28,19.12
2021-05-21,3156.42,20.09
2021-05-24,3144.3,20.59
2021-05-25,3171.32,18.99
2021-05-26,3168.43,18.68
2021-05-27,3165.51,18.29
2021-05-28,3188.73,17.31
2021-05-31,3203.92,17.04
2021-06-01,3221.87,16.48
2021-06-02,3224.23,16.63
2021-06-03,3247.43,17.48
2021-06-04,3240.08,17.43
2021-06-07,3252.12,17.04
2021-06-08,3247.83,16.24
2021-06-09,3216.18,16.58
2021-06-10,3224.64,15.44
2021-06-11,3249.32,14.51
2021-06-14,3252.13,14.46
2021-06-15,3258.63,14.33
2021-06-16,3278.68,14.7
2021-06-17,3264.96,14.98
2021-06-18,3267.93,14.62
2021-06-21,3240.79,16.28
2021-06-22,3263.88,15.11
2021-06-23,3276.19,14.75
2021-06-24,3286.1,14.84
2021-06-25,3302.84,14.82
2021-06-28,3301.89,14.8
2021-06-29,3286.68,14.52
2021-06-30,3296.68,14.17
2021-07-01,3282.06,14.33
2021-07-02,3281.78,13.74
2021-07-05,3293.21,13.11
2021-07-06,3305.21,12.71
2021-07-07,3285.34,13.29
2021-07-08,3252.68,14.19
2021-07-09,3217.95,15.12
2021-07-12,3246.47,13.62
2021-07-13,3271.38,12.55
2021-07-14,3264.81,12.97
2021-07-15,3286.22,13.04
2021-07-16,3276.91,13.23
2021-07-19,3244.04,15.25
2021-07-20,3232.7,15.68
2021-07-21,3215.91,16.12
2021-07-22,3250.21,14.6
2021-07-23,3254.42,14.42
2021-07-26,3224.95,16.05
2021-07-27,3232.53,15.75
2021-07-28,3236.86,16.11
2021-07-29,3242.65,15.58
2021-07-30,3202.32,17.3
2021-08-02,3223.04,15.77
2021-08-03,3237.14,14.78
2021-08-04,3280.38,14.77
2021-08-05,3276.13,14.53
2021-08-06,3270.36,14.18
2021-08-09,3260.42,14.28
2021-08-10,3243.19,14.52
2021-08-11,3220.62,15.12
2021-08-12,3208.38,14.09
2021-08-13,3171.29,15.45
2021-08-17,3143.09,16.34
2021-08-18,3158.93,15.48
2021-08-19,3097.83,17.82
2021-08-20,3060.51,18.92
2021-08-23,3090.21,17.29
2021-08-24,3138.3,15.62
2021-08-25,3146.81,15.48
2021-08-26,3128.53,16.15
2021-08-27,3133.9,16.17
2021-08-30,3144.19,15.88
2021-08-31,3199.27,14.76
2021-09-01,3207.02,14.96
2021-09-02,3175.85,15.25
2021-09-03,3201.06,14.62
2021-09-06,3203.33,14.24
2021-09-07,3187.42,14.18
2021-09-08,3162.99,14.73
2021-09-09,3114.7,16.02
2021-09-10,3125.76,15.18
2021-09-13,3127.86,15.28
2021-09-14,3148.83,14.67
2021-09-15,3153.4,14.66
2021-09-16,3130.09,15.44
2021-09-17,3140.51,15.48
2021-09-23,3127.58,16.72
2021-09-24,3125.24,16.33
2021-09-27,3133.64,15.92
2021-09-28,3097.92,16.45
2021-09-29,3060.27,17.87
2021-09-30,3068.82,17.35
2021-10-01,3019.18,18.91
2021-10-05,2962.17,21.22
2021-10-06,2908.31,21.84
2021-10-07,2959.46,20.54
2021-10-08,2956.3,20.47
2021-10-12,2916.38,22.4
2021-10-13,2944.41,20.54
2021-10-14,2988.64,18.21
2021-10-15,3015.06,17.03
2021-10-18,3006.68,18.01
2021-10-19,3029.04,17.24
2021-10-20,3013.13,17.73
2021-10-21,3007.33,17.68
2021-10-22,3006.16,17.2
2021-10-25,3020.54,17.03
2021-10-26,3049.08,16.11
2021-10-27,3025.49,16.88
2021-10-28,3009.55,17.09
2021-10-29,2970.68,18.55
2021-11-01,2978.94,18.33
2021-11-02,3013.49,17.28
2021-11-03,2975.71,18.36
2021-11-04,2983.22,17.6
2021-11-05,2969.27,18.02
2021-11-08,2960.2,18.24
2021-11-09,2962.46,18.0
2021-11-10,2930.17,18.19
2021-11-11,2924.92,16.98
2021-11-12,2968.8,16.18
2021-11-15,2999.52,15.9
2021-11-16,2997.21,15.97
2021-11-17,2962.42,16.51
2021-11-18,2947.38,16.74
2021-11-19,2971.02,16.25
2021-11-22,3013.25,16.17
2021-11-23,2997.33,16.5
2021-11-24,2994.29,16.27
2021-11-25,2980.27,16.16
2021-11-26,2936.44,18.04
2021-11-29,2909.32,20.92
2021-11-30,2839.01,23.23
2021-12-01,2899.72,20.57
2021-12-02,2945.27,21.02
2021-12-03,2968.33,20.09
2021-12-06,2973.25,20.91
2021-12-07,2991.72,18.48
2021-12-08,3001.8,17.69
2021-12-09,3029.57,16.65
2021-12-10,3010.23,17.39
2021-12-13,3001.66,18.0
2021-12-14,2987.95,18.4
2021-12-15,2989.39,18.43
2021-12-16,3006.41,16.98
2021-12-17,3017.73,17.02
2021-12-20,2963.0,19.52
2021-12-21,2975.03,18.32
2021-12-22,2984.48,17.42
2021-12-23,2998.17,16.93
2021-12-24,3012.43,16.5
2021-12-27,2999.55,17.46
2021-12-28,3020.24,17.07
2021-12-29,2993.29,16.55
2021-12-30,2977.65,16.5
2022-01-03,2988.77,16.57
2022-01-04,2989.24,16.0
2022-01-05,2953.97,16.58
2022-01-06,2920.53,17.52
2022-01-07,2954.89,16.99
2022-01-10,2926.72,17.41
2022-01-11,2927.38,17.27
2022-01-12,2972.48,15.91
2022-01-13,2962.09,15.96
2022-01-14,2921.92,16.97
2022-01-17,2890.1,17.53
2022-01-18,2864.24,18.16
2022-01-19,2842.28,18.76
2022-01-20,2862.68,17.99
2022-01-21,2834.29,19.36
2022-01-24,2792.0,21.48
2022-01-25,2720.39,26.26
2022-01-26,2709.24,24.83
2022-01-27,2614.49,27.94
2022-01-28,2663.34,23.97
2022-02-03,2707.82,22.92
2022-02-04,2750.26,21.02
2022-02-07,2745.06,21.59
2022-02-08,2746.47,21.06
2022-02-09,2768.85,19.68
2022-02-10,2771.93,19.21
2022-02-11,2747.71,20.92
2022-02-14,2704.48,23.84
2022-02-15,2676.54,24.62
2022-02-16,2729.68,21.94
2022-02-17,2744.09,23.28
2022-02-18,2744.52,23.68
2022-02-21,2743.8,23.79
2022-02-22,2706.79,25.34
2022-02-23,2719.53,24.07
2022-02-24,2648.8,27.09
2022-02-25,2676.76,23.84
2022-02-28,2699.18,24.41
2022-03-02,2703.52,24.89
2022-03-03,2747.08,22.73
2022-03-04,2713.43,24.57
2022-03-07,2651.31,27.84
2022-03-08,2622.4,28.95
2022-03-10,2680.32,25.71
2022-03-11,2661.28,24.41
2022-03-14,2645.65,24.7
2022-03-15,2621.53,25.77
2022-03-16,2659.23,23.74
2022-03-17,2694.51,22.55
2022-03-18,2707.02,21.93
2022-03-21,2686.05,22.4
2022-03-22,2710.0,21.03
2022-03-23,2735.05,19.61
2022-03-24,2729.66,19.73
2022-03-25,2729.98,19.62
2022-03-28,2729.56,19.6
2022-03-29,2741.07,18.75
2022-03-30,2746.74,17.88
2022-03-31,2757.65,17.14
2022-04-01,2739.85,17.07
2022-04-04,2757.9,16.49
2022-04-05,2759.2,15.91
2022-04-06,2735.03,16.79
2022-04-07,2695.86,17.78
2022-04-08,2700.39,17.1
2022-04-11,2693.1,17.57
2022-04-12,2666.76,18.47
2022-04-13,2716.49,17.02
2022-04-14,2716.71,17.13
2022-04-15,2696.06,17.77
2022-04-18,2693.21,18.88
2022-04-19,2718.89,17.69
2022-04-20,2718.69,17.34
2022-04-21,2728.21,16.77
2022-04-22,2704.71,17.75
2022-04-25,2657.13,21.05
2022-04-26,2668.31,19.94
2022-04-27,2639.06,21.98
2022-04-28,2667.49,20.45
2022-04-29,2695.05,18.92
2022-05-02,2687.45,20.5
2022-05-03,2680.46,20.25
2022-05-04,2677.57,19.61
2022-05-06,2644.51,20.87
2022-05-09,2610.81,21.39
2022-05-10,2596.56,22.11
2022-05-11,2592.27,21.1
2022-05-12,2550.08,22.72
2022-05-13,2604.24,19.69
2022-05-16,2596.58,20.27
2022-05-17,2620.44,19.06
2022-05-18,2625.98,18.4
2022-05-19,2592.34,20.42
2022-05-20,2639.29,19.1
2022-05-23,2647.38,19.44
2022-05-24,2605.87,20.61
2022-05-25,2617.22,19.89
2022-05-26,2612.45,19.91
2022-05-27,2638.05,18.8
2022-05-30,2669.66,17.74
2022-05-31,2685.9,17.26
2022-06-02,2658.99,17.6
2022-06-03,2670.65,16.87
2022-06-07,2626.34,18.1
2022-06-08,2626.15,17.1
2022-06-09,2625.44,17.0
2022-06-10,2595.87,18.29
2022-06-13,2504.51,23.3
2022-06-14,2492.97,23.74
2022-06-15,2447.38,24.27
2022-06-16,2451.41,23.72
2022-06-17,2440.93,25.79
2022-06-20,2391.03,26.37
2022-06-21,2408.93,23.4
2022-06-22,2342.81,25.64
2022-06-23,2314.32,25.92
2022-06-24,2366.6,23.94
2022-06-27,2401.92,22.5
2022-06-28,2422.09,21.21
2022-06-29,2377.99,22.46
2022-06-30,2332.64,23.9
2022-07-01,2305.42,23.98
2022-07-04,2300.34,24.07
2022-07-05,2341.78,22.73
2022-07-06,2292.01,24.67
2022-07-07,2334.27,23.6
2022-07-08,2350.61,23.0
2022-07-11,2340.27,23.33
2022-07-12,2317.76,23.33
2022-07-13,2328.61,23.3
2022-07-14,2322.32,23.32
2022-07-15,2330.98,22.08
2022-07-18,2375.25,20.53
2022-07-19,2370.97,20.74
2022-07-20,2386.85,20.31
2022-07-21,2409.16,20.02
2022-07-22,2393.14,19.71
2022-07-25,2403.69,19.97
2022-07-26,2412.96,19.38
2022-07-27,2415.53,19.39
2022-07-28,2435.27,18.36
2022-07-29,2451.5,17.79
2022-08-01,2452.25,18.22
2022-08-02,2439.62,19.24
2022-08-03,2461.45,18.45
2022-08-04,2473.11,17.7
2022-08-05,2490.8,17.0
2022-08-08,2493.1,17.15
2022-08-09,2503.46,16.5
2022-08-10,2480.88,17.18
2022-08-11,2523.78,15.74
2022-08-12,2527.94,15.45
2022-08-16,2533.52,15.42
2022-08-17,2516.47,15.51
2022-08-18,2508.05,15.77
2022-08-19,2492.69,15.73
2022-08-22,2462.5,16.76
2022-08-23,2435.34,17.72
2022-08-24,2447.45,17.48
2022-08-25,2477.26,16.19
2022-08-26,2481.03,16.19
2022-08-29,2426.89,18.72
2022-08-30,2450.93,17.47
2022-08-31,2472.05,17.31
2022-09-01,2415.61,19.2
2022-09-02,2409.41,19.07
2022-09-05,2403.68,18.87
2022-09-06,2410.02,18.49
2022-09-07,2376.46,19.85
2022-09-08,2384.28,19.17
2022-09-13,2449.54,16.68
2022-09-14,2411.42,18.73
2022-09-15,2401.83,18.39
2022-09-16,2382.78,19.13
2022-09-19,2355.66,19.64
2022-09-20,2367.85,19.28
2022-09-21,2347.21,20.8
2022-09-22,2332.31,20.47
2022-09-23,2290.0,20.33
2022-09-26,2220.94,24.02
2022-09-27,2223.86,23.62
2022-09-28,2169.29,26.59
2022-09-29,2170.93,25.96
2022-09-30,2155.49,27.19
2022-10-04,2209.38,24.99
2022-10-05,2215.22,24.36
2022-10-06,2237.86,23.37
2022-10-07,2232.84,23.93
2022-10-11,2192.07,25.78
2022-10-12,2202.47,24.69
2022-10-13,2162.87,27.22
2022-10-14,2212.55,23.94
2022-10-17,2219.71,24.4
2022-10-18,2249.95,22.86
2022-10-19,2237.44,23.21
2022-10-20,2218.09,24.04
2022-10-21,2213.12,23.94
2022-10-24,2236.16,24.62
2022-10-25,2235.07,24.23
2022-10-26,2249.56,23.42
2022-10-27,2288.78,22.12
2022-10-28,2268.4,22.71
2022-10-31,2293.61,21.97
2022-11-01,2335.22,21.11
2022-11-02,2336.87,21.13
2022-11-03,2329.17,21.21
2022-11-04,2348.43,20.84
2022-11-07,2371.79,20.82
2022-11-08,2399.04,19.99
2022-11-09,2424.41,20.1
2022-11-10,2402.23,21.21
2022-11-11,2483.16,19.97
2022-11-14,2474.65,20.32
2022-11-15,2480.33,19.63
2022-11-16,2477.45,19.87
2022-11-17,2442.9,20.09
2022-11-18,2444.48,19.87
2022-11-21,2419.5,19.81
2022-11-22,2405.27,19.09
2022-11-23,2418.01,17.92
2022-11-24,2441.33,16.85
2022-11-25,2437.86,16.97
2022-11-28,2408.27,18.12
2022-11-29,2433.39,17.76
2022-11-30,2472.53,17.78
2022-12-01,2479.84,17.51
2022-12-02,2434.33,18.49
2022-12-05,2419.32,17.98
2022-12-06,2393.16,18.19
2022-12-07,2382.81,18.45
2022-12-08,2371.08,18.38
2022-12-09,2389.04,17.57
2022-12-12,2373.02,18.52
2022-12-13,2372.4,19.09
2022-12-14,2399.25,17.27
2022-12-15,2360.97,16.71
2022-12-16,2360.02,17.03
2022-12-19,2352.17,17.6
2022-12-20,2333.29,17.98
2022-12-21,2328.95,17.62
2022-12-22,2356.73,16.6
2022-12-23,2313.69,17.43
2022-12-26,2317.14,17.46
2022-12-27,2332.79,17.09
2022-12-28,2280.45,17.53
2022-12-29,2236.4,18.4
2023-01-02,2225.67,18.85
2023-01-03,2218.68,18.96
2023-01-04,2255.98,18.17
2023-01-05,2264.65,17.85
2023-01-06,2289.97,17.74
2023-01-09,2350.19,18.48
2023-01-10,2351.31,18.22
2023-01-11,2359.53,17.98
2023-01-12,2365.1,18.34
2023-01-13,2386.09,17.19
2023-01-16,2399.86,16.88
2023-01-17,2379.39,16.85
2023-01-18,2368.32,16.8
2023-01-19,2380.34,16.89
2023-01-20,2395.26,16.81
2023-01-25,2428.57,16.84
2023-01-26,2468.65,16.53
2023-01-27,2484.02,16.86
2023-01-30,2450.47,17.38
2023-01-31,2425.08,17.75
2023-02-01,2449.8,17.54
2023-02-02,2468.88,17.08
2023-02-03,2480.4,17.01
2023-02-06,2438.19,17.55
2023-02-07,2451.71,17.31
2023-02-08,2483.64,17.5
2023-02-09,2481.52,17.95
2023-02-10,2469.73,17.53
2023-02-13,2452.7,18.23
2023-02-14,2465.64,18.52
2023-02-15,2427.9,18.18
2023-02-16,2475.48,17.84
2023-02-17,2451.21,18.23
2023-02-20,2455.12,18.64
2023-02-21,2458.96,18.89
2023-02-22,2417.68,19.56
2023-02-23,2439.09,18.99
2023-02-24,2423.61,18.81
2023-02-27,2402.64,19.38
2023-02-28,2412.85,18.53
2023-03-02,2427.85,18.31
2023-03-03,2432.07,17.69
2023-03-06,2462.62,17.18
2023-03-07,2463.35,16.95
2023-03-08,2431.91,17.21
2023-03-09,2419.09,16.53
2023-03-10,2394.59,17.56
2023-03-13,2410.6,18.2
2023-03-14,2348.97,21.11
2023-03-15,2379.72,18.75
2023-03-16,2377.91,19.97
2023-03-17,2395.69,18.26
2023-03-20,2379.2,20.62
2023-03-21,2388.35,19.51
2023-03-22,2416.96,18.29
2023-03-23,2424.48,17.97
2023-03-24,2414.96,17.59
2023-03-27,2409.22,17.97
2023-03-28,2434.94,16.81
2023-03-29,2443.92,16.15
2023-03-30,2453.16,15.7
2023-03-31,2476.86,15.57
2023-04-03,2472.34,15.88
2023-04-04,2480.51,15.22
2023-04-05,2495.21,15.36
2023-04-06,2459.23,15.87
2023-04-07,2490.41,15.35
2023-04-10,2512.08,15.72
2023-04-11,2547.86,15.62
2023-04-12,2550.64,15.82
2023-04-13,2561.66,15.52
2023-04-14,2571.49,15.42
2023-04-17,2575.91,15.49
2023-04-18,2571.09,15.17
2023-04-19,2575.08,14.86
2023-04-20,2563.11,14.63
2023-04-21,2544.4,14.62
2023-04-24,2523.5,14.86
2023-04-25,2489.02,15.02
2023-04-26,2484.83,15.09
2023-04-27,2495.81,14.86
2023-04-28,2501.53,14.51
2023-05-02,2524.39,14.21
2023-05-03,2501.4,15.09
2023-05-04,2500.94,15.27
2023-05-08,2513.21,14.87
2023-05-09,2510.06,14.39
2023-05-10,2496.51,14.77
2023-05-11,2491.0,14.31
2023-05-12,2475.42,13.93
2023-05-15,2479.35,13.81
2023-05-16,2480.24,13.59
2023-05-17,2494.66,13.52
2023-05-18,2515.4,13.54
2023-05-19,2537.79,14.13
2023-05-22,2557.08,14.74
2023-05-23,2567.55,14.56
2023-05-24,2567.45,14.87
2023-05-25,2554.69,15.07
2023-05-26,2558.81,14.96
2023-05-30,2585.52,14.79
2023-05-31,2577.12,14.8
2023-06-01,2569.17,14.35
2023-06-02,2601.36,13.96
2023-06-05,2615.41,14.08
2023-06-07,2615.6,13.71
2023-06-08,2610.85,13.44
2023-06-09,2641.16,13.16
2023-06-12,2629.35,13.45
2023-06-13,2637.95,13.76
2023-06-14,2619.08,13.55
2023-06-15,2608.54,13.25
2023-06-16,2625.79,13.13
2023-06-19,2609.5,13.35
2023-06-20,2604.91,13.02
2023-06-21,2582.63,13.36
2023-06-22,2593.7,13.24
2023-06-23,2570.1,13.04
2023-06-26,2582.2,13.46
2023-06-27,2581.39,13.18
2023-06-28,2564.19,13.1
2023-06-29,2550.02,12.93
2023-06-30,2564.28,12.59
2023-07-03,2602.47,12.73
2023-07-04,2593.31,12.27
2023-07-05,2579.0,12.37
2023-07-06,2556.29,12.98
2023-07-07,2526.71,14.58
2023-07-10,2520.7,14.63
2023-07-11,2562.49,13.82
2023-07-12,2574.72,13.76
2023-07-13,2591.23,13.25
2023-07-14,2628.3,13.19
2023-07-17,2619.0,13.21
2023-07-18,2607.62,13.07
2023-07-19,2608.24,12.91
2023-07-20,2600.23,13.22
2023-07-21,2609.76,13.35
2023-07-24,2628.53,14.12
2023-07-25,2636.46,14.08
2023-07-26,2592.36,14.53
2023-07-27,2603.81,13.9
2023-07-28,2608.32,14.15
2023-07-31,2632.58,14.21
2023-08-01,2667.07,14.06
2023-08-02,2616.47,15.36
2023-08-03,2605.39,15.88
2023-08-04,2602.8,15.55
2023-08-07,2580.71,15.71
2023-08-08,2573.98,15.4
2023-08-09,2605.12,14.15
2023-08-10,2601.56,14.0
2023-08-11,2591.26,13.44
2023-08-14,2570.87,14.14
2023-08-16,2525.64,15.15
2023-08-17,2519.85,15.57
2023-08-18,2504.5,16.03
2023-08-21,2508.8,16.03
2023-08-22,2515.74,15.33
2023-08-23,2505.5,14.97
2023-08-24,2537.68,13.94
2023-08-25,2519.14,14.86
2023-08-28,2543.41,14.18
2023-08-29,2552.16,13.49
2023-08-30,2561.22,13.05
2023-08-31,2556.27,12.78
2023-09-01,2563.71,12.53
2023-09-04,2584.55,12.49
2023-09-05,2582.18,12.42
2023-09-06,2563.34,12.46
2023-09-07,2548.26,12.69
2023-09-08,2547.68,12.4
2023-09-11,2556.88,12.42
2023-09-12,2536.58,12.4
2023-09-13,2534.7,12.64
2023-09-14,2572.89,12.02
2023-09-15,2601.28,11.73
2023-09-18,2574.72,12.85
2023-09-19,2559.21,12.95
2023-09-20,2559.74,13.03
2023-09-21,2514.97,13.96
2023-09-22,2508.13,14.18
2023-09-25,2495.76,14.1
2023-09-26,2462.97,14.74
2023-09-27,2465.07,15.08
2023-10-04,2405.69,18.09
2023-10-05,2403.6,17.34
2023-10-06,2408.73,17.39
2023-10-10,2402.58,17.56
2023-10-11,2450.08,16.74
2023-10-12,2479.82,15.7
2023-10-13,2456.15,15.95
2023-10-16,2436.24,17.07
2023-10-17,2460.17,16.18
2023-10-18,2462.6,16.0
2023-10-19,2415.8,18.23
2023-10-20,2375.0,19.53
2023-10-23,2357.02,19.65
2023-10-24,2383.51,18.82
2023-10-25,2363.17,18.56
2023-10-26,2299.08,21.14
2023-10-27,2302.81,20.02
2023-10-30,2310.55,20.03
2023-10-31,2277.99,19.89
2023-11-01,2301.56,18.79
2023-11-02,2343.12,17.49
2023-11-03,2368.34,16.7
2023-11-06,2502.37,18.65
2023-11-07,2443.96,18.23
2023-11-08,2421.62,17.56
2023-11-09,2427.08,16.84
2023-11-10,2409.66,17.13
2023-11-13,2403.76,17.68
2023-11-14,2433.25,17.35
2023-11-15,2486.67,17.24
2023-11-16,2488.18,16.98
2023-11-17,2469.85,16.55
2023-11-20,2491.2,16.68
2023-11-21,2510.42,16.18
2023-11-22,2511.7,15.88
2023-11-23,2514.96,15.13
2023-11-24,2496.63,15.04
2023-11-27,2495.66,15.2
2023-11-28,2521.76,15.35
2023-11-29,2519.81,14.6
2023-11-30,2535.29,14.46
2023-12-01,2505.01,14.5
2023-12-04,2514.95,14.61
2023-12-05,2494.28,14.84
2023-12-06,2495.38,14.56
2023-12-07,2492.07,16.85
2023-12-08,2517.85,14.76
2023-12-11,2525.36,14.59
2023-12-12,2535.27,14.45
2023-12-13,2510.66,14.3
2023-12-14,2544.18,14.11
2023-12-15,2563.56,13.98
2023-12-18,2566.86,14.27
2023-12-19,2568.55,13.85
2023-12-20,2614.3,14.78
2023-12-21,2600.02,14.93
2023-12-22,2599.51,14.97
2023-12-26,2602.59,16.25
2023-12-27,2613.5,16.55
2023-12-28,2655.28,17.78
2024-01-02,2669.81,18.61
2024-01-03,2607.31,18.28
2024-01-04,2587.02,18.2
2024-01-05,2578.08,17.8
2024-01-08,2567.82,17.77
2024-01-09,2561.24,17.42
2024-01-10,2541.98,16.79
2024-01-11,2540.27,17.14
2024-01-12,2525.05,16.77
2024-01-15,2525.99,16.84
2024-01-16,2497.59,17.18
2024-01-17,2435.9,19.31
2024-01-18,2440.04,18.32
2024-01-19,2472.74,17.64
2024-01-22,2464.35,18.01
2024-01-23,2478.61,17.39
2024-01-24,2469.69,17.07
2024-01-25,2470.34,16.92
2024-01-26,2478.56,16.96
2024-01-29,2500.65,17.27
2024-01-30,2498.81,17.11
2024-01-31,2497.09,17.02
2024-02-01,2542.46,16.79
2024-02-02,2615.31,17.79
2024-02-05,2591.31,18.06
2024-02-06,2576.2,17.59
2024-02-07,2609.58,17.62
2024-02-08,2620.32,17.24
2024-02-13,2649.64,18.02
2024-02-14,2620.42,17.98
2024-02-15,2613.8,17.79
2024-02-16,2648.76,17.41
2024-02-19,2680.26,18.02
2024-02-20,2657.79,18.09
2024-02-21,2653.31,18.5
2024-02-22,2664.27,18.22
2024-02-23,2667.7,18.31
2024-02-26,2647.08,17.94
2024-02-27,2625.05,17.16
2024-02-28,2652.29,16.83
2024-02-29,2642.36,16.77
2024-03-04,2674.27,17.33
2024-03-05,2649.4,17.13
2024-03-06,2641.49,17.25
2024-03-07,2647.62,17.25
2024-03-08,2680.35,17.25
2024-03-11,2659.84,18.05
2024-03-12,2681.81,17.8
2024-03-13,2693.57,16.93
2024-03-14,2718.76,16.51
2024-03-15,2666.84,16.83
2024-03-18,2685.84,17.12
2024-03-19,2656.17,16.78
2024-03-20,2690.14,16.92
2024-03-21,2754.86,17.53
2024-03-22,2748.56,17.13
2024-03-25,2737.57,17.35
2024-03-26,2757.09,17.34
2024-03-27,2755.11,17.14
2024-03-28,2745.82,16.88
2024-03-29,2746.63,16.84
2024-04-01,2747.86,17.13
2024-04-02,2753.16,17.1
2024-04-03,2706.97,17.63
2024-04-04,2742.0,17.2
2024-04-05,2714.21,18.12
2024-04-08,2717.65,18.16
2024-04-09,2705.16,18.09
2024-04-11,2706.96,18.03
2024-04-12,2681.82,17.59
2024-04-15,2670.43,18.45
2024-04-16,2609.63,19.95
2024-04-17,2584.18,20.02
2024-04-18,2634.7,19.42
2024-04-19,2591.86,21.22
2024-04-22,2629.44,19.8
2024-04-23,2623.02,18.93
2024-04-24,2675.75,18.02
2024-04-25,2628.62,18.82
2024-04-26,2656.33,18.32
2024-04-29,2687.44,18.13
2024-04-30,2692.06,18.14
2024-05-02,2683.65,17.88
2024-05-03,2676.63,17.51
2024-05-07,2734.36,17.21
2024-05-08,2745.05,16.46
2024-05-09,2712.14,16.49
2024-05-10,2727.63,16.29
2024-05-13,2727.21,16.6
2024-05-14,2730.34,16.73
2024-05-16,2753.0,15.98
2024-05-17,2724.62,15.98
2024-05-20,2742.14,15.95
2024-05-21,2724.18,15.85
2024-05-22,2723.46,15.71
2024-05-23,2721.81,15.22
2024-05-24,2687.6,15.43
2024-05-27,2722.99,15.21
2024-05-28,2722.85,15.07
2024-05-29,2677.3,15.66
2024-05-30,2635.44,16.82
2024-05-31,2636.52,16.9
2024-06-03,2682.52,16.69
2024-06-04,2662.1,16.64
2024-06-05,2689.5,16.56
2024-06-07,2722.67,16.64
2024-06-10,2701.17,17.17
2024-06-11,2705.32,17.16
2024-06-12,2728.17,17.4
2024-06-13,2754.89,16.52
2024-06-14,2758.42,16.03
2024-06-17,2744.1,16.71
2024-06-18,2763.92,16.34
2024-06-19,2797.33,16.33
2024-06-20,2807.63,16.56
2024-06-21,2784.26,16.52
2024-06-24,2764.73,17.02
2024-06-25,2774.39,16.98
2024-06-26,2792.05,16.74
2024-06-27,2784.06,16.57
2024-06-28,2797.82,16.1
2024-07-01,2804.31,16.05
2024-07-02,2780.86,15.88
2024-07-03,2794.01,15.55
2024-07-04,2824.94,16.36
2024-07-05,2862.23,16.72
2024-07-08,2857.76,16.81
2024-07-09,2867.38,16.28
2024-07-10,2867.99,16.08
2024-07-11,2891.35,16.12
2024-07-12,2857.0,16.44
2024-07-15,2860.92,16.47
2024-07-16,2866.09,16.34
2024-07-17,2843.29,16.53
2024-07-18,2824.35,16.79
2024-07-19,2795.46,17.27
2024-07-22,2763.51,18.39
2024-07-23,2774.29,17.47
2024-07-24,2758.71,17.42
2024-07-25,2710.65,18.77
2024-07-26,2731.9,17.98
2024-07-29,2765.53,17.51
2024-07-30,2738.19,17.78
2024-07-31,2770.69,17.51
2024-08-01,2777.68,17.12
2024-08-02,2676.19,21.77
2024-08-05,2441.55,45.86
2024-08-06,2522.15,43.08
2024-08-07,2568.41,30.17
2024-08-08,2556.73,29.02
2024-08-09,2588.43,26.53
2024-08-12,2618.3,24.49
2024-08-13,2621.5,23.64
2024-08-14,2644.5,22.1
2024-08-16,2697.23,19.9
2024-08-19,2674.36,23.22
2024-08-20,2696.63,21.03
2024-08-21,2701.13,21.18
2024-08-22,2707.67,21.16
2024-08-23,2701.69,21.28
2024-08-26,2698.01,20.96
2024-08-27,2689.25,19.76
2024-08-28,2689.83,19.38
2024-08-29,2662.28,19.8
2024-08-30,2674.31,18.81
2024-09-02,2681.0,19.34
2024-09-03,2664.63,19.73
2024-09-04,2580.8,26.04
2024-09-05,2575.5,25.5
2024-09-06,2544.28,26.81
2024-09-09,2535.93,25.61
2024-09-10,2523.43,23.84
2024-09-11,2513.37,24.06
2024-09-12,2572.09,21.73
2024-09-13,2575.41,21.68
2024-09-19,2580.8,22.16
2024-09-20,2593.37,21.0
2024-09-23,2602.01,21.49
2024-09-24,2631.68,22.26
2024-09-25,2596.32,23.91
2024-09-26,2671.57,25.63
2024-09-27,2649.78,25.4
2024-09-30,2593.27,25.44
2024-10-02,2561.69,25.89
2024-10-04,2569.71,25.84
2024-10-07,2610.38,25.41
2024-10-08,2594.36,25.62
2024-10-10,2599.16,23.27
2024-10-11,2596.91,21.99
2024-10-14,2623.29,21.81
2024-10-15,2633.45,21.24
2024-10-16,2610.36,21.65
2024-10-17,2609.3,21.09
2024-10-18,2593.82,20.75
2024-10-21,2604.92,20.9
2024-10-22,2570.7,21.7
2024-10-23,2599.62,21.54
2024-10-24,2581.03,22.09
2024-10-25,2583.27,22.12
2024-10-28,2612.43,21.92
2024-10-29,2617.8,21.44
2024-10-30,2593.79,21.55
2024-10-31,2556.15,22.65
2024-11-01,2542.36,22.95
2024-11-04,2588.97,22.83
2024-11-05,2576.88,22.52
2024-11-06,2563.51,20.72
2024-11-07,2564.63,19.77
2024-11-08,2561.15,19.03
2024-11-11,2531.66,19.82
2024-11-12,2482.57,21.62
2024-11-13,2417.08,24.86
2024-11-14,2418.86,23.41
2024-11-15,2416.86,21.74
2024-11-18,2469.07,21.09
2024-11-19,2471.95,20.01
2024-11-20,2482.29,19.93
2024-11-21,2480.63,19.46
2024-11-22,2501.24,18.91
2024-11-25,2534.34,18.59
2024-11-26,2520.36,18.5
2024-11-27,2503.06,18.2
2024-11-28,2504.67,17.72
2024-11-29,2455.91,19.34
2024-12-02,2454.48,19.94
2024-12-03,2500.1,19.07
2024-12-04,2464.0,21.34
2024-12-05,2441.85,20.73
2024-12-06,2428.16,22.0
2024-12-09,2360.58,23.45
2024-12-10,2417.84,21.62
2024-12-11,2442.51,20.6
2024-12-12,2482.12,19.91
2024-12-13,2494.46,19.49
2024-12-16,2488.97,18.88
2024-12-17,2456.81,18.36
2024-12-18,2484.43,17.96
2024-12-19,2435.93,20.3
2024-12-20,2404.15,21.45
2024-12-23,2442.01,20.07
2024-12-24,2440.52,20.02
2024-12-26,2429.67,20.49
2024-12-27,2404.77,20.88
2024-12-30,2399.49,21.14
2025-01-02,2398.94,20.7
2025-01-03,2441.92,20.31
2025-01-06,2488.64,20.71
2025-01-07,2492.1,20.24
2025-01-08,2521.05,20.2
2025-01-09,2521.9,19.9
2025-01-10,2515.78,19.92
2025-01-13,2489.56,20.49
2025-01-14,2497.4,19.25
2025-01-15,2496.81,19.26
2025-01-16,2527.49,18.14
2025-01-17,2523.55,17.68
2025-01-20,2520.05,18.45
2025-01-21,2518.03,18.3
2025-01-22,2547.06,17.67
2025-01-23,2515.49,17.79
2025-01-24,2536.8,17.96
2025-01-31,2517.37,18.79
2025-02-03,2453.95,22.08
2025-02-04,2481.69,20.91
2025-02-05,2509.27,20.06
2025-02-06,2536.75,19.12
2025-02-07,2521.92,19.29
2025-02-10,2521.27,19.95
2025-02-11,2539.05,19.28
2025-02-12,2548.39,18.8
2025-02-13,2583.17,18.03
2025-02-14,2591.05,17.7
2025-02-17,2610.42,18.06
2025-02-18,2626.81,17.88
2025-02-19,2671.52,18.49
2025-02-20,2654.06,18.64
2025-02-21,2654.58,18.64
2025-02-24,2645.27,19.48
2025-02-25,2630.29,19.6
2025-02-26,2641.09,19.93
2025-02-27,2621.75,19.32
2025-02-28,2532.78,22.86
2025-03-04,2528.92,23.47
2025-03-05,2558.13,22.17
2025-03-06,2576.16,21.27
2025-03-07,2563.48,21.97
2025-03-10,2570.39,22.13
2025-03-11,2537.6,24.08
2025-03-12,2574.82,23.08
2025-03-13,2573.64,23.11
2025-03-14,2566.36,22.0
2025-03-17,2610.69,20.85
2025-03-18,2612.34,20.41
2025-03-19,2628.62,20.33
2025-03-20,2637.1,19.6
2025-03-21,2643.13,19.66
2025-03-24,2632.07,19.68
2025-03-25,2615.81,19.64
2025-03-26,2643.94,19.67
2025-03-27,2607.15,20.44
2025-03-28,2557.98,21.18
2025-03-31,2481.12,25.35
2025-04-01,2521.39,24.21
2025-04-02,2505.86,24.5
2025-04-03,2486.7,26.09
2025-04-04,2465.42,26.8
2025-04-07,2328.2,44.23
2025-04-08,2334.23,37.83
2025-04-09,2293.7,40.97
2025-04-10,2445.06,28.2
2025-04-11,2432.72,31.47
2025-04-14,2455.89,28.32
2025-04-15,2477.41,24.48
2025-04-16,2447.43,26.62
2025-04-17,2470.41,24.59
2025-04-18,2483.42,23.66
2025-04-21,2488.42,25.08
2025-04-22,2486.64,24.85
2025-04-23,2525.56,22.74
2025-04-24,2522.33,22.79
2025-04-25,2546.3,21.43
2025-04-28,2548.86,21.23
2025-04-29,2565.42,20.7
2025-04-30,2556.61,20.74
2025-05-02,2559.79,20.93
2025-05-07,2573.8,21.01
2025-05-08,2579.48,19.76
2025-05-09,2577.27,19.48
2025-05-12,2607.33,19.2
2025-05-13,2608.42,17.86
2025-05-14,2640.57,17.86
2025-05-15,2621.36,18.29
2025-05-16,2626.87,18.13
2025-05-19,2603.42,19.69
2025-05-20,2601.8,19.18
2025-05-21,2625.58,19.48
2025-05-22,2593.67,19.95
2025-05-23,2592.09,19.59
2025-05-26,2644.4,19.63
2025-05-27,2637.22,20.01
2025-05-28,2670.15,20.67
2025-05-29,2720.64,21.97
2025-05-30,2697.67,22.55
2025-06-02,2698.97,22.71
2025-06-04,2770.84,22.03
2025-06-05,2812.05,22.49
2025-06-09,2855.77,24.84
2025-06-10,2871.85,24.34
2025-06-11,2907.04,22.77
2025-06-12,2920.03,22.17
2025-06-13,2894.62,24.91
2025-06-16,2946.66,24.77
2025-06-17,2950.3,25.82
2025-06-18,2972.19,25.78
2025-06-19,2977.74,24.69
2025-06-20,3021.84,23.97
2025-06-23,3014.47,24.76
2025-06-24,3103.64,25.76
2025-06-25,3108.25,25.69
2025-06-26,3079.56,25.12
2025-06-27,3055.94,24.27
2025-06-30,3071.7,23.99
2025-07-01,3089.65,23.96
2025-07-02,3075.06,23.95
2025-07-03,3116.27,23.96
2025-07-04,3054.28,25.48
2025-07-07,3059.47,24.87
2025-07-08,3114.95,23.52
2025-07-09,3133.74,21.85
2025-07-10,3183.23,21.01
2025-07-11,3175.77,21.66
2025-07-14,3202.03,22.56
2025-07-15,3215.28,22.47
2025-07-16,3186.38,22.27
2025-07-17,3192.29,21.74
2025-07-18,3188.07,20.5
2025-07-21,3210.81,20.4
2025-07-22,3169.94,21.22
2025-07-23,3183.77,21.09
2025-07-24,3190.45,21.45
2025-07-25,3196.05,21.68
2025-07-28,3209.52,22.33
2025-07-29,3230.57,22.34
2025-07-30,3254.47,22.82
2025-07-31,3245.44,21.85
2025-08-01,3119.41,25.87
2025-08-04,3147.75,24.05
2025-08-05,3198.0,22.31
2025-08-06,3198.14,21.93
2025-08-07,3227.68,21.08
2025-08-08,3210.01,20.79
2025-08-11,3206.77,20.34
2025-08-12,3189.91,21.15
2025-08-13,3224.37,20.11
2025-08-14,3225.66,20.46
2025-08-18,3177.28,21.37
2025-08-19,3151.56,21.5
2025-08-20,3130.09,22.13
2025-08-21,3141.74,21.38
2025-08-22,3168.73,21.09
2025-08-25,3209.86,20.1
2025-08-26,3179.36,20.37
2025-08-27,3187.16,19.97
2025-08-28,3196.32,19.31
2025-08-29,3186.01,19.52
2025-09-01,3142.93,20.4
2025-09-02,3172.35,19.57
2025-09-03,3184.42,19.74
2025-09-04,3200.83,19.26
2025-09-05,3205.12,18.43
2025-09-08,3219.59,18.36
2025-09-09,3260.05,18.7
2025-09-10,3314.53,20.38
2025-09-11,3344.2,20.06
2025-09-12,3395.54,20.61
2025-09-15,3407.31,20.71
2025-09-16,3449.62,21.03
2025-09-17,3413.4,21.1
2025-09-18,3461.3,20.69
2025-09-19,3445.24,20.68
2025-09-22,3468.65,20.94
2025-09-23,3486.19,20.98
2025-09-24,3472.14,21.2
2025-09-25,3471.11,20.62
2025-09-26,3386.05,21.77
2025-09-29,3431.21,20.96
2025-09-30,3424.6,20.62
2025-10-01,3455.83,20.55
2025-10-02,3549.21,22.34
2025-10-10,3610.6,23.9
2025-10-13,3584.55,28.03
2025-10-14,3561.81,30.45
2025-10-15,3657.28,27.66
2025-10-16,3748.37,29.89
2025-10-17,3748.89,34.58
2025-10-20,3814.69,30.9
2025-10-21,3823.84,30.62
2025-10-22,3883.68,29.98
2025-10-23,3845.56,30.63
2025-10-24,3941.59,31.29
2025-10-27,4042.83,32.94
2025-10-28,4010.41,33.24
2025-10-29,4081.15,32.63
2025-10-30,4086.89,31.89
2025-10-31,4107.5,30.4
2025-11-03,4221.87,32.89
2025-11-04,4121.74,35.78
2025-11-05,4004.42,40.51
2025-11-06,4026.45,40.2
2025-11-07,3953.76,41.88
2025-11-10,4073.24,39.75
2025-11-11,4106.39,38.93
2025-11-12,4150.39,36.1
2025-11-13,4170.63,33.34
2025-11-14,4011.57,36.66
2025-11-17,4089.25,34.36
2025-11-18,3953.62,39.26
2025-11-19,3929.51,39.51
2025-11-20,4004.85,36.28
2025-11-21,3853.26,41.38
2025-11-24,3846.06,38.72
2025-11-25,3857.78,37.16
2025-11-26,3960.87,33.06
2025-11-27,3986.91,30.79
2025-11-28,3926.59,30.24
2025-12-01,3920.37,31.55
2025-12-02,3994.93,29.73
2025-12-03,4036.3,29.36
2025-12-04,4028.51,28.4
2025-12-05,4100.05,26.95
2025-12-08,4154.85,27.33
2025-12-09,4143.55,27.87
2025-12-10,4135.0,27.64
2025-12-11,4110.62,27.4
2025-12-12,4167.16,25.05
2025-12-15,4090.59,26.92
2025-12-16,3999.13,28.37
2025-12-17,4056.41,26.78
2025-12-18,3994.51,27.86
2025-12-19,4020.55,27.27
2025-12-22,4105.93,27.19
2025-12-23,4117.32,26.11
2025-12-24,4108.62,25.99
2025-12-26,4129.68,26.2
2025-12-29,4220.56,27.48
2025-12-30,4214.17,28.85
2026-01-02,4309.63,30.6
2026-01-05,4457.52,33.03
2026-01-06,4525.48,34.33
2026-01-07,4551.06,35.57
2026-01-08,4552.37,35.21
2026-01-09,4586.32,34.16
2026-01-12,4624.79,33.5
2026-01-13,4692.64,32.52
2026-01-14,4723.1,31.57
2026-01-15,4797.55,32.39
2026-01-16,4840.74,31.62
2026-01-19,4904.66,32.99
2026-01-20,4885.75,34.56
2026-01-21,4909.93,35.58
2026-01-22,4952.53,36.36
2026-01-23,4990.07,34.09
2026-01-26,4949.59,34.35
2026-01-27,5084.85,34.81
2026-01-28,5170.81,38.68
2026-01-29,5221.25,38.92
2026-01-30,5224.36,39.58
2026-02-02,4949.67,47.37
2026-02-03,5288.08,50.14
2026-02-04,5371.1,50.7
2026-02-05,5163.57,52.21
2026-02-06,5089.14,51.48
2026-02-09,5298.04,47.16
2026-02-10,5301.69,42.0
2026-02-11,5354.49,38.88
2026-02-12,5522.27,40.51
2026-02-13,5507.01,41.57
2026-02-19,5677.25,42.56
2026-02-20,5808.53,43.87
2026-02-23,5846.09,46.34
2026-02-24,5969.64,48.12
2026-02-25,6083.86,49.57
2026-02-26,6307.27,54.67
2026-02-27,6244.13,54.12
2026-03-03,5791.91,62.98
2026-03-04,5093.54,80.37
2026-03-05,5583.9,73.71
2026-03-06,5584.87,62.72
2026-03-09,5251.87,71.82
2026-03-10,5532.59,66.61
2026-03-11,5609.95,63.19
2026-03-12,5583.25,65.35
2026-03-13,5487.24,60.76
2026-03-16,5549.85,54.67
2026-03-17,5640.48,52.6
2026-03-18,5925.03,54.18
2026-03-19,5763.22,55.47
2026-03-20,5781.2,55.64
2026-03-23,5405.75,62.8
2026-03-24,5553.92,64.99
2026-03-25,5642.21,61.5
2026-03-26,5460.46,59.85
2026-03-27,5438.87,60.6
2026-03-30,5277.3,61.43
2026-03-31,5052.46,61.48
2026-04-01,5478.7,61.65
2026-04-02,5234.05,58.91
2026-04-03,5377.3,59.1
2026-04-06,5450.33,59.64
2026-04-07,5494.78,59.49
2026-04-08,5872.34,57.7
2026-04-09,5778.01,53.96
2026-04-10,5858.87,49.58
2026-04-13,5808.62,50.14
2026-04-14,5967.75,49.87
2026-04-15,6091.39,51.97
2026-04-16,6226.05,50.47
2026-04-17,6191.92,48.51
2026-04-20,6219.09,50.32
2026-04-21,6388.47,51.63
