date,SMP_MEAN,smp_window_mean,smp_window_days
2015-01-12,142.75,142.75,1
2015-01-13,142.13,142.13,1
2015-01-14,142.98,142.98,1
2015-01-15,142.68,142.68,1
2015-01-16,143.16,143.16,1
2015-01-19,141.89,138.07,3
2015-01-20,142.05,142.05,1
2015-01-21,142.08,142.08,1
2015-01-22,141.58,141.58,1
2015-01-23,141.56,141.56,1
2015-01-26,141.33,137.09333333333333,3
2015-01-27,142.76,142.76,1
2015-01-28,141.6,141.6,1
2015-01-29,142.06,142.06,1
2015-01-30,141.99,141.99,1
2015-02-02,127.89,129.71333333333334,3
2015-02-03,128.17,128.17,1
2015-02-04,128.87,128.87,1
2015-02-05,128.68,128.68,1
2015-02-06,128.53,128.53,1
2015-02-09,129.3,126.79333333333334,3
2015-02-10,127.81,127.81,1
2015-02-11,128.99,128.99,1
2015-02-12,129.23,129.23,1
2015-02-13,128.67,128.67,1
2015-02-16,126.6,124.65666666666665,3
2015-02-17,125.15,125.15,1
2015-02-23,127.85,90.06,6
2015-02-24,128.22,128.22,1
2015-02-25,128.0,128.0,1
2015-02-26,127.82,127.82,1
2015-02-27,127.01,127.01,1
2015-03-02,118.8,118.65666666666668,3
2015-03-03,118.72,118.72,1
2015-03-04,121.06,121.06,1
2015-03-05,120.27,120.27,1
2015-03-06,121.03,121.03,1
2015-03-09,120.98,118.98,3
2015-03-10,122.03,122.03,1
2015-03-11,120.52,120.52,1
2015-03-12,121.11,121.11,1
2015-03-13,121.59,121.59,1
2015-03-16,119.99,118.61333333333333,3
2015-03-17,119.05,119.05,1
2015-03-18,119.54,119.54,1
2015-03-19,118.23,118.23,1
2015-03-20,118.52,118.52,1
2015-03-23,118.21,115.26666666666667,3
2015-03-24,117.95,117.95,1
2015-03-25,117.21,117.21,1
2015-03-26,116.98,116.98,1
2015-03-27,117.56,117.56,1
2015-03-30,116.52,114.80666666666667,3
2015-03-31,116.19,116.19,1
2015-04-01,103.76,103.76,1
2015-04-02,104.27,104.27,1
2015-04-03,104.49,104.49,1
2015-04-06,104.78,102.85000000000001,3
2015-04-07,105.12,105.12,1
2015-04-08,105.29,105.29,1
2015-04-09,106.04,106.04,1
2015-04-10,105.74,105.74,1
2015-04-13,105.14,104.23666666666668,3
2015-04-14,104.57,104.57,1
2015-04-15,103.67,103.67,1
2015-04-16,103.28,103.28,1
2015-04-17,103.06,103.06,1
2015-04-20,103.49,101.88999999999999,3
2015-04-21,103.94,103.94,1
2015-04-22,103.69,103.69,1
2015-04-23,103.43,103.43,1
2015-04-24,103.42,103.42,1
2015-04-27,101.72,100.11666666666667,3
2015-04-28,102.88,102.88,1
2015-04-29,102.99,102.99,1
2015-04-30,103.63,103.63,1
2015-05-04,96.14,93.7675,4
2015-05-06,96.94,95.215,2
2015-05-07,97.28,97.28,1
2015-05-08,96.94,96.94,1
2015-05-11,96.73,95.05666666666667,3
2015-05-12,96.5,96.5,1
2015-05-13,97.89,97.89,1
2015-05-14,99.29,99.29,1
2015-05-15,96.98,96.98,1
2015-05-18,97.73,96.36333333333334,3
2015-05-19,97.37,97.37,1
2015-05-20,97.58,97.58,1
2015-05-21,97.18,97.18,1
2015-05-22,97.8,97.8,1
2015-05-26,94.35,95.175,4
2015-05-27,99.25,99.25,1
2015-05-28,99.12,99.12,1
2015-05-29,99.81,99.81,1
2015-06-01,84.93,90.88333333333333,3
2015-06-02,86.76,86.76,1
2015-06-03,86.85,86.85,1
2015-06-04,86.63,86.63,1
2015-06-05,86.97,86.97,1
2015-06-08,81.25,82.71333333333332,3
2015-06-09,86.46,86.46,1
2015-06-10,86.33,86.33,1
2015-06-11,86.19,86.19,1
2015-06-12,86.39,86.39,1
2015-06-15,79.02,79.88,3
2015-06-16,86.4,86.4,1
2015-06-17,86.31,86.31,1
2015-06-18,86.58,86.58,1
2015-06-19,86.66,86.66,1
2015-06-22,80.26,83.09666666666668,3
2015-06-23,86.07,86.07,1
2015-06-24,86.36,86.36,1
2015-06-25,86.14,86.14,1
2015-06-26,85.38,85.38,1
2015-06-29,76.95,76.69,3
2015-06-30,84.85,84.85,1
2015-07-01,85.0,85.0,1
2015-07-02,84.94,84.94,1
2015-07-03,82.29,82.29,1
2015-07-06,74.74,74.83666666666666,3
2015-07-07,83.2,83.2,1
2015-07-08,83.75,83.75,1
2015-07-09,82.19,82.19,1
2015-07-10,84.14,84.14,1
2015-07-13,75.11,73.35666666666667,3
2015-07-14,85.55,85.55,1
2015-07-15,84.64,84.64,1
2015-07-16,82.79,82.79,1
2015-07-17,84.55,84.55,1
2015-07-20,76.24,77.12666666666667,3
2015-07-21,83.63,83.63,1
2015-07-22,85.61,85.61,1
2015-07-23,86.03,86.03,1
2015-07-24,86.13,86.13,1
2015-07-27,79.2,77.09666666666666,3
2015-07-28,86.23,86.23,1
2015-07-29,86.11,86.11,1
2015-07-30,86.57,86.57,1
2015-07-31,86.74,86.74,1
2015-08-03,77.95,80.73666666666666,3
2015-08-04,79.48,79.48,1
2015-08-05,83.19,83.19,1
2015-08-06,86.94,86.94,1
2015-08-07,90.48,90.48,1
2015-08-10,84.23,84.59666666666668,3
2015-08-11,90.91,90.91,1
2015-08-12,90.86,90.86,1
2015-08-13,91.0,91.0,1
2015-08-17,91.11,89.985,4
2015-08-18,91.42,91.42,1
2015-08-19,91.0,91.0,1
2015-08-20,91.35,91.35,1
2015-08-21,91.25,91.25,1
2015-08-24,89.49,90.36666666666667,3
2015-08-25,90.11,90.11,1
2015-08-26,89.91,89.91,1
2015-08-27,90.19,90.19,1
2015-08-28,89.63,89.63,1
2015-08-31,84.7,87.88,3
2015-09-01,95.36,95.36,1
2015-09-02,95.57,95.57,1
2015-09-03,95.84,95.84,1
2015-09-04,95.74,95.74,1
2015-09-07,96.56,96.32666666666667,3
2015-09-08,95.72,95.72,1
2015-09-09,95.84,95.84,1
2015-09-10,96.18,96.18,1
2015-09-11,96.18,96.18,1
2015-09-14,95.57,96.60666666666667,3
2015-09-15,95.73,95.73,1
2015-09-16,95.16,95.16,1
2015-09-17,94.99,94.99,1
2015-09-18,95.02,95.02,1
2015-09-21,88.61,92.03000000000002,3
2015-09-22,95.05,95.05,1
2015-09-23,94.91,94.91,1
2015-09-24,95.32,95.32,1
2015-09-25,93.14,93.14,1
2015-09-30,85.73,59.862,5
2015-10-01,98.52,98.52,1
2015-10-02,99.67,99.67,1
2015-10-05,92.49,95.30333333333333,3
2015-10-06,99.32,99.32,1
2015-10-07,98.22,98.22,1
2015-10-08,98.55,98.55,1
2015-10-12,99.39,98.0,4
2015-10-13,101.81,101.81,1
2015-10-14,99.57,99.57,1
2015-10-15,101.14,101.14,1
2015-10-16,101.39,101.39,1
2015-10-19,100.18,98.55333333333334,3
2015-10-20,99.07,99.07,1
2015-10-21,99.02,99.02,1
2015-10-22,101.43,101.43,1
2015-10-23,98.65,98.65,1
2015-10-26,98.16,96.52333333333333,3
2015-10-27,98.12,98.12,1
2015-10-28,97.13,97.13,1
2015-10-29,96.53,96.53,1
2015-10-30,97.71,97.71,1
2015-11-02,89.88,90.35000000000001,3
2015-11-03,94.71,94.71,1
2015-11-04,94.75,94.75,1
2015-11-05,95.02,95.02,1
2015-11-06,95.48,95.48,1
2015-11-09,93.89,94.62,3
2015-11-10,98.1,98.1,1
2015-11-11,96.67,96.67,1
2015-11-12,97.29,97.29,1
2015-11-13,101.18,101.18,1
2015-11-16,91.36,91.60333333333334,3
2015-11-17,95.54,95.54,1
2015-11-18,95.97,95.97,1
2015-11-19,95.77,95.77,1
2015-11-20,95.89,95.89,1
2015-11-23,91.18,92.16000000000001,3
2015-11-24,102.23,102.23,1
2015-11-25,98.06,98.06,1
2015-11-26,95.39,95.39,1
2015-11-27,96.48,96.48,1
2015-11-30,91.33,94.43666666666667,3
2015-12-01,97.72,97.72,1
2015-12-02,96.4,96.4,1
2015-12-03,95.87,95.87,1
2015-12-04,97.37,97.37,1
2015-12-07,97.57,96.48,3
2015-12-08,96.58,96.58,1
2015-12-09,96.85,96.85,1
2015-12-10,96.78,96.78,1
2015-12-11,96.01,96.01,1
2015-12-14,95.91,94.25999999999999,3
2015-12-15,95.83,95.83,1
2015-12-16,100.17,100.17,1
2015-12-17,97.5,97.5,1
2015-12-18,95.75,95.75,1
2015-12-21,95.8,94.04666666666667,3
2015-12-22,95.82,95.82,1
2015-12-23,95.84,95.84,1
2015-12-24,95.09,95.09,1
2015-12-28,93.18,90.6925,4
2015-12-29,95.97,95.97,1
2015-12-30,97.75,97.75,1
2016-01-04,89.15,81.26599999999999,5
2016-01-05,90.04,90.04,1
2016-01-06,90.46,90.46,1
2016-01-07,91.53,91.53,1
2016-01-08,90.42,90.42,1
2016-01-11,90.1,88.26333333333332,3
2016-01-12,97.34,97.34,1
2016-01-13,90.28,90.28,1
2016-01-14,93.51,93.51,1
2016-01-15,92.65,92.65,1
2016-01-18,93.06,90.21,3
2016-01-19,92.08,92.08,1
2016-01-20,92.63,92.63,1
2016-01-21,97.01,97.01,1
2016-01-22,92.28,92.28,1
2016-01-25,97.73,93.09333333333332,3
2016-01-26,92.46,92.46,1
2016-01-27,97.42,97.42,1
2016-01-28,93.16,93.16,1
2016-01-29,98.06,98.06,1
2016-02-01,92.09,89.97000000000001,3
2016-02-02,91.79,91.79,1
2016-02-03,91.09,91.09,1
2016-02-04,92.14,92.14,1
2016-02-05,89.68,89.68,1
2016-02-11,86.15,73.13833333333334,6
2016-02-12,90.81,90.81,1
2016-02-15,91.64,90.21666666666665,3
2016-02-16,91.74,91.74,1
2016-02-17,90.63,90.63,1
2016-02-18,91.28,91.28,1
2016-02-19,89.24,89.24,1
2016-02-22,90.62,88.82666666666667,3
2016-02-23,89.8,89.8,1
2016-02-24,91.49,91.49,1
2016-02-25,89.92,89.92,1
2016-02-26,91.01,91.01,1
2016-02-29,90.87,89.04333333333334,3
2016-03-02,89.58,88.175,2
2016-03-03,88.85,88.85,1
2016-03-04,89.19,89.19,1
2016-03-07,89.16,88.21,3
2016-03-08,89.39,89.39,1
2016-03-09,88.7,88.7,1
2016-03-10,89.02,89.02,1
2016-03-11,89.6,89.6,1
2016-03-14,87.6,87.53333333333335,3
2016-03-15,87.53,87.53,1
2016-03-16,87.39,87.39,1
2016-03-17,87.57,87.57,1
2016-03-18,87.11,87.11,1
2016-03-21,88.85,85.69,3
2016-03-22,87.29,87.29,1
2016-03-23,86.98,86.98,1
2016-03-24,87.08,87.08,1
2016-03-25,86.93,86.93,1
2016-03-28,84.12,83.84333333333333,3
2016-03-29,86.59,86.59,1
2016-03-30,86.52,86.52,1
2016-03-31,86.57,86.57,1
2016-04-01,75.76,75.76,1
2016-04-04,80.07,77.60666666666667,3
2016-04-05,75.46,75.46,1
2016-04-06,78.28,78.28,1
2016-04-07,80.26,80.26,1
2016-04-08,76.72,76.72,1
2016-04-11,76.12,75.55,3
2016-04-12,78.95,78.95,1
2016-04-14,74.99,75.53999999999999,2
2016-04-15,74.91,74.91,1
2016-04-18,73.66,74.61,3
2016-04-19,75.56,75.56,1
2016-04-20,75.55,75.55,1
2016-04-21,75.45,75.45,1
2016-04-22,77.43,77.43,1
2016-04-25,71.62,67.92666666666666,3
2016-04-26,76.38,76.38,1
2016-04-27,75.51,75.51,1
2016-04-28,75.18,75.18,1
2016-04-29,74.94,74.94,1
2016-05-02,64.64,64.96666666666667,3
2016-05-03,69.25,69.25,1
2016-05-04,69.32,69.32,1
2016-05-09,66.41,66.048,5
2016-05-10,69.56,69.56,1
2016-05-11,69.97,69.97,1
2016-05-12,69.19,69.19,1
2016-05-13,69.56,69.56,1
2016-05-16,68.07,68.48,3
2016-05-17,70.62,70.62,1
2016-05-18,70.91,70.91,1
2016-05-19,71.2,71.2,1
2016-05-20,71.3,71.3,1
2016-05-23,68.96,68.61666666666666,3
2016-05-24,70.36,70.36,1
2016-05-25,70.84,70.84,1
2016-05-26,70.57,70.57,1
2016-05-27,71.09,71.09,1
2016-05-30,69.08,69.10333333333334,3
2016-05-31,71.1,71.1,1
2016-06-01,65.21,65.21,1
2016-06-02,65.1,65.1,1
2016-06-03,64.82,64.82,1
2016-06-07,63.11,63.785,4
2016-06-08,65.18,65.18,1
2016-06-09,65.18,65.18,1
2016-06-10,65.71,65.71,1
2016-06-13,63.37,63.85333333333333,3
2016-06-14,65.51,65.51,1
2016-06-15,65.45,65.45,1
2016-06-16,65.7,65.7,1
2016-06-17,65.25,65.25,1
2016-06-20,63.31,64.51,3
2016-06-21,66.07,66.07,1
2016-06-22,66.58,66.58,1
2016-06-23,66.72,66.72,1
2016-06-24,66.37,66.37,1
2016-06-27,65.56,65.67,3
2016-06-28,65.67,65.67,1
2016-06-29,65.67,65.67,1
2016-06-30,65.78,65.78,1
2016-07-01,67.8,67.8,1
2016-07-04,64.32,65.43333333333334,3
2016-07-05,67.18,67.18,1
2016-07-06,66.79,66.79,1
2016-07-07,67.66,67.66,1
2016-07-08,68.01,68.01,1
2016-07-11,63.01,64.89,3
2016-07-12,67.33,67.33,1
2016-07-13,67.93,67.93,1
2016-07-14,67.89,67.89,1
2016-07-15,67.88,67.88,1
2016-07-18,63.65,64.72333333333333,3
2016-07-19,67.97,67.97,1
2016-07-20,66.75,66.75,1
2016-07-21,66.99,66.99,1
2016-07-22,67.63,67.63,1
2016-07-25,63.84,64.96333333333332,3
2016-07-26,68.28,68.28,1
2016-07-27,68.31,68.31,1
2016-07-28,68.92,68.92,1
2016-07-29,68.93,68.93,1
2016-08-01,67.49,67.95,3
2016-08-02,68.38,68.38,1
2016-08-03,69.11,69.11,1
2016-08-04,69.82,69.82,1
2016-08-05,70.97,70.97,1
2016-08-08,68.72,71.08666666666666,3
2016-08-09,71.31,71.31,1
2016-08-10,74.58,74.58,1
2016-08-11,74.03,74.03,1
2016-08-12,75.49,75.49,1
2016-08-16,74.14,71.7025,4
2016-08-17,74.55,74.55,1
2016-08-18,73.54,73.54,1
2016-08-19,73.35,73.35,1
2016-08-22,73.62,71.53333333333335,3
2016-08-23,72.28,72.28,1
2016-08-24,72.92,72.92,1
2016-08-25,71.36,71.36,1
2016-08-26,70.77,70.77,1
2016-08-29,70.53,69.76,3
2016-08-30,68.7,68.7,1
2016-08-31,68.48,68.48,1
2016-09-01,71.33,71.33,1
2016-09-02,71.16,71.16,1
2016-09-05,73.4,73.61,3
2016-09-06,73.19,73.19,1
2016-09-07,73.54,73.54,1
2016-09-08,73.28,73.28,1
2016-09-09,73.52,73.52,1
2016-09-12,72.17,71.98,3
2016-09-13,71.56,71.56,1
2016-09-19,73.93,63.29333333333333,6
2016-09-20,72.41,72.41,1
2016-09-21,71.69,71.69,1
2016-09-22,72.42,72.42,1
2016-09-23,71.95,71.95,1
2016-09-26,73.08,73.43333333333334,3
2016-09-27,73.75,73.75,1
2016-09-28,73.18,73.18,1
2016-09-29,73.2,73.2,1
2016-09-30,72.53,72.53,1
2016-10-04,74.19,73.6425,4
2016-10-05,73.97,73.97,1
2016-10-06,74.14,74.14,1
2016-10-07,74.24,74.24,1
2016-10-10,73.72,73.37333333333333,3
2016-10-11,73.83,73.83,1
2016-10-12,73.83,73.83,1
2016-10-13,73.65,73.65,1
2016-10-14,72.94,72.94,1
2016-10-17,73.54,73.22,3
2016-10-18,73.16,73.16,1
2016-10-19,73.01,73.01,1
2016-10-20,73.15,73.15,1
2016-10-21,73.64,73.64,1
2016-10-24,73.4,73.10000000000001,3
2016-10-25,72.91,72.91,1
2016-10-26,72.31,72.31,1
2016-10-27,72.59,72.59,1
2016-10-28,72.72,72.72,1
2016-10-31,72.35,72.32666666666667,3
2016-11-01,74.13,74.13,1
2016-11-02,74.48,74.48,1
2016-11-03,73.78,73.78,1
2016-11-04,74.84,74.84,1
2016-11-07,74.48,73.64333333333333,3
2016-11-08,75.04,75.04,1
2016-11-09,75.54,75.54,1
2016-11-10,75.76,75.76,1
2016-11-11,75.87,75.87,1
2016-11-14,75.17,74.03333333333333,3
2016-11-15,75.35,75.35,1
2016-11-16,74.63,74.63,1
2016-11-17,74.44,74.44,1
2016-11-18,74.5,74.5,1
2016-11-21,74.1,73.04,3
2016-11-22,75.51,75.51,1
2016-11-23,74.87,74.87,1
2016-11-24,75.67,75.67,1
2016-11-25,75.65,75.65,1
2016-11-28,76.03,75.51666666666667,3
2016-11-29,77.06,77.06,1
2016-11-30,77.03,77.03,1
2016-12-01,88.23,88.23,1
2016-12-02,87.81,87.81,1
2016-12-05,88.18,86.49000000000001,3
2016-12-06,87.83,87.83,1
2016-12-07,87.7,87.7,1
2016-12-08,87.29,87.29,1
2016-12-09,87.07,87.07,1
2016-12-12,87.41,86.39333333333333,3
2016-12-13,87.28,87.28,1
2016-12-14,87.92,87.92,1
2016-12-15,88.36,88.36,1
2016-12-16,87.99,87.99,1
2016-12-19,87.06,86.06,3
2016-12-20,88.16,88.16,1
2016-12-21,86.8,86.8,1
2016-12-22,87.01,87.01,1
2016-12-23,86.94,86.94,1
2016-12-26,85.24,83.92,3
2016-12-27,87.03,87.03,1
2016-12-28,87.39,87.39,1
2016-12-29,87.24,87.24,1
2017-01-02,87.67,83.6975,4
2017-01-03,87.82,87.82,1
2017-01-04,87.67,87.67,1
2017-01-05,87.32,87.32,1
2017-01-06,87.5,87.5,1
2017-01-09,87.4,85.59666666666668,3
2017-01-10,87.91,87.91,1
2017-01-11,87.89,87.89,1
2017-01-12,88.1,88.1,1
2017-01-13,88.52,88.52,1
2017-01-16,88.43,86.32000000000001,3
2017-01-17,88.44,88.44,1
2017-01-18,88.65,88.65,1
2017-01-19,89.62,89.62,1
2017-01-20,89.67,89.67,1
2017-01-23,89.78,87.66666666666667,3
2017-01-24,89.18,89.18,1
2017-01-25,88.71,88.71,1
2017-01-26,87.75,87.75,1
2017-01-31,87.79,77.03999999999999,5
2017-02-01,92.59,92.59,1
2017-02-02,91.89,91.89,1
2017-02-03,91.76,91.76,1
2017-02-06,92.0,89.83999999999999,3
2017-02-07,91.32,91.32,1
2017-02-08,91.03,91.03,1
2017-02-09,91.77,91.77,1
2017-02-10,91.85,91.85,1
2017-02-13,91.57,89.62666666666667,3
2017-02-14,91.27,91.27,1
2017-02-15,91.26,91.26,1
2017-02-16,90.94,90.94,1
2017-02-17,91.39,91.39,1
2017-02-20,91.91,90.03666666666668,3
2017-02-21,91.24,91.24,1
2017-02-22,91.11,91.11,1
2017-02-23,91.13,91.13,1
2017-02-24,91.33,91.33,1
2017-02-27,91.1,89.10333333333334,3
2017-02-28,90.94,90.94,1
2017-03-02,92.64,92.305,2
2017-03-03,92.49,92.49,1
2017-03-06,91.71,90.40333333333332,3
2017-03-07,92.79,92.79,1
2017-03-08,92.55,92.55,1
2017-03-09,92.54,92.54,1
2017-03-10,92.87,92.87,1
2017-03-13,93.32,91.42,3
2017-03-14,93.35,93.35,1
2017-03-15,92.61,92.61,1
2017-03-16,92.46,92.46,1
2017-03-17,92.4,92.4,1
2017-03-20,91.41,89.82,3
2017-03-21,91.98,91.98,1
2017-03-22,92.55,92.55,1
2017-03-23,91.97,91.97,1
2017-03-24,91.91,91.91,1
2017-03-27,90.76,89.28000000000002,3
2017-03-28,92.24,92.24,1
2017-03-29,92.5,92.5,1
2017-03-30,92.49,92.49,1
2017-03-31,92.03,92.03,1
2017-04-03,77.4,75.39,3
2017-04-04,76.65,76.65,1
2017-04-05,77.05,77.05,1
2017-04-06,76.32,76.32,1
2017-04-07,75.92,75.92,1
2017-04-10,73.95,72.10333333333334,3
2017-04-11,75.96,75.96,1
2017-04-12,75.82,75.82,1
2017-04-13,76.28,76.28,1
2017-04-14,76.33,76.33,1
2017-04-17,75.8,73.06,3
2017-04-18,76.86,76.86,1
2017-04-19,76.79,76.79,1
2017-04-20,76.48,76.48,1
2017-04-21,76.23,76.23,1
2017-04-24,76.21,72.39666666666666,3
2017-04-25,75.68,75.68,1
2017-04-26,76.08,76.08,1
2017-04-27,76.92,76.92,1
2017-04-28,76.41,76.41,1
2017-05-02,80.14,72.84,4
2017-05-04,82.84,79.6,2
2017-05-08,79.92,73.3975,4
2017-05-10,79.42,80.315,2
2017-05-11,83.23,83.23,1
2017-05-12,83.23,83.23,1
2017-05-15,79.13,74.65666666666667,3
2017-05-16,82.93,82.93,1
2017-05-17,82.72,82.72,1
2017-05-18,82.67,82.67,1
2017-05-19,83.24,83.24,1
2017-05-22,78.03,75.59333333333333,3
2017-05-23,81.64,81.64,1
2017-05-24,81.84,81.84,1
2017-05-25,81.35,81.35,1
2017-05-26,81.64,81.64,1
2017-05-29,78.29,73.79666666666667,3
2017-05-30,83.22,83.22,1
2017-05-31,83.96,83.96,1
2017-06-01,85.73,85.73,1
2017-06-02,84.44,84.44,1
2017-06-05,81.29,81.08666666666666,3
2017-06-07,80.47,81.525,2
2017-06-08,84.11,84.11,1
2017-06-09,84.29,84.29,1
2017-06-12,79.64,78.14,3
2017-06-13,82.91,82.91,1
2017-06-14,82.62,82.62,1
2017-06-15,83.82,83.82,1
2017-06-16,83.5,83.5,1
2017-06-19,83.25,81.93666666666667,3
2017-06-20,84.84,84.84,1
2017-06-21,84.47,84.47,1
2017-06-22,84.39,84.39,1
2017-06-23,84.25,84.25,1
2017-06-26,77.89,77.18666666666667,3
2017-06-27,84.78,84.78,1
2017-06-28,84.19,84.19,1
2017-06-29,84.11,84.11,1
2017-06-30,84.17,84.17,1
2017-07-03,74.04,72.99,3
2017-07-04,76.19,76.19,1
2017-07-05,77.4,77.4,1
2017-07-06,76.99,76.99,1
2017-07-07,75.48,75.48,1
2017-07-10,75.29,72.77333333333333,3
2017-07-11,77.98,77.98,1
2017-07-12,78.27,78.27,1
2017-07-13,78.62,78.62,1
2017-07-14,79.15,79.15,1
2017-07-17,76.45,75.3,3
2017-07-18,78.95,78.95,1
2017-07-19,79.17,79.17,1
2017-07-20,79.49,79.49,1
2017-07-21,80.09,80.09,1
2017-07-24,77.23,75.89999999999999,3
2017-07-25,80.74,80.74,1
2017-07-26,79.45,79.45,1
2017-07-27,78.97,78.97,1
2017-07-28,78.83,78.83,1
2017-07-31,71.15,70.27666666666666,3
2017-08-01,73.62,73.62,1
2017-08-02,74.04,74.04,1
2017-08-03,75.65,75.65,1
2017-08-04,77.25,77.25,1
2017-08-07,76.62,74.17666666666666,3
2017-08-08,79.41,79.41,1
2017-08-09,79.84,79.84,1
2017-08-10,79.45,79.45,1
2017-08-11,79.2,79.2,1
2017-08-14,75.87,74.21666666666667,3
2017-08-16,76.13,75.555,2
2017-08-17,77.68,77.68,1
2017-08-18,77.65,77.65,1
2017-08-21,75.15,73.32333333333334,3
2017-08-22,76.89,76.89,1
2017-08-23,77.31,77.31,1
2017-08-24,77.25,77.25,1
2017-08-25,79.49,79.49,1
2017-08-28,75.48,73.03,3
2017-08-29,77.95,77.95,1
2017-08-30,76.11,76.11,1
2017-08-31,74.37,74.37,1
2017-09-01,74.14,74.14,1
2017-09-04,73.69,68.47,3
2017-09-05,75.34,75.34,1
2017-09-06,76.19,76.19,1
2017-09-07,74.49,74.49,1
2017-09-08,75.48,75.48,1
2017-09-11,73.84,68.3,3
2017-09-12,74.95,74.95,1
2017-09-13,74.89,74.89,1
2017-09-14,73.91,73.91,1
2017-09-15,74.72,74.72,1
2017-09-18,74.47,70.27666666666666,3
2017-09-19,75.18,75.18,1
2017-09-20,76.22,76.22,1
2017-09-21,75.55,75.55,1
2017-09-22,77.46,77.46,1
2017-09-25,74.39,70.69333333333333,3
2017-09-26,76.61,76.61,1
2017-09-27,75.82,75.82,1
2017-09-28,75.45,75.45,1
2017-09-29,73.2,73.2,1
2017-10-10,73.76,58.379999999999995,11
2017-10-11,75.02,75.02,1
2017-10-12,77.82,77.82,1
2017-10-13,78.68,78.68,1
2017-10-16,73.46,71.30666666666666,3
2017-10-17,80.02,80.02,1
2017-10-18,80.95,80.95,1
2017-10-19,82.08,82.08,1
2017-10-20,81.45,81.45,1
2017-10-23,78.3,75.85666666666667,3
2017-10-24,79.97,79.97,1
2017-10-25,79.47,79.47,1
2017-10-26,79.64,79.64,1
2017-10-27,81.61,81.61,1
2017-10-30,79.69,77.35666666666667,3
2017-10-31,81.33,81.33,1
2017-11-01,82.01,82.01,1
2017-11-02,81.96,81.96,1
2017-11-03,82.35,82.35,1
2017-11-06,79.76,77.46,3
2017-11-07,82.08,82.08,1
2017-11-08,81.79,81.79,1
2017-11-09,82.15,82.15,1
2017-11-10,82.02,82.02,1
2017-11-13,78.18,75.36333333333333,3
2017-11-14,82.15,82.15,1
2017-11-15,82.69,82.69,1
2017-11-16,82.45,82.45,1
2017-11-17,82.01,82.01,1
2017-11-20,80.94,79.36333333333333,3
2017-11-21,82.38,82.38,1
2017-11-22,83.07,83.07,1
2017-11-23,83.49,83.49,1
2017-11-24,83.22,83.22,1
2017-11-27,82.69,81.86333333333333,3
2017-11-28,83.04,83.04,1
2017-11-29,83.44,83.44,1
2017-11-30,83.54,83.54,1
2017-12-01,90.81,90.81,1
2017-12-04,89.91,88.59666666666665,3
2017-12-05,91.03,91.03,1
2017-12-06,92.18,92.18,1
2017-12-07,91.11,91.11,1
2017-12-08,91.37,91.37,1
2017-12-11,91.25,89.29,3
2017-12-12,90.92,90.92,1
2017-12-13,91.57,91.57,1
2017-12-14,90.89,90.89,1
2017-12-15,92.12,92.12,1
2017-12-18,91.49,89.99000000000001,3
2017-12-19,92.51,92.51,1
2017-12-20,91.16,91.16,1
2017-12-21,91.49,91.49,1
2017-12-22,92.29,92.29,1
2017-12-26,91.7,89.375,4
2017-12-27,91.19,91.19,1
2017-12-28,90.71,90.71,1
2018-01-02,92.57,88.848,5
2018-01-03,92.34,92.34,1
2018-01-04,92.14,92.14,1
2018-01-05,92.42,92.42,1
2018-01-08,92.71,90.75666666666666,3
2018-01-09,92.61,92.61,1
2018-01-10,92.9,92.9,1
2018-01-11,93.89,93.89,1
2018-01-12,93.15,93.15,1
2018-01-15,92.17,90.85333333333334,3
2018-01-16,92.88,92.88,1
2018-01-17,91.88,91.88,1
2018-01-18,91.72,91.72,1
2018-01-19,91.71,91.71,1
2018-01-22,91.19,89.56666666666666,3
2018-01-23,92.63,92.63,1
2018-01-24,92.47,92.47,1
2018-01-25,93.36,93.36,1
2018-01-26,94.01,94.01,1
2018-01-29,92.79,91.07000000000001,3
2018-01-30,93.85,93.85,1
2018-01-31,93.37,93.37,1
2018-02-01,93.21,93.21,1
2018-02-02,92.96,92.96,1
2018-02-05,92.55,91.33999999999999,3
2018-02-06,93.41,93.41,1
2018-02-07,92.98,92.98,1
2018-02-08,93.12,93.12,1
2018-02-09,93.69,93.69,1
2018-02-12,93.63,92.26333333333334,3
2018-02-13,93.1,93.1,1
2018-02-14,91.05,91.05,1
2018-02-19,91.47,78.282,5
2018-02-20,93.02,93.02,1
2018-02-21,93.34,93.34,1
2018-02-22,92.33,92.33,1
2018-02-23,92.29,92.29,1
2018-02-26,91.68,90.16000000000001,3
2018-02-27,91.65,91.65,1
2018-02-28,91.46,91.46,1
2018-03-02,102.33,100.555,2
2018-03-05,102.67,100.66333333333334,3
2018-03-06,102.72,102.72,1
2018-03-07,102.92,102.92,1
2018-03-08,102.72,102.72,1
2018-03-09,102.83,102.83,1
2018-03-12,102.71,101.25,3
2018-03-13,102.28,102.28,1
2018-03-14,101.71,101.71,1
2018-03-15,101.58,101.58,1
2018-03-16,101.79,101.79,1
2018-03-19,99.91,98.21999999999998,3
2018-03-20,101.51,101.51,1
2018-03-21,102.06,102.06,1
2018-03-22,101.73,101.73,1
2018-03-23,102.48,102.48,1
2018-03-26,101.86,100.94666666666667,3
2018-03-27,101.49,101.49,1
2018-03-28,100.95,100.95,1
2018-03-29,100.83,100.83,1
2018-03-30,99.96,99.96,1
2018-04-02,89.97,91.75666666666666,3
2018-04-03,90.58,90.58,1
2018-04-04,91.06,91.06,1
2018-04-05,91.52,91.52,1
2018-04-06,91.29,91.29,1
2018-04-09,90.33,88.48666666666668,3
2018-04-10,91.52,91.52,1
2018-04-11,91.54,91.54,1
2018-04-12,91.5,91.5,1
2018-04-13,91.5,91.5,1
2018-04-16,91.7,89.46666666666665,3
2018-04-17,92.38,92.38,1
2018-04-18,91.84,91.84,1
2018-04-19,91.66,91.66,1
2018-04-20,91.51,91.51,1
2018-04-23,92.04,89.24000000000001,3
2018-04-24,92.47,92.47,1
2018-04-25,92.59,92.59,1
2018-04-26,93.24,93.24,1
2018-04-27,91.73,91.73,1
2018-04-30,89.59,88.57666666666667,3
2018-05-02,90.12,88.78,2
2018-05-03,88.38,88.38,1
2018-05-04,88.63,88.63,1
2018-05-08,87.88,84.535,4
2018-05-09,89.25,89.25,1
2018-05-10,89.4,89.4,1
2018-05-11,88.5,88.5,1
2018-05-14,87.71,86.38,3
2018-05-15,89.51,89.51,1
2018-05-16,90.42,90.42,1
2018-05-17,89.7,89.7,1
2018-05-18,89.03,89.03,1
2018-05-21,82.43,79.16333333333334,3
2018-05-23,88.65,87.47,2
2018-05-24,89.98,89.98,1
2018-05-25,88.07,88.07,1
2018-05-28,87.78,88.15666666666668,3
2018-05-29,88.53,88.53,1
2018-05-30,88.56,88.56,1
2018-05-31,87.79,87.79,1
2018-06-01,91.99,91.99,1
2018-06-04,91.09,88.92333333333333,3
2018-06-05,92.33,92.33,1
2018-06-07,91.29,89.92,2
2018-06-08,91.82,91.82,1
2018-06-11,88.83,87.33999999999999,3
2018-06-12,90.71,90.71,1
2018-06-14,90.66,89.795,2
2018-06-15,90.6,90.6,1
2018-06-18,88.22,85.72333333333334,3
2018-06-19,90.54,90.54,1
2018-06-20,90.5,90.5,1
2018-06-21,90.42,90.42,1
2018-06-22,90.37,90.37,1
2018-06-25,88.72,86.09333333333332,3
2018-06-26,90.81,90.81,1
2018-06-27,90.75,90.75,1
2018-06-28,90.82,90.82,1
2018-06-29,91.65,91.65,1
2018-07-02,86.16,83.49,3
2018-07-03,88.55,88.55,1
2018-07-04,88.5,88.5,1
2018-07-05,87.9,87.9,1
2018-07-06,86.64,86.64,1
2018-07-09,82.56,76.76,3
2018-07-10,84.23,84.23,1
2018-07-11,84.43,84.43,1
2018-07-12,85.06,85.06,1
2018-07-13,86.02,86.02,1
2018-07-16,85.35,80.3,3
2018-07-17,89.92,89.92,1
2018-07-18,89.43,89.43,1
2018-07-19,90.34,90.34,1
2018-07-20,91.87,91.87,1
2018-07-23,88.08,84.98333333333333,3
2018-07-24,92.12,92.12,1
2018-07-25,91.29,91.29,1
2018-07-26,95.78,95.78,1
2018-07-27,95.16,95.16,1
2018-07-30,87.53,86.92,3
2018-07-31,90.47,90.47,1
2018-08-01,90.99,90.99,1
2018-08-02,89.67,89.67,1
2018-08-03,90.34,90.34,1
2018-08-06,89.85,87.19333333333333,3
2018-08-07,94.28,94.28,1
2018-08-08,93.87,93.87,1
2018-08-09,93.46,93.46,1
2018-08-10,92.65,92.65,1
2018-08-13,91.0,89.68,3
2018-08-14,93.7,93.7,1
2018-08-16,89.47,89.41,2
2018-08-17,92.1,92.1,1
2018-08-20,90.8,87.49666666666667,3
2018-08-21,91.67,91.67,1
2018-08-22,91.88,91.88,1
2018-08-23,93.37,93.37,1
2018-08-24,93.19,93.19,1
2018-08-27,87.96,84.61666666666666,3
2018-08-28,91.51,91.51,1
2018-08-29,91.09,91.09,1
2018-08-30,91.52,91.52,1
2018-08-31,91.45,91.45,1
2018-09-03,92.95,92.29,3
2018-09-04,98.84,98.84,1
2018-09-05,98.48,98.48,1
2018-09-06,98.65,98.65,1
2018-09-07,98.18,98.18,1
2018-09-10,95.98,94.46333333333332,3
2018-09-11,96.88,96.88,1
2018-09-12,96.85,96.85,1
2018-09-13,97.33,97.33,1
2018-09-14,97.58,97.58,1
2018-09-17,90.9,90.08,3
2018-09-18,96.47,96.47,1
2018-09-19,96.54,96.54,1
2018-09-20,96.15,96.15,1
2018-09-21,95.89,95.89,1
2018-09-27,90.62,73.91333333333334,6
2018-09-28,97.51,97.51,1
2018-10-01,100.97,97.46666666666665,3
2018-10-02,103.61,103.61,1
2018-10-04,101.81,101.75999999999999,2
2018-10-05,102.5,102.5,1
2018-10-08,101.74,100.81,3
2018-10-10,102.97,102.075,2
2018-10-11,103.1,103.1,1
2018-10-12,101.93,101.93,1
2018-10-15,101.17,99.03000000000002,3
2018-10-16,102.81,102.81,1
2018-10-17,102.5,102.5,1
2018-10-18,103.29,103.29,1
2018-10-19,104.51,104.51,1
2018-10-22,102.43,100.64666666666666,3
2018-10-23,104.02,104.02,1
2018-10-24,104.07,104.07,1
2018-10-25,103.32,103.32,1
2018-10-26,103.31,103.31,1
2018-10-29,100.97,99.79666666666667,3
2018-10-30,102.38,102.38,1
2018-10-31,102.28,102.28,1
2018-11-01,105.65,105.65,1
2018-11-02,104.64,104.64,1
2018-11-05,103.18,100.63666666666667,3
2018-11-06,105.51,105.51,1
2018-11-07,105.6,105.6,1
2018-11-08,105.73,105.73,1
2018-11-09,105.73,105.73,1
2018-11-12,104.97,102.96333333333332,3
2018-11-13,105.29,105.29,1
2018-11-14,105.4,105.4,1
2018-11-15,106.86,106.86,1
2018-11-16,106.37,106.37,1
2018-11-19,104.5,101.84666666666665,3
2018-11-20,105.79,105.79,1
2018-11-21,106.18,106.18,1
2018-11-22,106.72,106.72,1
2018-11-23,107.11,107.11,1
2018-11-26,105.17,103.72333333333334,3
2018-11-27,105.71,105.71,1
2018-11-28,105.74,105.74,1
2018-11-29,105.99,105.99,1
2018-11-30,105.71,105.71,1
2018-12-03,107.47,105.21999999999998,3
2018-12-04,109.88,109.88,1
2018-12-05,110.12,110.12,1
2018-12-06,110.26,110.26,1
2018-12-07,111.86,111.86,1
2018-12-10,107.42,105.64999999999999,3
2018-12-11,110.88,110.88,1
2018-12-12,111.53,111.53,1
2018-12-13,112.26,112.26,1
2018-12-14,112.62,112.62,1
2018-12-17,112.2,109.56,3
2018-12-18,111.77,111.77,1
2018-12-19,112.34,112.34,1
2018-12-20,112.26,112.26,1
2018-12-21,111.31,111.31,1
2018-12-24,108.86,107.83666666666666,3
2018-12-26,111.48,108.41499999999999,2
2018-12-27,112.25,112.25,1
2018-12-28,111.68,111.68,1
2019-01-02,111.76,106.15599999999999,5
2019-01-03,111.74,111.74,1
2019-01-04,112.3,112.3,1
2019-01-07,111.22,109.05,3
2019-01-08,112.27,112.27,1
2019-01-09,112.7,112.7,1
2019-01-10,112.07,112.07,1
2019-01-11,112.02,112.02,1
2019-01-14,111.48,109.18666666666667,3
2019-01-15,112.32,112.32,1
2019-01-16,112.32,112.32,1
2019-01-17,112.16,112.16,1
2019-01-18,111.73,111.73,1
2019-01-21,111.68,109.26333333333334,3
2019-01-22,112.0,112.0,1
2019-01-23,112.08,112.08,1
2019-01-24,111.97,111.97,1
2019-01-25,111.76,111.76,1
2019-01-28,111.26,110.21333333333332,3
2019-01-29,112.03,112.03,1
2019-01-30,112.01,112.01,1
2019-01-31,112.2,112.2,1
2019-02-01,109.06,109.06,1
2019-02-07,106.39,90.915,6
2019-02-08,108.61,108.61,1
2019-02-11,109.72,107.49666666666667,3
2019-02-12,109.08,109.08,1
2019-02-13,109.59,109.59,1
2019-02-14,109.74,109.74,1
2019-02-15,109.68,109.68,1
2019-02-18,109.95,107.87666666666667,3
2019-02-19,109.99,109.99,1
2019-02-20,109.68,109.68,1
2019-02-21,109.27,109.27,1
2019-02-22,109.34,109.34,1
2019-02-25,109.12,106.17,3
2019-02-26,109.18,109.18,1
2019-02-27,108.37,108.37,1
2019-02-28,108.21,108.21,1
2019-03-04,113.46,109.97749999999999,4
2019-03-05,113.67,113.67,1
2019-03-06,113.54,113.54,1
2019-03-07,113.26,113.26,1
2019-03-08,113.51,113.51,1
2019-03-11,112.48,110.57333333333334,3
2019-03-12,113.91,113.91,1
2019-03-13,113.21,113.21,1
2019-03-14,113.38,113.38,1
2019-03-15,114.33,114.33,1
2019-03-18,114.48,111.44666666666667,3
2019-03-19,113.6,113.6,1
2019-03-20,114.31,114.31,1
2019-03-21,114.45,114.45,1
2019-03-22,114.02,114.02,1
2019-03-25,113.36,110.79,3
2019-03-26,112.47,112.47,1
2019-03-27,112.77,112.77,1
2019-03-28,112.81,112.81,1
2019-03-29,112.7,112.7,1
2019-04-01,99.69,105.25,3
2019-04-02,100.84,100.84,1
2019-04-03,101.16,101.16,1
2019-04-04,100.44,100.44,1
2019-04-05,100.45,100.45,1
2019-04-08,99.75,97.59333333333332,3
2019-04-09,100.46,100.46,1
2019-04-10,100.79,100.79,1
2019-04-11,101.09,101.09,1
2019-04-12,100.55,100.55,1
2019-04-15,100.38,97.92,3
2019-04-16,100.44,100.44,1
2019-04-17,100.79,100.79,1
2019-04-18,101.4,101.4,1
2019-04-19,100.19,100.19,1
2019-04-22,97.59,94.19333333333333,3
2019-04-23,99.59,99.59,1
2019-04-24,99.33,99.33,1
2019-04-25,100.45,100.45,1
2019-04-26,100.66,100.66,1
2019-04-29,97.45,95.60666666666667,3
2019-04-30,98.29,98.29,1
2019-05-02,80.93,79.41,2
2019-05-03,81.2,81.2,1
2019-05-07,80.3,78.2975,4
2019-05-08,81.57,81.57,1
2019-05-09,80.97,80.97,1
2019-05-10,80.82,80.82,1
2019-05-13,80.27,77.91666666666667,3
2019-05-14,80.89,80.89,1
2019-05-15,80.25,80.25,1
2019-05-16,79.63,79.63,1
2019-05-17,79.74,79.74,1
2019-05-20,78.33,75.51,3
2019-05-21,79.86,79.86,1
2019-05-22,79.49,79.49,1
2019-05-23,79.97,79.97,1
2019-05-24,80.94,80.94,1
2019-05-27,78.69,77.39333333333333,3
2019-05-28,79.32,79.32,1
2019-05-29,79.09,79.09,1
2019-05-30,78.99,78.99,1
2019-05-31,77.93,77.93,1
2019-06-03,78.7,75.35333333333334,3
2019-06-04,79.47,79.47,1
2019-06-05,79.8,79.8,1
2019-06-07,77.01,77.36500000000001,2
2019-06-10,77.1,74.03333333333333,3
2019-06-11,79.51,79.51,1
2019-06-12,79.38,79.38,1
2019-06-13,79.41,79.41,1
2019-06-14,79.55,79.55,1
2019-06-17,78.37,75.33333333333333,3
2019-06-18,80.53,80.53,1
2019-06-19,80.51,80.51,1
2019-06-20,80.69,80.69,1
2019-06-21,80.7,80.7,1
2019-06-24,76.27,73.09666666666666,3
2019-06-25,80.63,80.63,1
2019-06-26,80.87,80.87,1
2019-06-27,80.91,80.91,1
2019-06-28,80.77,80.77,1
2019-07-01,80.29,77.24333333333334,3
2019-07-02,80.34,80.34,1
2019-07-03,79.77,79.77,1
2019-07-04,79.38,79.38,1
2019-07-05,79.5,79.5,1
2019-07-08,78.75,75.71666666666665,3
2019-07-09,80.7,80.7,1
2019-07-10,79.22,79.22,1
2019-07-11,80.25,80.25,1
2019-07-12,80.48,80.48,1
2019-07-15,77.87,75.51666666666667,3
2019-07-16,78.8,78.8,1
2019-07-17,78.89,78.89,1
2019-07-18,79.71,79.71,1
2019-07-19,80.46,80.46,1
2019-07-22,79.51,76.64999999999999,3
2019-07-23,80.96,80.96,1
2019-07-24,81.21,81.21,1
2019-07-25,81.88,81.88,1
2019-07-26,81.82,81.82,1
2019-07-29,79.73,77.5,3
2019-07-30,80.42,80.42,1
2019-07-31,80.44,80.44,1
2019-08-01,84.03,84.03,1
2019-08-02,82.5,82.5,1
2019-08-05,83.51,81.77666666666666,3
2019-08-06,86.12,86.12,1
2019-08-07,85.52,85.52,1
2019-08-08,85.54,85.54,1
2019-08-09,84.98,84.98,1
2019-08-12,84.48,82.17333333333333,3
2019-08-13,86.67,86.67,1
2019-08-14,87.31,87.31,1
2019-08-16,86.89,86.39,2
2019-08-19,85.27,83.20666666666666,3
2019-08-20,87.6,87.6,1
2019-08-21,87.35,87.35,1
2019-08-22,86.48,86.48,1
2019-08-23,85.11,85.11,1
2019-08-26,82.77,79.50666666666666,3
2019-08-27,84.77,84.77,1
2019-08-28,84.81,84.81,1
2019-08-29,84.31,84.31,1
2019-08-30,82.44,82.44,1
2019-09-02,77.04,74.70333333333333,3
2019-09-03,80.03,80.03,1
2019-09-04,81.11,81.11,1
2019-09-05,81.19,81.19,1
2019-09-06,81.69,81.69,1
2019-09-09,79.53,76.97333333333334,3
2019-09-10,83.59,83.59,1
2019-09-11,81.75,81.75,1
2019-09-16,78.81,71.68199999999999,5
2019-09-17,82.0,82.0,1
2019-09-18,81.87,81.87,1
2019-09-19,80.11,80.11,1
2019-09-20,80.22,80.22,1
2019-09-23,80.75,79.07666666666667,3
2019-09-24,80.29,80.29,1
2019-09-25,81.14,81.14,1
2019-09-26,81.36,81.36,1
2019-09-27,82.24,82.24,1
2019-09-30,81.34,79.65333333333334,3
2019-10-01,93.23,93.23,1
2019-10-02,92.86,92.86,1
2019-10-04,90.1,91.375,2
2019-10-07,90.04,84.37666666666667,3
2019-10-08,94.18,94.18,1
2019-10-10,87.78,88.53999999999999,2
2019-10-11,88.67,88.67,1
2019-10-14,85.06,81.64666666666666,3
2019-10-15,90.29,90.29,1
2019-10-16,91.0,91.0,1
2019-10-17,91.06,91.06,1
2019-10-18,90.36,90.36,1
2019-10-21,85.01,77.12666666666667,3
2019-10-22,89.57,89.57,1
2019-10-23,89.54,89.54,1
2019-10-24,90.39,90.39,1
2019-10-25,90.94,90.94,1
2019-10-28,85.96,81.05666666666666,3
2019-10-29,89.71,89.71,1
2019-10-30,91.71,91.71,1
2019-10-31,92.04,92.04,1
2019-11-01,81.36,81.36,1
2019-11-04,79.92,75.04666666666667,3
2019-11-05,81.97,81.97,1
2019-11-06,82.06,82.06,1
2019-11-07,81.84,81.84,1
2019-11-08,82.44,82.44,1
2019-11-11,79.71,78.19333333333333,3
2019-11-12,81.78,81.78,1
2019-11-13,82.01,82.01,1
2019-11-14,82.73,82.73,1
2019-11-15,82.57,82.57,1
2019-11-18,81.49,78.85333333333334,3
2019-11-19,82.94,82.94,1
2019-11-20,83.94,83.94,1
2019-11-21,83.8,83.8,1
2019-11-22,83.13,83.13,1
2019-11-25,81.49,80.95333333333333,3
2019-11-26,83.98,83.98,1
2019-11-27,84.25,84.25,1
2019-11-28,83.71,83.71,1
2019-11-29,83.09,83.09,1
2019-12-02,84.14,81.85333333333334,3
2019-12-03,84.34,84.34,1
2019-12-04,84.9,84.9,1
2019-12-05,84.85,84.85,1
2019-12-06,84.73,84.73,1
2019-12-09,84.62,82.61333333333333,3
2019-12-10,85.04,85.04,1
2019-12-11,85.46,85.46,1
2019-12-12,84.86,84.86,1
2019-12-13,84.57,84.57,1
2019-12-16,85.48,82.69666666666667,3
2019-12-17,84.91,84.91,1
2019-12-18,84.95,84.95,1
2019-12-19,84.64,84.64,1
2019-12-20,84.86,84.86,1
2019-12-23,84.16,82.43,3
2019-12-24,84.56,84.56,1
2019-12-26,84.7,83.11500000000001,2
2019-12-27,84.66,84.66,1
2019-12-30,84.46,82.35666666666667,3
2020-01-02,85.51,83.27666666666666,3
2020-01-03,85.63,85.63,1
2020-01-06,85.24,83.48333333333333,3
2020-01-07,85.88,85.88,1
2020-01-08,86.24,86.24,1
2020-01-09,86.1,86.1,1
2020-01-10,85.72,85.72,1
2020-01-13,85.7,83.83666666666666,3
2020-01-14,86.48,86.48,1
2020-01-15,86.21,86.21,1
2020-01-16,86.62,86.62,1
2020-01-17,86.41,86.41,1
2020-01-20,85.82,83.99666666666666,3
2020-01-21,86.01,86.01,1
2020-01-22,85.72,85.72,1
2020-01-23,84.65,84.65,1
2020-01-28,84.06,78.65799999999999,5
2020-01-29,85.85,85.85,1
2020-01-30,85.85,85.85,1
2020-01-31,85.11,85.11,1
2020-02-03,82.29,80.60000000000001,3
2020-02-04,83.16,83.16,1
2020-02-05,83.28,83.28,1
2020-02-06,83.43,83.43,1
2020-02-07,82.78,82.78,1
2020-02-10,82.95,81.31333333333333,3
2020-02-11,82.39,82.39,1
2020-02-12,83.06,83.06,1
2020-02-13,82.6,82.6,1
2020-02-14,81.96,81.96,1
2020-02-17,82.13,79.97666666666667,3
2020-02-18,82.2,82.2,1
2020-02-19,81.98,81.98,1
2020-02-20,82.12,82.12,1
2020-02-21,81.96,81.96,1
2020-02-24,81.82,80.05333333333333,3
2020-02-25,82.46,82.46,1
2020-02-26,81.49,81.49,1
2020-02-27,82.21,82.21,1
2020-02-28,81.74,81.74,1
2020-03-02,83.36,80.39999999999999,3
2020-03-03,83.57,83.57,1
2020-03-04,83.92,83.92,1
2020-03-05,85.17,85.17,1
2020-03-06,84.08,84.08,1
2020-03-09,83.43,82.26333333333334,3
2020-03-10,84.14,84.14,1
2020-03-11,84.4,84.4,1
2020-03-12,83.95,83.95,1
2020-03-13,84.47,84.47,1
2020-03-16,83.41,82.25333333333333,3
2020-03-17,83.16,83.16,1
2020-03-18,82.68,82.68,1
2020-03-19,83.79,83.79,1
2020-03-20,83.8,83.8,1
2020-03-23,83.65,82.16333333333334,3
2020-03-24,83.66,83.66,1
2020-03-25,82.8,82.8,1
2020-03-26,83.63,83.63,1
2020-03-27,84.08,84.08,1
2020-03-30,82.92,81.61666666666666,3
2020-03-31,83.41,83.41,1
2020-04-01,78.26,78.26,1
2020-04-02,78.54,78.54,1
2020-04-03,78.31,78.31,1
2020-04-06,76.6,69.33333333333333,3
2020-04-07,78.33,78.33,1
2020-04-08,78.63,78.63,1
2020-04-09,78.62,78.62,1
2020-04-10,78.1,78.1,1
2020-04-13,77.51,71.16666666666667,3
2020-04-14,79.23,79.23,1
2020-04-16,79.25,79.005,2
2020-04-17,81.15,81.15,1
2020-04-20,77.89,74.11333333333333,3
2020-04-21,79.5,79.5,1
2020-04-22,79.4,79.4,1
2020-04-23,78.78,78.78,1
2020-04-24,77.34,77.34,1
2020-04-27,73.15,64.43333333333334,3
2020-04-28,73.61,73.61,1
2020-04-29,70.59,70.59,1
2020-05-04,72.19,66.27000000000001,5
2020-05-06,73.09,70.015,2
2020-05-07,78.25,78.25,1
2020-05-08,79.01,79.01,1
2020-05-11,80.44,72.14,3
2020-05-12,77.97,77.97,1
2020-05-13,76.95,76.95,1
2020-05-14,76.31,76.31,1
2020-05-15,74.64,74.64,1
2020-05-18,75.31,64.72666666666667,3
2020-05-19,77.24,77.24,1
2020-05-20,78.03,78.03,1
2020-05-21,76.23,76.23,1
2020-05-22,72.42,72.42,1
2020-05-25,67.76,62.32,3
2020-05-26,68.69,68.69,1
2020-05-27,71.74,71.74,1
2020-05-28,70.83,70.83,1
2020-05-29,70.59,70.59,1
2020-06-01,69.77,64.26666666666667,3
2020-06-02,65.67,65.67,1
2020-06-03,70.39,70.39,1
2020-06-04,70.71,70.71,1
2020-06-05,71.44,71.44,1
2020-06-08,71.39,64.63666666666667,3
2020-06-09,73.63,73.63,1
2020-06-10,75.7,75.7,1
2020-06-11,75.17,75.17,1
2020-06-12,76.46,76.46,1
2020-06-15,74.79,67.53333333333333,3
2020-06-16,74.76,74.76,1
2020-06-17,74.18,74.18,1
2020-06-18,72.76,72.76,1
2020-06-19,73.85,73.85,1
2020-06-22,73.13,65.89999999999999,3
2020-06-23,72.97,72.97,1
2020-06-24,73.9,73.9,1
2020-06-25,74.65,74.65,1
2020-06-26,74.27,74.27,1
2020-06-29,73.73,66.37666666666667,3
2020-06-30,72.6,72.6,1
2020-07-01,72.56,72.56,1
2020-07-02,72.89,72.89,1
2020-07-03,73.24,73.24,1
2020-07-06,71.64,63.93666666666667,3
2020-07-07,72.33,72.33,1
2020-07-08,73.06,73.06,1
2020-07-09,72.97,72.97,1
2020-07-10,72.97,72.97,1
2020-07-13,71.66,65.27333333333333,3
2020-07-14,70.71,70.71,1
2020-07-15,71.38,71.38,1
2020-07-16,71.83,71.83,1
2020-07-17,72.65,72.65,1
2020-07-20,74.46,66.74666666666666,3
2020-07-21,74.03,74.03,1
2020-07-22,74.94,74.94,1
2020-07-23,75.44,75.44,1
2020-07-24,76.08,76.08,1
2020-07-27,74.25,68.04666666666667,3
2020-07-28,74.72,74.72,1
2020-07-29,75.22,75.22,1
2020-07-30,75.07,75.07,1
2020-07-31,74.97,74.97,1
2020-08-03,58.15,57.42666666666667,3
2020-08-04,59.7,59.7,1
2020-08-05,60.65,60.65,1
2020-08-06,61.78,61.78,1
2020-08-07,61.73,61.73,1
2020-08-10,62.62,59.449999999999996,3
2020-08-11,63.44,63.44,1
2020-08-12,62.21,62.21,1
2020-08-13,63.05,63.05,1
2020-08-14,65.21,65.21,1
2020-08-18,65.34,62.010000000000005,4
2020-08-19,65.07,65.07,1
2020-08-20,65.6,65.6,1
2020-08-21,64.85,64.85,1
2020-08-24,64.09,61.410000000000004,3
2020-08-25,65.5,65.5,1
2020-08-26,65.97,65.97,1
2020-08-27,65.75,65.75,1
2020-08-28,65.94,65.94,1
2020-08-31,63.98,61.35999999999999,3
2020-09-01,57.6,57.6,1
2020-09-02,57.09,57.09,1
2020-09-03,56.12,56.12,1
2020-09-04,57.6,57.6,1
2020-09-07,57.01,55.339999999999996,3
2020-09-08,56.32,56.32,1
2020-09-09,55.51,55.51,1
2020-09-10,56.33,56.33,1
2020-09-11,55.95,55.95,1
2020-09-14,56.23,54.63333333333333,3
2020-09-15,55.97,55.97,1
2020-09-16,55.96,55.96,1
2020-09-17,55.99,55.99,1
2020-09-18,56.06,56.06,1
2020-09-21,56.48,54.49333333333333,3
2020-09-22,55.66,55.66,1
2020-09-23,55.61,55.61,1
2020-09-24,56.0,56.0,1
2020-09-25,56.25,56.25,1
2020-09-28,54.71,53.30666666666667,3
2020-09-29,54.19,54.19,1
2020-10-05,51.91,49.76,6
2020-10-06,51.59,51.59,1
2020-10-07,50.91,50.91,1
2020-10-08,51.17,51.17,1
2020-10-12,50.25,49.555,4
2020-10-13,50.14,50.14,1
2020-10-14,50.33,50.33,1
2020-10-15,50.25,50.25,1
2020-10-16,50.63,50.63,1
2020-10-19,50.19,49.5,3
2020-10-20,50.29,50.29,1
2020-10-21,50.52,50.52,1
2020-10-22,50.76,50.76,1
2020-10-23,53.2,53.2,1
2020-10-26,50.33,49.61333333333334,3
2020-10-27,50.66,50.66,1
2020-10-28,50.9,50.9,1
2020-10-29,50.3,50.3,1
2020-10-30,50.69,50.69,1
2020-11-02,49.99,49.120000000000005,3
2020-11-03,49.78,49.78,1
2020-11-04,49.73,49.73,1
2020-11-05,50.25,50.25,1
2020-11-06,50.1,50.1,1
2020-11-09,49.77,48.60333333333333,3
2020-11-10,50.01,50.01,1
2020-11-11,49.91,49.91,1
2020-11-12,49.8,49.8,1
2020-11-13,50.32,50.32,1
2020-11-16,49.66,48.879999999999995,3
2020-11-17,50.15,50.15,1
2020-11-18,49.96,49.96,1
2020-11-19,50.26,50.26,1
2020-11-20,49.99,49.99,1
2020-11-23,50.48,49.23666666666667,3
2020-11-24,50.46,50.46,1
2020-11-25,50.5,50.5,1
2020-11-26,50.39,50.39,1
2020-11-27,50.11,50.11,1
2020-11-30,50.58,49.22666666666667,3
2020-12-01,67.74,67.74,1
2020-12-02,67.6,67.6,1
2020-12-03,68.06,68.06,1
2020-12-04,68.74,68.74,1
2020-12-07,67.84,65.53666666666668,3
2020-12-08,67.17,67.17,1
2020-12-09,68.3,68.3,1
2020-12-10,67.52,67.52,1
2020-12-11,67.86,67.86,1
2020-12-14,67.46,65.62333333333333,3
2020-12-15,67.92,67.92,1
2020-12-16,68.18,68.18,1
2020-12-17,68.15,68.15,1
2020-12-18,68.58,68.58,1
2020-12-21,67.9,66.11666666666666,3
2020-12-22,67.79,67.79,1
2020-12-23,67.44,67.44,1
2020-12-24,68.03,68.03,1
2020-12-28,67.46,65.41,4
2020-12-29,67.27,67.27,1
2020-12-30,66.78,66.78,1
2021-01-04,70.34,67.824,5
2021-01-05,71.9,71.9,1
2021-01-06,72.07,72.07,1
2021-01-07,72.69,72.69,1
2021-01-08,72.6,72.6,1
2021-01-11,72.86,70.85000000000001,3
2021-01-12,74.29,74.29,1
2021-01-13,73.15,73.15,1
2021-01-14,72.11,72.11,1
2021-01-15,70.44,70.44,1
2021-01-18,70.73,69.19,3
2021-01-19,71.84,71.84,1
2021-01-20,71.73,71.73,1
2021-01-21,71.26,71.26,1
2021-01-22,70.99,70.99,1
2021-01-25,69.49,68.29333333333334,3
2021-01-26,69.82,69.82,1
2021-01-27,70.65,70.65,1
2021-01-28,70.3,70.3,1
2021-01-29,71.62,71.62,1
2021-02-01,74.89,69.60666666666667,3
2021-02-02,76.16,76.16,1
2021-02-03,77.07,77.07,1
2021-02-04,76.7,76.7,1
2021-02-05,76.16,76.16,1
2021-02-08,77.86,74.52333333333333,3
2021-02-09,77.85,77.85,1
2021-02-10,75.35,75.35,1
2021-02-15,75.79,70.652,5
2021-02-16,77.94,77.94,1
2021-02-17,78.26,78.26,1
2021-02-18,79.11,79.11,1
2021-02-19,78.02,78.02,1
2021-02-22,77.54,75.11666666666667,3
2021-02-23,76.04,76.04,1
2021-02-24,76.17,76.17,1
2021-02-25,75.53,75.53,1
2021-02-26,76.17,76.17,1
2021-03-02,83.61,77.1125,4
2021-03-03,84.68,84.68,1
2021-03-04,84.98,84.98,1
2021-03-05,84.16,84.16,1
2021-03-08,84.96,83.21999999999998,3
2021-03-09,84.02,84.02,1
2021-03-10,84.19,84.19,1
2021-03-11,84.21,84.21,1
2021-03-12,84.39,84.39,1
2021-03-15,84.39,83.15666666666667,3
2021-03-16,83.94,83.94,1
2021-03-17,84.0,84.0,1
2021-03-18,84.06,84.06,1
2021-03-19,83.7,83.7,1
2021-03-22,83.94,83.05666666666667,3
2021-03-23,84.31,84.31,1
2021-03-24,84.73,84.73,1
2021-03-25,84.26,84.26,1
2021-03-26,84.09,84.09,1
2021-03-29,84.61,83.35000000000001,3
2021-03-30,84.79,84.79,1
2021-03-31,84.11,84.11,1
2021-04-01,75.58,75.58,1
2021-04-02,75.91,75.91,1
2021-04-05,77.63,74.88,3
2021-04-06,77.42,77.42,1
2021-04-07,77.53,77.53,1
2021-04-08,77.91,77.91,1
2021-04-09,76.79,76.79,1
2021-04-12,77.19,75.32,3
2021-04-13,76.96,76.96,1
2021-04-14,76.77,76.77,1
2021-04-15,76.97,76.97,1
2021-04-16,76.9,76.9,1
2021-04-19,75.35,74.20666666666666,3
2021-04-20,76.13,76.13,1
2021-04-21,76.41,76.41,1
2021-04-22,76.13,76.13,1
2021-04-23,75.68,75.68,1
2021-04-26,77.09,74.93666666666667,3
2021-04-27,76.94,76.94,1
2021-04-28,76.41,76.41,1
2021-04-29,76.02,76.02,1
2021-04-30,76.42,76.42,1
2021-05-03,80.56,79.13,3
2021-05-04,81.75,81.75,1
2021-05-06,80.33,79.235,2
2021-05-07,80.13,80.13,1
2021-05-10,81.08,77.09666666666666,3
2021-05-11,80.13,80.13,1
2021-05-12,79.96,79.96,1
2021-05-13,80.34,80.34,1
2021-05-14,79.86,79.86,1
2021-05-17,76.77,76.13333333333333,3
2021-05-18,79.78,79.78,1
2021-05-20,79.1,78.69999999999999,2
2021-05-21,80.18,80.18,1
2021-05-24,81.21,79.38,3
2021-05-25,80.94,80.94,1
2021-05-26,80.68,80.68,1
2021-05-27,80.57,80.57,1
2021-05-28,80.77,80.77,1
2021-05-31,79.67,75.34333333333333,3
2021-06-01,84.05,84.05,1
2021-06-02,83.81,83.81,1
2021-06-03,84.46,84.46,1
2021-06-04,83.39,83.39,1
2021-06-07,83.96,79.47,3
2021-06-08,82.67,82.67,1
2021-06-09,82.18,82.18,1
2021-06-10,83.27,83.27,1
2021-06-11,82.84,82.84,1
2021-06-14,80.88,77.11333333333333,3
2021-06-15,84.38,84.38,1
2021-06-16,85.04,85.04,1
2021-06-17,85.05,85.05,1
2021-06-18,84.19,84.19,1
2021-06-21,83.5,82.93,3
2021-06-22,84.24,84.24,1
2021-06-23,83.18,83.18,1
2021-06-24,84.65,84.65,1
2021-06-25,84.82,84.82,1
2021-06-28,84.56,81.67666666666666,3
2021-06-29,84.56,84.56,1
2021-06-30,85.06,85.06,1
2021-07-01,87.2,87.2,1
2021-07-02,87.01,87.01,1
2021-07-05,82.9,79.59,3
2021-07-06,85.88,85.88,1
2021-07-07,85.6,85.6,1
2021-07-08,87.06,87.06,1
2021-07-09,87.56,87.56,1
2021-07-12,84.4,82.2,3
2021-07-13,89.87,89.87,1
2021-07-14,89.47,89.47,1
2021-07-15,88.46,88.46,1
2021-07-16,88.83,88.83,1
2021-07-19,87.25,86.31,3
2021-07-20,90.54,90.54,1
2021-07-21,90.22,90.22,1
2021-07-22,91.51,91.51,1
2021-07-23,90.11,90.11,1
2021-07-26,87.18,85.76333333333334,3
2021-07-27,89.86,89.86,1
2021-07-28,89.98,89.98,1
2021-07-29,89.83,89.83,1
2021-07-30,89.9,89.9,1
2021-08-02,94.64,91.37666666666667,3
2021-08-03,94.84,94.84,1
2021-08-04,93.54,93.54,1
2021-08-05,95.37,95.37,1
2021-08-06,97.15,97.15,1
2021-08-09,96.14,94.17333333333333,3
2021-08-10,96.27,96.27,1
2021-08-11,95.3,95.3,1
2021-08-12,95.56,95.56,1
2021-08-13,95.34,95.34,1
2021-08-17,94.05,91.0,4
2021-08-18,94.57,94.57,1
2021-08-19,93.93,93.93,1
2021-08-20,93.71,93.71,1
2021-08-23,91.61,90.55,3
2021-08-24,93.7,93.7,1
2021-08-25,93.73,93.73,1
2021-08-26,94.76,94.76,1
2021-08-27,94.27,94.27,1
2021-08-30,90.79,90.60000000000001,3
2021-08-31,93.32,93.32,1
2021-09-01,101.74,101.74,1
2021-09-02,100.87,100.87,1
2021-09-03,100.06,100.06,1
2021-09-06,96.22,93.12333333333333,3
2021-09-07,100.01,100.01,1
2021-09-08,99.91,99.91,1
2021-09-09,100.27,100.27,1
2021-09-10,100.6,100.6,1
2021-09-13,102.36,99.78333333333335,3
2021-09-14,103.19,103.19,1
2021-09-15,103.99,103.99,1
2021-09-16,103.85,103.85,1
2021-09-17,102.22,102.22,1
2021-09-23,97.45,81.51833333333333,6
2021-09-24,105.52,105.52,1
2021-09-27,105.36,102.70333333333333,3
2021-09-28,106.18,106.18,1
2021-09-29,105.03,105.03,1
2021-09-30,106.67,106.67,1
2021-10-01,110.87,110.87,1
2021-10-05,110.61,109.685,4
2021-10-06,109.55,109.55,1
2021-10-07,110.13,110.13,1
2021-10-08,109.91,109.91,1
2021-10-12,107.62,107.155,4
2021-10-13,109.56,109.56,1
2021-10-14,110.34,110.34,1
2021-10-15,110.77,110.77,1
2021-10-18,107.82,106.13666666666666,3
2021-10-19,109.47,109.47,1
2021-10-20,108.87,108.87,1
2021-10-21,109.65,109.65,1
2021-10-22,109.03,109.03,1
2021-10-25,107.01,101.90000000000002,3
2021-10-26,106.96,106.96,1
2021-10-27,108.36,108.36,1
2021-10-28,108.35,108.35,1
2021-10-29,108.68,108.68,1
2021-11-01,126.77,106.94333333333333,3
2021-11-02,131.39,131.39,1
2021-11-03,130.67,130.67,1
2021-11-04,131.61,131.61,1
2021-11-05,130.91,130.91,1
2021-11-08,129.76,124.50333333333333,3
2021-11-09,132.99,132.99,1
2021-11-10,132.72,132.72,1
2021-11-11,133.74,133.74,1
2021-11-12,132.43,132.43,1
2021-11-15,130.22,124.00333333333333,3
2021-11-16,130.16,130.16,1
2021-11-17,131.35,131.35,1
2021-11-18,130.89,130.89,1
2021-11-19,131.41,131.41,1
2021-11-22,127.69,123.86333333333334,3
2021-11-23,131.31,131.31,1
2021-11-24,130.98,130.98,1
2021-11-25,130.26,130.26,1
2021-11-26,129.74,129.74,1
2021-11-29,117.84,108.08666666666666,3
2021-11-30,122.42,122.42,1
2021-12-01,148.67,148.67,1
2021-12-02,148.32,148.32,1
2021-12-03,148.05,148.05,1
2021-12-06,135.98,137.68666666666664,3
2021-12-07,139.85,139.85,1
2021-12-08,138.29,138.29,1
2021-12-09,137.59,137.59,1
2021-12-10,140.78,140.78,1
2021-12-13,139.86,134.31,3
2021-12-14,147.06,147.06,1
2021-12-15,146.61,146.61,1
2021-12-16,146.66,146.66,1
2021-12-17,148.52,148.52,1
2021-12-20,139.7,135.79,3
2021-12-21,143.83,143.83,1
2021-12-22,145.72,145.72,1
2021-12-23,145.43,145.43,1
2021-12-24,146.1,146.1,1
2021-12-27,140.9,138.42666666666665,3
2021-12-28,147.35,147.35,1
2021-12-29,148.43,148.43,1
2021-12-30,148.8,148.8,1
2022-01-03,154.25,136.8725,4
2022-01-04,163.53,163.53,1
2022-01-05,162.22,162.22,1
2022-01-06,162.41,162.41,1
2022-01-07,163.59,163.59,1
2022-01-10,152.16,140.04333333333332,3
2022-01-11,164.27,164.27,1
2022-01-12,164.74,164.74,1
2022-01-13,165.03,165.03,1
2022-01-14,165.15,165.15,1
2022-01-17,158.99,153.56,3
2022-01-18,164.01,164.01,1
2022-01-19,164.61,164.61,1
2022-01-20,164.25,164.25,1
2022-01-21,163.3,163.3,1
2022-01-24,153.57,151.22666666666666,3
2022-01-25,163.43,163.43,1
2022-01-26,163.91,163.91,1
2022-01-27,165.15,165.15,1
2022-01-28,160.25,160.25,1
2022-02-03,184.82,130.09166666666667,6
2022-02-04,207.73,207.73,1
2022-02-07,200.6,184.59,3
2022-02-08,208.69,208.69,1
2022-02-09,206.56,206.56,1
2022-02-10,207.97,207.97,1
2022-02-11,208.48,208.48,1
2022-02-14,191.69,176.7733333333333,3
2022-02-15,208.01,208.01,1
2022-02-16,210.38,210.38,1
2022-02-17,213.11,213.11,1
2022-02-18,212.84,212.84,1
2022-02-21,214.38,201.37,3
2022-02-22,216.31,216.31,1
2022-02-23,213.28,213.28,1
2022-02-24,212.16,212.16,1
2022-02-25,212.86,212.86,1
2022-02-28,214.55,201.21666666666667,3
2022-03-02,193.98,191.97,2
2022-03-03,195.72,195.72,1
2022-03-04,195.65,195.65,1
2022-03-07,193.43,191.21666666666667,3
2022-03-08,192.68,192.68,1
2022-03-10,191.52,189.76,2
2022-03-11,190.3,190.3,1
2022-03-14,182.98,185.9333333333333,3
2022-03-15,190.16,190.16,1
2022-03-16,190.55,190.55,1
2022-03-17,191.58,191.58,1
2022-03-18,191.76,191.76,1
2022-03-21,197.97,192.5666666666667,3
2022-03-22,194.49,194.49,1
2022-03-23,198.92,198.92,1
2022-03-24,195.14,195.14,1
2022-03-25,195.56,195.56,1
2022-03-28,195.98,192.42999999999998,3
2022-03-29,195.68,195.68,1
2022-03-30,194.75,194.75,1
2022-03-31,195.59,195.59,1
2022-04-01,205.03,205.03,1
2022-04-04,205.98,202.29666666666665,3
2022-04-05,205.26,205.26,1
2022-04-06,204.52,204.52,1
2022-04-07,205.12,205.12,1
2022-04-08,208.03,208.03,1
2022-04-11,200.96,194.66333333333333,3
2022-04-12,203.29,203.29,1
2022-04-13,202.61,202.61,1
2022-04-14,204.44,204.44,1
2022-04-15,202.38,202.38,1
2022-04-18,208.08,197.97333333333336,3
2022-04-19,203.63,203.63,1
2022-04-20,203.74,203.74,1
2022-04-21,203.09,203.09,1
2022-04-22,203.05,203.05,1
2022-04-25,203.58,194.65,3
2022-04-26,205.38,205.38,1
2022-04-27,202.66,202.66,1
2022-04-28,201.39,201.39,1
2022-04-29,202.45,202.45,1
2022-05-02,139.89,157.97,3
2022-05-03,140.19,140.19,1
2022-05-04,141.94,141.94,1
2022-05-06,138.8,138.385,2
2022-05-09,139.96,139.92333333333332,3
2022-05-10,139.0,139.0,1
2022-05-11,140.99,140.99,1
2022-05-12,142.64,142.64,1
2022-05-13,141.48,141.48,1
2022-05-16,140.87,136.87333333333333,3
2022-05-17,142.23,142.23,1
2022-05-18,143.06,143.06,1
2022-05-19,142.87,142.87,1
2022-05-20,140.72,140.72,1
2022-05-23,136.4,134.88333333333333,3
2022-05-24,140.86,140.86,1
2022-05-25,140.19,140.19,1
2022-05-26,138.79,138.79,1
2022-05-27,138.86,138.86,1
2022-05-30,137.64,135.3033333333333,3
2022-05-31,139.16,139.16,1
2022-06-02,129.24,129.41000000000003,2
2022-06-03,130.32,130.32,1
2022-06-07,125.99,124.6275,4
2022-06-08,129.07,129.07,1
2022-06-09,128.23,128.23,1
2022-06-10,129.0,129.0,1
2022-06-13,128.28,124.28666666666668,3
2022-06-14,132.26,132.26,1
2022-06-15,131.89,131.89,1
2022-06-16,129.15,129.15,1
2022-06-17,131.37,131.37,1
2022-06-20,128.52,123.11333333333334,3
2022-06-21,132.26,132.26,1
2022-06-22,132.34,132.34,1
2022-06-23,132.35,132.35,1
2022-06-24,133.33,133.33,1
2022-06-27,131.55,127.04,3
2022-06-28,132.41,132.41,1
2022-06-29,135.0,135.0,1
2022-06-30,133.8,133.8,1
2022-07-01,152.5,152.5,1
2022-07-04,151.04,146.71,3
2022-07-05,156.15,156.15,1
2022-07-06,157.8,157.8,1
2022-07-07,159.55,159.55,1
2022-07-08,157.83,157.83,1
2022-07-11,152.56,146.35666666666665,3
2022-07-12,156.69,156.69,1
2022-07-13,154.93,154.93,1
2022-07-14,155.43,155.43,1
2022-07-15,150.88,150.88,1
2022-07-18,151.31,143.95000000000002,3
2022-07-19,153.4,153.4,1
2022-07-20,150.6,150.6,1
2022-07-21,154.59,154.59,1
2022-07-22,150.41,150.41,1
2022-07-25,149.66,142.13,3
2022-07-26,152.75,152.75,1
2022-07-27,153.19,153.19,1
2022-07-28,155.75,155.75,1
2022-07-29,154.38,154.38,1
2022-08-01,200.2,163.21,3
2022-08-02,193.19,193.19,1
2022-08-03,201.4,201.4,1
2022-08-04,206.39,206.39,1
2022-08-05,203.37,203.37,1
2022-08-08,203.08,188.67999999999998,3
2022-08-09,206.58,206.58,1
2022-08-10,206.94,206.94,1
2022-08-11,206.27,206.27,1
2022-08-12,206.58,206.58,1
2022-08-16,203.59,193.5875,4
2022-08-17,199.01,199.01,1
2022-08-18,200.65,200.65,1
2022-08-19,197.47,197.47,1
2022-08-22,200.19,189.93999999999997,3
2022-08-23,205.76,205.76,1
2022-08-24,205.61,205.61,1
2022-08-25,198.28,198.28,1
2022-08-26,193.74,193.74,1
2022-08-29,193.17,172.85,3
2022-08-30,196.52,196.52,1
2022-08-31,194.34,194.34,1
2022-09-01,226.82,226.82,1
2022-09-02,243.51,243.51,1
2022-09-05,231.37,223.60999999999999,3
2022-09-06,245.58,245.58,1
2022-09-07,224.12,224.12,1
2022-09-08,241.19,241.19,1
2022-09-13,227.92,194.39600000000002,5
2022-09-14,242.53,242.53,1
2022-09-15,242.31,242.31,1
2022-09-16,253.75,253.75,1
2022-09-19,246.33,238.52333333333334,3
2022-09-20,246.39,246.39,1
2022-09-21,252.25,252.25,1
2022-09-22,244.92,244.92,1
2022-09-23,244.77,244.77,1
2022-09-26,242.04,243.32333333333335,3
2022-09-27,234.22,234.22,1
2022-09-28,239.24,239.24,1
2022-09-29,241.61,241.61,1
2022-09-30,234.67,234.67,1
2022-10-04,263.35,240.28,4
2022-10-05,253.6,253.6,1
2022-10-06,267.01,267.01,1
2022-10-07,262.86,262.86,1
2022-10-11,266.92,238.3175,4
2022-10-12,257.4,257.4,1
2022-10-13,268.98,268.98,1
2022-10-14,258.05,258.05,1
2022-10-17,247.41,240.8033333333333,3
2022-10-18,265.42,265.42,1
2022-10-19,266.55,266.55,1
2022-10-20,267.88,267.88,1
2022-10-21,265.42,265.42,1
2022-10-24,247.07,248.74333333333334,3
2022-10-25,254.78,254.78,1
2022-10-26,265.26,265.26,1
2022-10-27,266.21,266.21,1
2022-10-28,253.3,253.3,1
2022-10-31,245.31,239.0666666666667,3
2022-11-01,253.9,253.9,1
2022-11-02,255.02,255.02,1
2022-11-03,258.66,258.66,1
2022-11-04,254.25,254.25,1
2022-11-07,242.38,221.98333333333335,3
2022-11-08,250.96,250.96,1
2022-11-09,255.81,255.81,1
2022-11-10,258.26,258.26,1
2022-11-11,253.39,253.39,1
2022-11-14,235.3,216.47333333333336,3
2022-11-15,256.29,256.29,1
2022-11-16,255.92,255.92,1
2022-11-17,260.4,260.4,1
2022-11-18,260.49,260.49,1
2022-11-21,243.34,225.42666666666665,3
2022-11-22,257.99,257.99,1
2022-11-23,253.67,253.67,1
2022-11-24,253.23,253.23,1
2022-11-25,249.7,249.7,1
2022-11-28,229.96,213.98666666666668,3
2022-11-29,251.69,251.69,1
2022-11-30,249.95,249.95,1
2022-12-01,276.61,276.61,1
2022-12-02,276.47,276.47,1
2022-12-05,256.63,249.87333333333333,3
2022-12-06,274.89,274.89,1
2022-12-07,275.97,275.97,1
2022-12-08,274.43,274.43,1
2022-12-09,276.99,276.99,1
2022-12-12,252.04,243.95000000000002,3
2022-12-13,274.74,274.74,1
2022-12-14,275.79,275.79,1
2022-12-15,279.94,279.94,1
2022-12-16,282.65,282.65,1
2022-12-19,256.52,254.93666666666664,3
2022-12-20,277.35,277.35,1
2022-12-21,276.6,276.6,1
2022-12-22,280.97,280.97,1
2022-12-23,279.42,279.42,1
2022-12-26,269.25,264.02666666666664,3
2022-12-27,275.74,275.74,1
2022-12-28,276.34,276.34,1
2022-12-29,277.34,277.34,1
2023-01-02,252.34,240.14,4
2023-01-03,257.58,257.58,1
2023-01-04,262.17,262.17,1
2023-01-05,261.74,261.74,1
2023-01-06,265.65,265.65,1
2023-01-09,252.63,248.0533333333333,3
2023-01-10,253.96,253.96,1
2023-01-11,250.18,250.18,1
2023-01-12,246.01,246.01,1
2023-01-13,247.82,247.82,1
2023-01-16,233.99,232.41666666666666,3
2023-01-17,251.91,251.91,1
2023-01-18,255.78,255.78,1
2023-01-19,258.78,258.78,1
2023-01-20,237.65,237.65,1
2023-01-25,239.69,185.778,5
2023-01-26,263.38,263.38,1
2023-01-27,263.09,263.09,1
2023-01-30,253.28,240.0533333333333,3
2023-01-31,261.15,261.15,1
2023-02-01,260.84,260.84,1
2023-02-02,260.67,260.67,1
2023-02-03,260.88,260.88,1
2023-02-06,260.11,241.27666666666667,3
2023-02-07,259.81,259.81,1
2023-02-08,258.22,258.22,1
2023-02-09,261.21,261.21,1
2023-02-10,256.67,256.67,1
2023-02-13,259.07,247.71666666666667,3
2023-02-14,260.38,260.38,1
2023-02-15,260.76,260.76,1
2023-02-16,262.34,262.34,1
2023-02-17,258.91,258.91,1
2023-02-20,259.58,249.0533333333333,3
2023-02-21,259.06,259.06,1
2023-02-22,260.2,260.2,1
2023-02-23,258.0,258.0,1
2023-02-24,255.07,255.07,1
2023-02-27,255.85,237.9333333333333,3
2023-02-28,253.17,253.17,1
2023-03-02,225.57,231.58499999999998,2
2023-03-03,232.67,232.67,1
2023-03-06,221.96,197.42,3
2023-03-07,227.04,227.04,1
2023-03-08,214.42,214.42,1
2023-03-09,225.25,225.25,1
2023-03-10,231.83,231.83,1
2023-03-13,214.69,199.89333333333335,3
2023-03-14,226.42,226.42,1
2023-03-15,219.59,219.59,1
2023-03-16,220.6,220.6,1
2023-03-17,224.54,224.54,1
2023-03-20,215.56,168.16666666666666,3
2023-03-21,234.35,234.35,1
2023-03-22,237.55,237.55,1
2023-03-23,238.22,238.22,1
2023-03-24,228.27,228.27,1
2023-03-27,222.32,203.99333333333334,3
2023-03-28,229.68,229.68,1
2023-03-29,225.33,225.33,1
2023-03-30,236.64,236.64,1
2023-03-31,225.61,225.61,1
2023-04-03,163.61,156.08,3
2023-04-04,175.58,175.58,1
2023-04-05,177.71,177.71,1
2023-04-06,175.3,175.3,1
2023-04-07,169.97,169.97,1
2023-04-10,164.44,157.1,3
2023-04-11,172.43,172.43,1
2023-04-12,172.44,172.44,1
2023-04-13,168.09,168.09,1
2023-04-14,170.85,170.85,1
2023-04-17,163.3,163.74666666666667,3
2023-04-18,178.78,178.78,1
2023-04-19,173.91,173.91,1
2023-04-20,169.05,169.05,1
2023-04-21,164.14,164.14,1
2023-04-24,163.96,156.60666666666665,3
2023-04-25,170.35,170.35,1
2023-04-26,163.36,163.36,1
2023-04-27,171.47,171.47,1
2023-04-28,168.49,168.49,1
2023-05-02,134.39,134.61,4
2023-05-03,148.2,148.2,1
2023-05-04,154.28,154.28,1
2023-05-08,149.78,135.1,4
2023-05-09,151.99,151.99,1
2023-05-10,149.68,149.68,1
2023-05-11,142.95,142.95,1
2023-05-12,147.48,147.48,1
2023-05-15,140.7,127.24333333333334,3
2023-05-16,147.35,147.35,1
2023-05-17,153.89,153.89,1
2023-05-18,157.34,157.34,1
2023-05-19,152.87,152.87,1
2023-05-22,147.44,137.11666666666667,3
2023-05-23,153.43,153.43,1
2023-05-24,147.99,147.99,1
2023-05-25,150.38,150.38,1
2023-05-26,152.87,152.87,1
2023-05-30,156.75,144.5675,4
2023-05-31,149.32,149.32,1
2023-06-01,150.22,150.22,1
2023-06-02,148.8,148.8,1
2023-06-05,143.05,138.63666666666668,3
2023-06-07,148.01,145.2,2
2023-06-08,146.26,146.26,1
2023-06-09,145.84,145.84,1
2023-06-12,146.36,130.85,3
2023-06-13,146.96,146.96,1
2023-06-14,153.29,153.29,1
2023-06-15,146.6,146.6,1
2023-06-16,149.06,149.06,1
2023-06-19,155.83,152.92666666666665,3
2023-06-20,154.94,154.94,1
2023-06-21,153.33,153.33,1
2023-06-22,146.8,146.8,1
2023-06-23,148.25,148.25,1
2023-06-26,151.71,146.81,3
2023-06-27,150.24,150.24,1
2023-06-28,155.01,155.01,1
2023-06-29,151.63,151.63,1
2023-06-30,149.94,149.94,1
2023-07-03,153.52,151.06000000000003,3
2023-07-04,154.02,154.02,1
2023-07-05,154.77,154.77,1
2023-07-06,152.38,152.38,1
2023-07-07,159.38,159.38,1
2023-07-10,152.07,152.57666666666668,3
2023-07-11,155.02,155.02,1
2023-07-12,150.51,150.51,1
2023-07-13,148.8,148.8,1
2023-07-14,151.95,151.95,1
2023-07-17,155.64,147.42333333333332,3
2023-07-18,155.42,155.42,1
2023-07-19,154.81,154.81,1
2023-07-20,150.12,150.12,1
2023-07-21,155.83,155.83,1
2023-07-24,151.51,151.00333333333333,3
2023-07-25,158.31,158.31,1
2023-07-26,161.3,161.3,1
2023-07-27,158.08,158.08,1
2023-07-28,158.68,158.68,1
2023-07-31,153.98,154.17666666666665,3
2023-08-01,145.9,145.9,1
2023-08-02,149.41,149.41,1
2023-08-03,146.3,146.3,1
2023-08-04,150.63,150.63,1
2023-08-07,152.3,149.98666666666668,3
2023-08-08,157.8,157.8,1
2023-08-09,155.54,155.54,1
2023-08-10,156.46,156.46,1
2023-08-11,145.99,145.99,1
2023-08-14,142.4,138.87,3
2023-08-16,148.58,145.91500000000002,2
2023-08-17,147.05,147.05,1
2023-08-18,146.79,146.79,1
2023-08-21,146.55,143.00333333333333,3
2023-08-22,147.5,147.5,1
2023-08-23,149.3,149.3,1
2023-08-24,143.64,143.64,1
2023-08-25,144.99,144.99,1
2023-08-28,144.52,144.39333333333335,3
2023-08-29,148.5,148.5,1
2023-08-30,145.58,145.58,1
2023-08-31,143.8,143.8,1
2023-09-01,145.94,145.94,1
2023-09-04,149.77,139.35666666666665,3
2023-09-05,149.3,149.3,1
2023-09-06,146.99,146.99,1
2023-09-07,145.76,145.76,1
2023-09-08,143.08,143.08,1
2023-09-11,141.41,139.74,3
2023-09-12,144.95,144.95,1
2023-09-13,148.36,148.36,1
2023-09-14,151.83,151.83,1
2023-09-15,147.81,147.81,1
2023-09-18,146.59,140.28666666666666,3
2023-09-19,145.58,145.58,1
2023-09-20,148.9,148.9,1
2023-09-21,146.8,146.8,1
2023-09-22,144.49,144.49,1
2023-09-25,144.91,136.4466666666667,3
2023-09-26,145.0,145.0,1
2023-09-27,139.91,139.91,1
2023-10-04,144.99,121.04857142857144,7
2023-10-05,146.62,146.62,1
2023-10-06,146.74,146.74,1
2023-10-10,141.01,132.3175,4
2023-10-11,149.05,149.05,1
2023-10-12,148.42,148.42,1
2023-10-13,149.45,149.45,1
2023-10-16,142.84,135.25666666666666,3
2023-10-17,142.72,142.72,1
2023-10-18,140.17,140.17,1
2023-10-19,145.07,145.07,1
2023-10-20,146.81,146.81,1
2023-10-23,143.58,119.89333333333333,3
2023-10-24,144.59,144.59,1
2023-10-25,144.24,144.24,1
2023-10-26,144.72,144.72,1
2023-10-27,142.34,142.34,1
2023-10-30,142.78,120.36333333333334,3
2023-10-31,139.35,139.35,1
2023-11-01,136.53,136.53,1
2023-11-02,135.24,135.24,1
2023-11-03,129.28,129.28,1
2023-11-06,120.1,110.38333333333333,3
2023-11-07,118.11,118.11,1
2023-11-08,124.78,124.78,1
2023-11-09,113.01,113.01,1
2023-11-10,123.69,123.69,1
2023-11-13,123.09,102.95333333333333,3
2023-11-14,131.33,131.33,1
2023-11-15,130.18,130.18,1
2023-11-16,135.03,135.03,1
2023-11-17,128.61,128.61,1
2023-11-20,124.19,105.30333333333333,3
2023-11-21,126.49,126.49,1
2023-11-22,125.22,125.22,1
2023-11-23,116.57,116.57,1
2023-11-24,134.98,134.98,1
2023-11-27,130.6,116.78666666666668,3
2023-11-28,128.57,128.57,1
2023-11-29,127.26,127.26,1
2023-11-30,128.84,128.84,1
2023-12-01,140.16,140.16,1
2023-12-04,137.75,120.07333333333334,3
2023-12-05,139.27,139.27,1
2023-12-06,134.55,134.55,1
2023-12-07,132.27,132.27,1
2023-12-08,135.61,135.61,1
2023-12-11,137.17,121.84666666666665,3
2023-12-12,132.28,132.28,1
2023-12-13,136.8,136.8,1
2023-12-14,137.67,137.67,1
2023-12-15,136.72,136.72,1
2023-12-18,142.9,124.15666666666668,3
2023-12-19,138.97,138.97,1
2023-12-20,140.13,140.13,1
2023-12-21,145.83,145.83,1
2023-12-22,146.74,146.74,1
2023-12-26,146.11,124.0275,4
2023-12-27,141.0,141.0,1
2023-12-28,137.75,137.75,1
2024-01-02,143.27,118.86600000000001,5
2024-01-03,145.22,145.22,1
2024-01-04,137.29,137.29,1
2024-01-05,139.28,139.28,1
2024-01-08,147.34,118.25666666666666,3
2024-01-09,153.04,153.04,1
2024-01-10,148.37,148.37,1
2024-01-11,147.61,147.61,1
2024-01-12,141.63,141.63,1
2024-01-15,147.8,118.71333333333332,3
2024-01-16,148.42,148.42,1
2024-01-17,152.17,152.17,1
2024-01-18,147.06,147.06,1
2024-01-19,145.89,145.89,1
2024-01-22,148.7,122.26666666666665,3
2024-01-23,164.48,164.48,1
2024-01-24,163.39,163.39,1
2024-01-25,156.66,156.66,1
2024-01-26,155.69,155.69,1
2024-01-29,142.89,118.59333333333332,3
2024-01-30,150.7,150.7,1
2024-01-31,153.15,153.15,1
2024-02-01,134.02,134.02,1
2024-02-02,127.0,127.0,1
2024-02-05,144.12,111.18666666666667,3
2024-02-06,137.69,137.69,1
2024-02-07,141.27,141.27,1
2024-02-08,105.37,105.37,1
2024-02-13,126.31,93.52799999999999,5
2024-02-14,130.38,130.38,1
2024-02-15,120.68,120.68,1
2024-02-16,123.82,123.82,1
2024-02-19,122.33,102.56333333333333,3
2024-02-20,129.37,129.37,1
2024-02-21,129.65,129.65,1
2024-02-22,132.69,132.69,1
2024-02-23,131.53,131.53,1
2024-02-26,135.17,113.8,3
2024-02-27,136.1,136.1,1
2024-02-28,135.97,135.97,1
2024-02-29,137.36,137.36,1
2024-03-04,130.21,108.3775,4
2024-03-05,138.43,138.43,1
2024-03-06,142.25,142.25,1
2024-03-07,136.59,136.59,1
2024-03-08,134.51,134.51,1
2024-03-11,138.49,130.64666666666668,3
2024-03-12,150.47,150.47,1
2024-03-13,148.44,148.44,1
2024-03-14,143.28,143.28,1
2024-03-15,135.84,135.84,1
2024-03-18,137.26,130.84,3
2024-03-19,139.72,139.72,1
2024-03-20,132.18,132.18,1
2024-03-21,139.27,139.27,1
2024-03-22,146.64,146.64,1
2024-03-25,150.0,132.85666666666665,3
2024-03-26,149.27,149.27,1
2024-03-27,149.86,149.86,1
2024-03-28,147.72,147.72,1
2024-03-29,140.02,140.02,1
2024-04-01,119.45,124.45,3
2024-04-02,133.07,133.07,1
2024-04-03,140.41,140.41,1
2024-04-04,141.69,141.69,1
2024-04-05,133.99,133.99,1
2024-04-08,128.6,112.58999999999999,3
2024-04-09,124.5,124.5,1
2024-04-11,123.75,126.545,2
2024-04-12,109.42,109.42,1
2024-04-15,132.87,112.13666666666667,3
2024-04-16,133.54,133.54,1
2024-04-17,131.11,131.11,1
2024-04-18,127.61,127.61,1
2024-04-19,109.91,109.91,1
2024-04-22,129.13,118.15333333333332,3
2024-04-23,140.39,140.39,1
2024-04-24,139.08,139.08,1
2024-04-25,139.22,139.22,1
2024-04-26,138.37,138.37,1
2024-04-29,138.91,124.98666666666666,3
2024-04-30,134.27,134.27,1
2024-05-02,136.12,130.655,2
2024-05-03,138.05,138.05,1
2024-05-07,133.22,130.375,4
2024-05-08,134.12,134.12,1
2024-05-09,132.4,132.4,1
2024-05-10,127.23,127.23,1
2024-05-13,125.55,114.14999999999999,3
2024-05-14,130.07,130.07,1
2024-05-16,125.32,115.8,2
2024-05-17,129.14,129.14,1
2024-05-20,128.7,121.29,3
2024-05-21,130.23,130.23,1
2024-05-22,130.77,130.77,1
2024-05-23,128.64,128.64,1
2024-05-24,129.68,129.68,1
2024-05-27,127.41,111.32333333333334,3
2024-05-28,133.08,133.08,1
2024-05-29,132.12,132.12,1
2024-05-30,137.41,137.41,1
2024-05-31,133.61,133.61,1
2024-06-03,123.42,109.26666666666667,3
2024-06-04,130.72,130.72,1
2024-06-05,131.39,131.39,1
2024-06-07,126.41,129.76999999999998,2
2024-06-10,125.96,121.59666666666668,3
2024-06-11,128.48,128.48,1
2024-06-12,134.29,134.29,1
2024-06-13,130.53,130.53,1
2024-06-14,133.02,133.02,1
2024-06-17,130.52,121.42666666666666,3
2024-06-18,135.69,135.69,1
2024-06-19,128.96,128.96,1
2024-06-20,129.18,129.18,1
2024-06-21,133.63,133.63,1
2024-06-24,127.68,123.94,3
2024-06-25,136.07,136.07,1
2024-06-26,123.62,123.62,1
2024-06-27,125.41,125.41,1
2024-06-28,126.96,126.96,1
2024-07-01,131.95,126.23,3
2024-07-02,133.31,133.31,1
2024-07-03,129.1,129.1,1
2024-07-04,128.74,128.74,1
2024-07-05,131.28,131.28,1
2024-07-08,135.96,130.91666666666666,3
2024-07-09,134.6,134.6,1
2024-07-10,133.78,133.78,1
2024-07-11,130.18,130.18,1
2024-07-12,131.24,131.24,1
2024-07-15,130.78,127.67666666666666,3
2024-07-16,131.76,131.76,1
2024-07-17,131.45,131.45,1
2024-07-18,133.49,133.49,1
2024-07-19,138.25,138.25,1
2024-07-22,131.19,129.85333333333332,3
2024-07-23,137.1,137.1,1
2024-07-24,135.76,135.76,1
2024-07-25,134.78,134.78,1
2024-07-26,143.25,143.25,1
2024-07-29,131.92,132.77333333333334,3
2024-07-30,131.9,131.9,1
2024-07-31,134.37,134.37,1
2024-08-01,138.22,138.22,1
2024-08-02,144.66,144.66,1
2024-08-05,146.46,141.6866666666667,3
2024-08-06,153.32,153.32,1
2024-08-07,147.66,147.66,1
2024-08-08,148.91,148.91,1
2024-08-09,149.06,149.06,1
2024-08-12,148.62,143.57666666666668,3
2024-08-13,152.18,152.18,1
2024-08-14,149.66,149.66,1
2024-08-16,147.72,147.185,2
2024-08-19,150.47,145.74333333333334,3
2024-08-20,159.76,159.76,1
2024-08-21,156.62,156.62,1
2024-08-22,149.24,149.24,1
2024-08-23,146.23,146.23,1
2024-08-26,145.96,140.02,3
2024-08-27,147.92,147.92,1
2024-08-28,142.69,142.69,1
2024-08-29,137.12,137.12,1
2024-08-30,138.9,138.9,1
2024-09-02,145.05,139.57000000000002,3
2024-09-03,139.8,139.8,1
2024-09-04,138.95,138.95,1
2024-09-05,138.86,138.86,1
2024-09-06,141.55,141.55,1
2024-09-09,142.75,140.09,3
2024-09-10,149.94,149.94,1
2024-09-11,151.46,151.46,1
2024-09-12,153.33,153.33,1
2024-09-13,145.53,145.53,1
2024-09-19,138.92,132.59166666666667,6
2024-09-20,156.19,156.19,1
2024-09-23,139.5,138.46666666666667,3
2024-09-24,133.5,133.5,1
2024-09-25,132.81,132.81,1
2024-09-26,135.7,135.7,1
2024-09-27,137.22,137.22,1
2024-09-30,131.12,124.09666666666665,3
2024-10-02,128.73,127.84,2
2024-10-04,114.36,114.24000000000001,2
2024-10-07,126.62,106.17333333333333,3
2024-10-08,125.44,125.44,1
2024-10-10,122.49,123.13,2
2024-10-11,127.74,127.74,1
2024-10-14,126.37,109.84666666666665,3
2024-10-15,128.48,128.48,1
2024-10-16,126.25,126.25,1
2024-10-17,124.86,124.86,1
2024-10-18,126.98,126.98,1
2024-10-21,122.47,107.30333333333333,3
2024-10-22,124.78,124.78,1
2024-10-23,119.94,119.94,1
2024-10-24,116.12,116.12,1
2024-10-25,121.9,121.9,1
2024-10-28,122.79,105.02666666666669,3
2024-10-29,125.49,125.49,1
2024-10-30,107.08,107.08,1
2024-10-31,121.21,121.21,1
2024-11-01,117.9,117.9,1
2024-11-04,116.79,107.37333333333333,3
2024-11-05,118.98,118.98,1
2024-11-06,114.81,114.81,1
2024-11-07,115.89,115.89,1
2024-11-08,118.9,118.9,1
2024-11-11,114.95,103.74666666666667,3
2024-11-12,113.49,113.49,1
2024-11-13,119.85,119.85,1
2024-11-14,122.38,122.38,1
2024-11-15,110.43,110.43,1
2024-11-18,105.96,98.12,3
2024-11-19,118.77,118.77,1
2024-11-20,118.99,118.99,1
2024-11-21,115.92,115.92,1
2024-11-22,110.38,110.38,1
2024-11-25,109.32,101.11,3
2024-11-26,122.76,122.76,1
2024-11-27,121.68,121.68,1
2024-11-28,126.14,126.14,1
2024-11-29,125.17,125.17,1
2024-12-02,124.32,109.62,3
2024-12-03,115.59,115.59,1
2024-12-04,124.86,124.86,1
2024-12-05,123.0,123.0,1
2024-12-06,117.24,117.24,1
2024-12-09,123.25,102.85000000000001,3
2024-12-10,129.2,129.2,1
2024-12-11,128.36,128.36,1
2024-12-12,129.52,129.52,1
2024-12-13,129.67,129.67,1
2024-12-16,131.87,112.67,3
2024-12-17,124.52,124.52,1
2024-12-18,129.39,129.39,1
2024-12-19,128.02,128.02,1
2024-12-20,128.94,128.94,1
2024-12-23,129.42,109.54666666666667,3
2024-12-24,126.51,126.51,1
2024-12-26,121.42,116.15,2
2024-12-27,116.57,116.57,1
2024-12-30,118.73,98.81,3
2025-01-02,115.76,100.86333333333334,3
2025-01-03,116.2,116.2,1
2025-01-06,109.44,94.12666666666667,3
2025-01-07,115.69,115.69,1
2025-01-08,122.01,122.01,1
2025-01-09,132.78,132.78,1
2025-01-10,134.73,134.73,1
2025-01-13,131.27,122.04333333333334,3
2025-01-14,130.31,130.31,1
2025-01-15,129.35,129.35,1
2025-01-16,130.51,130.51,1
2025-01-17,129.79,129.79,1
2025-01-20,127.33,116.45666666666666,3
2025-01-21,130.53,130.53,1
2025-01-22,129.85,129.85,1
2025-01-23,126.56,126.56,1
2025-01-24,127.78,127.78,1
2025-01-31,123.8,105.20285714285714,7
2025-02-03,118.04,105.38333333333333,3
2025-02-04,129.28,129.28,1
2025-02-05,121.72,121.72,1
2025-02-06,122.95,122.95,1
2025-02-07,127.86,127.86,1
2025-02-10,121.71,114.05333333333333,3
2025-02-11,122.95,122.95,1
2025-02-12,126.6,126.6,1
2025-02-13,125.27,125.27,1
2025-02-14,120.69,120.69,1
2025-02-17,124.6,114.85333333333334,3
2025-02-18,125.42,125.42,1
2025-02-19,126.04,126.04,1
2025-02-20,122.73,122.73,1
2025-02-21,122.57,122.57,1
2025-02-24,115.32,99.46666666666665,3
2025-02-25,115.62,115.62,1
2025-02-26,115.13,115.13,1
2025-02-27,106.34,106.34,1
2025-02-28,103.89,103.89,1
2025-03-04,113.37,97.2775,4
2025-03-05,116.93,116.93,1
2025-03-06,106.88,106.88,1
2025-03-07,111.02,111.02,1
2025-03-10,115.68,110.76666666666667,3
2025-03-11,114.57,114.57,1
2025-03-12,118.88,118.88,1
2025-03-13,104.73,104.73,1
2025-03-14,110.77,110.77,1
2025-03-17,112.12,99.52666666666669,3
2025-03-18,124.82,124.82,1
2025-03-19,123.22,123.22,1
2025-03-20,124.94,124.94,1
2025-03-21,121.81,121.81,1
2025-03-24,112.38,118.06666666666666,3
2025-03-25,115.58,115.58,1
2025-03-26,120.25,120.25,1
2025-03-27,121.33,121.33,1
2025-03-28,125.83,125.83,1
2025-03-31,120.5,121.45333333333333,3
2025-04-01,128.85,128.85,1
2025-04-02,123.12,123.12,1
2025-04-03,135.42,135.42,1
2025-04-04,133.65,133.65,1
2025-04-07,128.14,114.32666666666667,3
2025-04-08,135.99,135.99,1
2025-04-09,135.54,135.54,1
2025-04-10,131.79,131.79,1
2025-04-11,129.53,129.53,1
2025-04-14,133.77,120.59666666666668,3
2025-04-15,136.0,136.0,1
2025-04-16,137.75,137.75,1
2025-04-17,130.26,130.26,1
2025-04-18,131.13,131.13,1
2025-04-21,126.13,108.7,3
2025-04-22,129.93,129.93,1
2025-04-23,129.93,129.93,1
2025-04-24,129.54,129.54,1
2025-04-25,125.74,125.74,1
2025-04-28,116.98,108.96,3
2025-04-29,124.4,124.4,1
2025-04-30,130.14,130.14,1
2025-05-02,125.93,122.565,2
2025-05-07,122.31,120.91199999999999,5
2025-05-08,124.99,124.99,1
2025-05-09,122.04,122.04,1
2025-05-12,124.45,118.29,3
2025-05-13,126.32,126.32,1
2025-05-14,127.96,127.96,1
2025-05-15,125.64,125.64,1
2025-05-16,132.35,132.35,1
2025-05-19,123.81,118.71666666666665,3
2025-05-20,130.49,130.49,1
2025-05-21,134.22,134.22,1
2025-05-22,139.54,139.54,1
2025-05-23,133.82,133.82,1
2025-05-26,128.2,127.25999999999999,3
2025-05-27,131.31,131.31,1
2025-05-28,131.93,131.93,1
2025-05-29,127.76,127.76,1
2025-05-30,128.71,128.71,1
2025-06-02,115.11,113.04333333333334,3
2025-06-04,117.08,116.895,2
2025-06-05,117.87,117.87,1
2025-06-09,119.6,111.0875,4
2025-06-10,122.04,122.04,1
2025-06-11,124.07,124.07,1
2025-06-12,122.4,122.4,1
2025-06-13,123.26,123.26,1
2025-06-16,116.88,113.33333333333333,3
2025-06-17,126.74,126.74,1
2025-06-18,120.91,120.91,1
2025-06-19,125.0,125.0,1
2025-06-20,127.2,127.2,1
2025-06-23,120.87,112.83333333333333,3
2025-06-24,121.75,121.75,1
2025-06-25,122.0,122.0,1
2025-06-26,121.84,121.84,1
2025-06-27,117.9,117.9,1
2025-06-30,125.98,116.63333333333333,3
2025-07-01,122.07,122.07,1
2025-07-02,124.21,124.21,1
2025-07-03,126.29,126.29,1
2025-07-04,126.72,126.72,1
2025-07-07,123.71,120.39333333333333,3
2025-07-08,129.24,129.24,1
2025-07-09,128.63,128.63,1
2025-07-10,126.92,126.92,1
2025-07-11,120.76,120.76,1
2025-07-14,120.43,119.34666666666668,3
2025-07-15,120.04,120.04,1
2025-07-16,120.97,120.97,1
2025-07-17,118.83,118.83,1
2025-07-18,115.85,115.85,1
2025-07-21,118.37,109.56666666666666,3
2025-07-22,123.06,123.06,1
2025-07-23,117.77,117.77,1
2025-07-24,115.21,115.21,1
2025-07-25,116.49,116.49,1
2025-07-28,117.82,118.96666666666665,3
2025-07-29,121.08,121.08,1
2025-07-30,124.73,124.73,1
2025-07-31,120.54,120.54,1
2025-08-01,119.59,119.59,1
2025-08-04,123.42,121.67666666666666,3
2025-08-05,112.94,112.94,1
2025-08-06,114.66,114.66,1
2025-08-07,114.7,114.7,1
2025-08-08,114.53,114.53,1
2025-08-11,113.16,112.94666666666667,3
2025-08-12,114.24,114.24,1
2025-08-13,114.13,114.13,1
2025-08-14,118.22,118.22,1
2025-08-18,112.38,114.42,4
2025-08-19,123.13,123.13,1
2025-08-20,115.3,115.3,1
2025-08-21,117.38,117.38,1
2025-08-22,120.79,120.79,1
2025-08-25,118.84,117.40666666666668,3
2025-08-26,128.5,128.5,1
2025-08-27,118.74,118.74,1
2025-08-28,120.97,120.97,1
2025-08-29,123.5,123.5,1
2025-09-01,123.34,117.7,3
2025-09-02,122.47,122.47,1
2025-09-03,124.6,124.6,1
2025-09-04,123.92,123.92,1
2025-09-05,126.17,126.17,1
2025-09-08,119.58,119.17,3
2025-09-09,120.37,120.37,1
2025-09-10,116.02,116.02,1
2025-09-11,116.35,116.35,1
2025-09-12,120.49,120.49,1
2025-09-15,116.99,106.15333333333332,3
2025-09-16,120.5,120.5,1
2025-09-17,120.4,120.4,1
2025-09-18,115.71,115.71,1
2025-09-19,114.16,114.16,1
2025-09-22,108.18,96.71999999999998,3
2025-09-23,112.49,112.49,1
2025-09-24,109.01,109.01,1
2025-09-25,117.78,117.78,1
2025-09-26,109.01,109.01,1
2025-09-29,95.88,93.84333333333332,3
2025-09-30,95.09,95.09,1
2025-10-01,101.47,101.47,1
2025-10-02,107.6,107.6,1
2025-10-10,107.05,82.03,8
2025-10-13,114.16,93.67666666666666,3
2025-10-14,117.46,117.46,1
2025-10-15,115.52,115.52,1
2025-10-16,118.44,118.44,1
2025-10-17,114.86,114.86,1
2025-10-20,107.76,96.60000000000001,3
2025-10-21,107.48,107.48,1
2025-10-22,112.42,112.42,1
2025-10-23,109.76,109.76,1
2025-10-24,107.76,107.76,1
2025-10-27,111.97,98.56666666666666,3
2025-10-28,113.63,113.63,1
2025-10-29,111.63,111.63,1
2025-10-30,119.08,119.08,1
2025-10-31,117.76,117.76,1
2025-11-03,102.73,106.75,3
2025-11-04,104.28,104.28,1
2025-11-05,107.39,107.39,1
2025-11-06,104.66,104.66,1
2025-11-07,103.16,103.16,1
2025-11-10,101.84,88.35000000000001,3
2025-11-11,109.07,109.07,1
2025-11-12,104.02,104.02,1
2025-11-13,101.47,101.47,1
2025-11-14,100.25,100.25,1
2025-11-17,103.36,88.19,3
2025-11-18,105.77,105.77,1
2025-11-19,100.68,100.68,1
2025-11-20,95.09,95.09,1
2025-11-21,87.91,87.91,1
2025-11-24,89.64,80.53666666666668,3
2025-11-25,91.41,91.41,1
2025-11-26,85.1,85.1,1
2025-11-27,92.16,92.16,1
2025-11-28,98.85,98.85,1
2025-12-01,96.01,81.90333333333334,3
2025-12-02,99.97,99.97,1
2025-12-03,101.57,101.57,1
2025-12-04,96.66,96.66,1
2025-12-05,98.26,98.26,1
2025-12-08,98.85,88.71999999999998,3
2025-12-09,95.55,95.55,1
2025-12-10,93.06,93.06,1
2025-12-11,99.93,99.93,1
2025-12-12,91.12,91.12,1
2025-12-15,92.71,84.39666666666666,3
2025-12-16,95.43,95.43,1
2025-12-17,96.9,96.9,1
2025-12-18,92.49,92.49,1
2025-12-19,94.35,94.35,1
2025-12-22,91.55,78.77333333333333,3
2025-12-23,90.63,90.63,1
2025-12-24,94.04,94.04,1
2025-12-26,92.54,87.285,2
2025-12-29,87.31,79.05666666666667,3
2025-12-30,96.23,96.23,1
2026-01-02,97.18,89.78000000000002,3
2026-01-05,96.57,85.58,3
2026-01-06,103.38,103.38,1
2026-01-07,104.6,104.6,1
2026-01-08,114.71,114.71,1
2026-01-09,113.34,113.34,1
2026-01-12,106.94,102.21666666666665,3
2026-01-13,107.35,107.35,1
2026-01-14,114.27,114.27,1
2026-01-15,108.65,108.65,1
2026-01-16,106.81,106.81,1
2026-01-19,108.26,98.42333333333333,3
2026-01-20,109.11,109.11,1
2026-01-21,108.8,108.8,1
2026-01-22,112.86,112.86,1
2026-01-23,115.08,115.08,1
2026-01-26,106.47,96.96999999999998,3
2026-01-27,104.6,104.6,1
2026-01-28,117.58,117.58,1
2026-01-29,103.61,103.61,1
2026-01-30,111.79,111.79,1
2026-02-02,104.03,101.21999999999998,3
2026-02-03,106.17,106.17,1
2026-02-04,111.1,111.1,1
2026-02-05,109.05,109.05,1
2026-02-06,117.59,117.59,1
2026-02-09,115.47,116.21666666666665,3
2026-02-10,122.39,122.39,1
2026-02-11,118.66,118.66,1
2026-02-12,108.33,108.33,1
2026-02-13,107.88,107.88,1
2026-02-19,110.89,93.96666666666665,6
2026-02-20,112.54,112.54,1
2026-02-23,109.32,103.77333333333333,3
2026-02-24,117.23,117.23,1
2026-02-25,114.34,114.34,1
2026-02-26,117.01,117.01,1
2026-02-27,111.0,111.0,1
2026-03-03,109.56,104.925,4
2026-03-04,113.48,113.48,1
2026-03-05,112.3,112.3,1
2026-03-06,112.58,112.58,1
2026-03-09,112.06,112.00999999999999,3
2026-03-10,112.27,112.27,1
2026-03-11,116.75,116.75,1
2026-03-12,121.49,121.49,1
2026-03-13,113.05,113.05,1
2026-03-16,115.15,113.04666666666667,3
2026-03-17,104.41,104.41,1
2026-03-18,115.11,115.11,1
2026-03-19,110.61,110.61,1
2026-03-20,106.12,106.12,1
2026-03-23,107.52,109.33333333333333,3
2026-03-24,113.43,113.43,1
2026-03-25,108.62,108.62,1
2026-03-26,99.17,99.17,1
2026-03-27,101.51,101.51,1
2026-03-30,109.66,106.24000000000001,3
2026-03-31,113.25,113.25,1
2026-04-01,118.37,118.37,1
2026-04-02,122.74,122.74,1
2026-04-03,120.54,120.54,1
2026-04-06,121.79,120.67,3
2026-04-07,119.94,119.94,1
2026-04-08,121.14,121.14,1
2026-04-09,132.58,132.58,1
2026-04-10,120.34,120.34,1
2026-04-13,121.06,113.42666666666666,3
2026-04-14,117.03,117.03,1
2026-04-15,117.15,117.15,1
2026-04-16,115.94,115.94,1
2026-04-17,124.15,124.15,1
