Experiment,Dataset,Target,FeatureSet,Model,Split,Accuracy,Precision,Recall,F1,AUC
A_FreqGE2_rfm_Logistic_Churn_30,A_FreqGE2,Churn_30,rfm,Logistic,Training,0.6682776801405975,0.6460176991150443,0.7182468694096601,0.6802202456586193,0.7256041042943079
A_FreqGE2_rfm_Logistic_Churn_30,A_FreqGE2,Churn_30,rfm,Logistic,Validation,0.6513157894736842,0.6245210727969349,0.7276785714285714,0.6721649484536083,0.7147282943349754
A_FreqGE2_rfm_Logistic_Churn_30,A_FreqGE2,Churn_30,rfm,Logistic,Test,0.6608084358523726,0.6494845360824743,0.675,0.6619964973730298,0.7343178447849729
A_FreqGE2_rfm_RandomForest_Churn_30,A_FreqGE2,Churn_30,rfm,RandomForest,Training,0.7302284710017575,0.6709633649932157,0.8846153846153846,0.7631172839506173,0.8160521347953569
A_FreqGE2_rfm_RandomForest_Churn_30,A_FreqGE2,Churn_30,rfm,RandomForest,Validation,0.6842105263157895,0.6273885350318471,0.8794642857142857,0.7323420074349443,0.7438808497536946
A_FreqGE2_rfm_RandomForest_Churn_30,A_FreqGE2,Churn_30,rfm,RandomForest,Test,0.687170474516696,0.6401098901098901,0.8321428571428572,0.7236024844720497,0.7662382600098863
A_FreqGE2_rfm_XGBoost_Churn_30,A_FreqGE2,Churn_30,rfm,XGBoost,Training,0.7223198594024605,0.6644113667117727,0.8783542039355993,0.7565485362095532,0.7959562628799886
A_FreqGE2_rfm_XGBoost_Churn_30,A_FreqGE2,Churn_30,rfm,XGBoost,Validation,0.6885964912280702,0.632258064516129,0.875,0.7340823970037453,0.7513277401477833
A_FreqGE2_rfm_XGBoost_Churn_30,A_FreqGE2,Churn_30,rfm,XGBoost,Test,0.6889279437609842,0.6403269754768393,0.8392857142857143,0.7264296754250387,0.7682402372713791
A_FreqGE2_rfm_CatBoost_Churn_30,A_FreqGE2,Churn_30,rfm,CatBoost,Training,0.7297891036906854,0.674774148714385,0.868515205724508,0.7594837700430191,0.815271225139884
A_FreqGE2_rfm_CatBoost_Churn_30,A_FreqGE2,Churn_30,rfm,CatBoost,Validation,0.6951754385964912,0.639344262295082,0.8705357142857143,0.7372400756143668,0.7489993842364533
A_FreqGE2_rfm_CatBoost_Churn_30,A_FreqGE2,Churn_30,rfm,CatBoost,Test,0.6889279437609842,0.6458923512747875,0.8142857142857143,0.7203791469194313,0.7662506178942164
A_FreqGE2_rfm_hci_Logistic_Churn_30,A_FreqGE2,Churn_30,rfm_hci,Logistic,Training,0.6849736379613357,0.6644790812141099,0.7245080500894454,0.693196405648267,0.7599347774368861
A_FreqGE2_rfm_hci_Logistic_Churn_30,A_FreqGE2,Churn_30,rfm_hci,Logistic,Validation,0.6754385964912281,0.6544715447154471,0.71875,0.6851063829787234,0.7411676416256159
A_FreqGE2_rfm_hci_Logistic_Churn_30,A_FreqGE2,Churn_30,rfm_hci,Logistic,Test,0.664323374340949,0.656140350877193,0.6678571428571428,0.6619469026548672,0.7297701433514583
A_FreqGE2_rfm_hci_RandomForest_Churn_30,A_FreqGE2,Churn_30,rfm_hci,RandomForest,Training,0.8224956063268892,0.7605839416058394,0.9320214669051878,0.837620578778135,0.9133414282227392
A_FreqGE2_rfm_hci_RandomForest_Churn_30,A_FreqGE2,Churn_30,rfm_hci,RandomForest,Validation,0.6973684210526315,0.6433333333333333,0.8616071428571429,0.7366412213740458,0.7913523706896552
A_FreqGE2_rfm_hci_RandomForest_Churn_30,A_FreqGE2,Churn_30,rfm_hci,RandomForest,Test,0.6854130052724078,0.6455331412103746,0.8,0.7145135566188198,0.7546280276816609
A_FreqGE2_rfm_hci_XGBoost_Churn_30,A_FreqGE2,Churn_30,rfm_hci,XGBoost,Training,0.8101933216168717,0.7618320610687023,0.8926654740608229,0.8220757825370676,0.9007557289880462
A_FreqGE2_rfm_hci_XGBoost_Churn_30,A_FreqGE2,Churn_30,rfm_hci,XGBoost,Validation,0.706140350877193,0.6618705035971223,0.8214285714285714,0.7330677290836654,0.801397013546798
A_FreqGE2_rfm_hci_XGBoost_Churn_30,A_FreqGE2,Churn_30,rfm_hci,XGBoost,Test,0.6766256590509666,0.6463414634146342,0.7571428571428571,0.6973684210526315,0.7461072664359861
A_FreqGE2_rfm_hci_CatBoost_Churn_30,A_FreqGE2,Churn_30,rfm_hci,CatBoost,Training,0.8558875219683656,0.8047839506172839,0.9329159212880143,0.8641259320629661,0.94553406187338
A_FreqGE2_rfm_hci_CatBoost_Churn_30,A_FreqGE2,Churn_30,rfm_hci,CatBoost,Validation,0.7083333333333334,0.6666666666666666,0.8125,0.7323943661971831,0.7993957820197044
A_FreqGE2_rfm_hci_CatBoost_Churn_30,A_FreqGE2,Churn_30,rfm_hci,CatBoost,Test,0.6942003514938488,0.6606060606060606,0.7785714285714286,0.7147540983606557,0.7618017795353436
A_FreqGE2_rfm_Logistic_Churn_60,A_FreqGE2,Churn_60,rfm,Logistic,Training,0.6550966608084359,0.4663299663299663,0.7858156028368795,0.5853143159006867,0.7464180108437053
A_FreqGE2_rfm_Logistic_Churn_60,A_FreqGE2,Churn_60,rfm,Logistic,Validation,0.6557017543859649,0.4661016949152542,0.7801418439716312,0.583554376657825,0.7468647979286277
A_FreqGE2_rfm_Logistic_Churn_60,A_FreqGE2,Churn_60,rfm,Logistic,Test,0.6731107205623902,0.4823943661971831,0.7784090909090909,0.5956521739130435,0.7515035854730512
A_FreqGE2_rfm_RandomForest_Churn_60,A_FreqGE2,Churn_60,rfm,RandomForest,Training,0.7047451669595782,0.5142857142857142,0.8425531914893617,0.6387096774193548,0.8325320187259324
A_FreqGE2_rfm_RandomForest_Churn_60,A_FreqGE2,Churn_60,rfm,RandomForest,Validation,0.6798245614035088,0.4890829694323144,0.7943262411347518,0.6054054054054054,0.777665203197118
A_FreqGE2_rfm_RandomForest_Churn_60,A_FreqGE2,Churn_60,rfm,RandomForest,Test,0.6889279437609842,0.498220640569395,0.7954545454545454,0.612691466083151,0.7789006476983575
A_FreqGE2_rfm_XGBoost_Churn_60,A_FreqGE2,Churn_60,rfm,XGBoost,Training,0.6968365553602812,0.5062972292191436,0.8553191489361702,0.6360759493670886,0.8265594033704872
A_FreqGE2_rfm_XGBoost_Churn_60,A_FreqGE2,Churn_60,rfm,XGBoost,Validation,0.6864035087719298,0.49572649572649574,0.8226950354609929,0.6186666666666667,0.7802319036361589
A_FreqGE2_rfm_XGBoost_Churn_60,A_FreqGE2,Churn_60,rfm,XGBoost,Test,0.6889279437609842,0.49828178694158076,0.8238636363636364,0.6209850107066381,0.7884570899838075
A_FreqGE2_rfm_CatBoost_Churn_60,A_FreqGE2,Churn_60,rfm,CatBoost,Training,0.6994727592267135,0.5086848635235732,0.8723404255319149,0.6426332288401254,0.8371015434899396
A_FreqGE2_rfm_CatBoost_Churn_60,A_FreqGE2,Churn_60,rfm,CatBoost,Validation,0.6732456140350878,0.4830508474576271,0.8085106382978723,0.6047745358090185,0.786693684566025
A_FreqGE2_rfm_CatBoost_Churn_60,A_FreqGE2,Churn_60,rfm,CatBoost,Test,0.6906854130052724,0.5,0.8409090909090909,0.6271186440677966,0.7871703678001389
A_FreqGE2_rfm_hci_Logistic_Churn_60,A_FreqGE2,Churn_60,rfm_hci,Logistic,Training,0.6814586994727593,0.49085923217550276,0.7617021276595745,0.5969983324068927,0.7768806063807214
A_FreqGE2_rfm_hci_Logistic_Churn_60,A_FreqGE2,Churn_60,rfm_hci,Logistic,Validation,0.6776315789473685,0.4854368932038835,0.7092198581560284,0.5763688760806917,0.7523134076325566
A_FreqGE2_rfm_hci_Logistic_Churn_60,A_FreqGE2,Churn_60,rfm_hci,Logistic,Test,0.687170474516696,0.4963235294117647,0.7670454545454546,0.6026785714285714,0.789295628036086
A_FreqGE2_rfm_hci_RandomForest_Churn_60,A_FreqGE2,Churn_60,rfm_hci,RandomForest,Training,0.9033391915641477,0.7829638273045507,0.9517730496453901,0.8591549295774648,0.9808325545909683
A_FreqGE2_rfm_hci_RandomForest_Churn_60,A_FreqGE2,Churn_60,rfm_hci,RandomForest,Validation,0.7302631578947368,0.5555555555555556,0.6382978723404256,0.594059405940594,0.7793538219070134
A_FreqGE2_rfm_hci_RandomForest_Churn_60,A_FreqGE2,Churn_60,rfm_hci,RandomForest,Test,0.7381370826010545,0.5671641791044776,0.6477272727272727,0.6047745358090185,0.8026688642146658
A_FreqGE2_rfm_hci_XGBoost_Churn_60,A_FreqGE2,Churn_60,rfm_hci,XGBoost,Training,0.8031634446397188,0.6243949661181026,0.9148936170212766,0.7422324510932106,0.9174903277941049
A_FreqGE2_rfm_hci_XGBoost_Churn_60,A_FreqGE2,Churn_60,rfm_hci,XGBoost,Validation,0.7083333333333334,0.5208333333333334,0.7092198581560284,0.6006006006006006,0.7799392097264438
A_FreqGE2_rfm_hci_XGBoost_Churn_60,A_FreqGE2,Churn_60,rfm_hci,XGBoost,Test,0.7012302284710018,0.512396694214876,0.7045454545454546,0.5933014354066986,0.7984906315058987
A_FreqGE2_rfm_hci_CatBoost_Churn_60,A_FreqGE2,Churn_60,rfm_hci,CatBoost,Training,0.6972759226713533,0.5067453625632378,0.8524822695035461,0.6356425171866738,0.8283841434511153
A_FreqGE2_rfm_hci_CatBoost_Churn_60,A_FreqGE2,Churn_60,rfm_hci,CatBoost,Validation,0.6732456140350878,0.4824561403508772,0.7801418439716312,0.5962059620596206,0.7882472137791287
A_FreqGE2_rfm_hci_CatBoost_Churn_60,A_FreqGE2,Churn_60,rfm_hci,CatBoost,Test,0.6836555360281195,0.4930555555555556,0.8068181818181818,0.6120689655172413,0.8015122600046265
A_FreqGE2_rfm_Logistic_Churn_90,A_FreqGE2,Churn_90,rfm,Logistic,Training,0.6744288224956063,0.37748344370860926,0.8278008298755186,0.5185185185185185,0.7880105191579123
A_FreqGE2_rfm_Logistic_Churn_90,A_FreqGE2,Churn_90,rfm,Logistic,Validation,0.6557017543859649,0.3672566371681416,0.8556701030927835,0.5139318885448917,0.790770467794274
A_FreqGE2_rfm_Logistic_Churn_90,A_FreqGE2,Churn_90,rfm,Logistic,Test,0.6256590509666081,0.3434343434343434,0.85,0.4892086330935252,0.7875649591685226
A_FreqGE2_rfm_RandomForest_Churn_90,A_FreqGE2,Churn_90,rfm,RandomForest,Training,0.6810193321616872,0.3894927536231884,0.8921161825726142,0.5422446406052963,0.8273162732390588
A_FreqGE2_rfm_RandomForest_Churn_90,A_FreqGE2,Churn_90,rfm,RandomForest,Validation,0.6710526315789473,0.3789954337899543,0.8556701030927835,0.5253164556962026,0.816916980156793
A_FreqGE2_rfm_RandomForest_Churn_90,A_FreqGE2,Churn_90,rfm,RandomForest,Test,0.6239015817223199,0.34539473684210525,0.875,0.49528301886792453,0.8053266518188568
A_FreqGE2_rfm_XGBoost_Churn_90,A_FreqGE2,Churn_90,rfm,XGBoost,Training,0.6673989455184535,0.37970253718285213,0.9004149377593361,0.5341538461538462,0.8235207723300815
A_FreqGE2_rfm_XGBoost_Churn_90,A_FreqGE2,Churn_90,rfm,XGBoost,Validation,0.6578947368421053,0.37117903930131,0.8762886597938144,0.5214723926380368,0.8171179967263016
A_FreqGE2_rfm_XGBoost_Churn_90,A_FreqGE2,Churn_90,rfm,XGBoost,Test,0.6098418277680141,0.33860759493670883,0.8916666666666667,0.4908256880733945,0.8105976243504083
A_FreqGE2_rfm_CatBoost_Churn_90,A_FreqGE2,Churn_90,rfm,CatBoost,Training,0.680140597539543,0.38838475499092556,0.8879668049792531,0.5404040404040404,0.8365893457675887
A_FreqGE2_rfm_CatBoost_Churn_90,A_FreqGE2,Churn_90,rfm,CatBoost,Validation,0.6732456140350878,0.37962962962962965,0.845360824742268,0.5239616613418531,0.8151221893576085
A_FreqGE2_rfm_CatBoost_Churn_90,A_FreqGE2,Churn_90,rfm,CatBoost,Test,0.6239015817223199,0.3464052287581699,0.8833333333333333,0.49765258215962443,0.8114699331848552
A_FreqGE2_rfm_hci_Logistic_Churn_90,A_FreqGE2,Churn_90,rfm_hci,Logistic,Training,0.6652021089630932,0.3694029850746269,0.8215767634854771,0.5096525096525096,0.7960814517733154
A_FreqGE2_rfm_hci_Logistic_Churn_90,A_FreqGE2,Churn_90,rfm_hci,Logistic,Validation,0.6513157894736842,0.36637931034482757,0.8762886597938144,0.5167173252279635,0.8050713608821756
A_FreqGE2_rfm_hci_Logistic_Churn_90,A_FreqGE2,Churn_90,rfm_hci,Logistic,Test,0.655536028119508,0.36330935251798563,0.8416666666666667,0.507537688442211,0.7959168522642911
A_FreqGE2_rfm_hci_RandomForest_Churn_90,A_FreqGE2,Churn_90,rfm_hci,RandomForest,Training,0.8760984182776801,0.6436781609195402,0.9294605809128631,0.7606112054329371,0.9678099427783714
A_FreqGE2_rfm_hci_RandomForest_Churn_90,A_FreqGE2,Churn_90,rfm_hci,RandomForest,Validation,0.7412280701754386,0.42953020134228187,0.6597938144329897,0.5203252032520326,0.8155529391494127
A_FreqGE2_rfm_hci_RandomForest_Churn_90,A_FreqGE2,Churn_90,rfm_hci,RandomForest,Test,0.7574692442882249,0.45161290322580644,0.7,0.5490196078431373,0.8172234595397179
A_FreqGE2_rfm_hci_XGBoost_Churn_90,A_FreqGE2,Churn_90,rfm_hci,XGBoost,Training,0.7583479789103691,0.46458333333333335,0.9253112033195021,0.6185852981969486,0.9128249073675737
A_FreqGE2_rfm_hci_XGBoost_Churn_90,A_FreqGE2,Churn_90,rfm_hci,XGBoost,Validation,0.7127192982456141,0.4105263157894737,0.8041237113402062,0.5435540069686411,0.8160698388995778
A_FreqGE2_rfm_hci_XGBoost_Churn_90,A_FreqGE2,Churn_90,rfm_hci,XGBoost,Test,0.6977152899824253,0.3968253968253968,0.8333333333333334,0.5376344086021505,0.823682256867112
A_FreqGE2_rfm_hci_CatBoost_Churn_90,A_FreqGE2,Churn_90,rfm_hci,CatBoost,Training,0.9424428822495606,0.7872340425531915,0.9979253112033195,0.8801463860933212,0.997034837193596
A_FreqGE2_rfm_hci_CatBoost_Churn_90,A_FreqGE2,Churn_90,rfm_hci,CatBoost,Validation,0.7850877192982456,0.49612403100775193,0.6597938144329897,0.5663716814159292,0.8215260029290986
A_FreqGE2_rfm_hci_CatBoost_Churn_90,A_FreqGE2,Churn_90,rfm_hci,CatBoost,Test,0.7521968365553603,0.44385026737967914,0.6916666666666667,0.5407166123778502,0.8099665924276169
A_FreqGE2_rfm_Logistic_ImpulseFlag,A_FreqGE2,ImpulseFlag,rfm,Logistic,Training,0.9081722319859402,0.8963360142984808,0.9151459854014599,0.9056433408577879,0.9689873809229247
A_FreqGE2_rfm_Logistic_ImpulseFlag,A_FreqGE2,ImpulseFlag,rfm,Logistic,Validation,0.8903508771929824,0.8863636363636364,0.8863636363636364,0.8863636363636364,0.9619029275808937
A_FreqGE2_rfm_Logistic_ImpulseFlag,A_FreqGE2,ImpulseFlag,rfm,Logistic,Test,0.9156414762741653,0.9035714285714286,0.9233576642335767,0.9133574007220217,0.9750958802424842
A_FreqGE2_rfm_RandomForest_ImpulseFlag,A_FreqGE2,ImpulseFlag,rfm,RandomForest,Training,0.9340949033391915,0.8968120805369127,0.9753649635036497,0.9344405594405595,0.9854524928863045
A_FreqGE2_rfm_RandomForest_ImpulseFlag,A_FreqGE2,ImpulseFlag,rfm,RandomForest,Validation,0.9144736842105263,0.8917748917748918,0.9363636363636364,0.9135254988913526,0.9731895223420647
A_FreqGE2_rfm_RandomForest_ImpulseFlag,A_FreqGE2,ImpulseFlag,rfm,RandomForest,Test,0.9156414762741653,0.886986301369863,0.9452554744525548,0.9151943462897526,0.9781764196461709
A_FreqGE2_rfm_XGBoost_ImpulseFlag,A_FreqGE2,ImpulseFlag,rfm,XGBoost,Training,0.9582601054481547,0.9303525365434222,0.9872262773722628,0.9579459938025675,0.9920999319559569
A_FreqGE2_rfm_XGBoost_ImpulseFlag,A_FreqGE2,ImpulseFlag,rfm,XGBoost,Validation,0.9078947368421053,0.8803418803418803,0.9363636363636364,0.9074889867841409,0.9712827426810478
A_FreqGE2_rfm_XGBoost_ImpulseFlag,A_FreqGE2,ImpulseFlag,rfm,XGBoost,Test,0.9138840070298769,0.89198606271777,0.9343065693430657,0.9126559714795008,0.9766175924780403
A_FreqGE2_rfm_CatBoost_ImpulseFlag,A_FreqGE2,ImpulseFlag,rfm,CatBoost,Training,0.9332161687170475,0.9104347826086957,0.9552919708029197,0.9323241317898486,0.9840776939255227
A_FreqGE2_rfm_CatBoost_ImpulseFlag,A_FreqGE2,ImpulseFlag,rfm,CatBoost,Validation,0.9100877192982456,0.8942731277533039,0.9227272727272727,0.9082774049217002,0.9716679506933745
A_FreqGE2_rfm_CatBoost_ImpulseFlag,A_FreqGE2,ImpulseFlag,rfm,CatBoost,Test,0.9121265377855887,0.8916083916083916,0.9306569343065694,0.9107142857142857,0.9807868365705803
A_FreqGE2_rfm_hci_Logistic_ImpulseFlag,A_FreqGE2,ImpulseFlag,rfm_hci,Logistic,Training,0.9173989455184535,0.9031971580817052,0.9279197080291971,0.9153915391539154,0.9755799208214773
A_FreqGE2_rfm_hci_Logistic_ImpulseFlag,A_FreqGE2,ImpulseFlag,rfm_hci,Logistic,Validation,0.8991228070175439,0.9027777777777778,0.8863636363636364,0.8944954128440367,0.9674884437596303
A_FreqGE2_rfm_hci_Logistic_ImpulseFlag,A_FreqGE2,ImpulseFlag,rfm_hci,Logistic,Test,0.9173989455184535,0.901060070671378,0.9306569343065694,0.9156193895870736,0.9795125572188543
A_FreqGE2_rfm_hci_RandomForest_ImpulseFlag,A_FreqGE2,ImpulseFlag,rfm_hci,RandomForest,Training,0.9279437609841827,0.890284757118928,0.9698905109489051,0.9283842794759826,0.9847163800569095
A_FreqGE2_rfm_hci_RandomForest_ImpulseFlag,A_FreqGE2,ImpulseFlag,rfm_hci,RandomForest,Validation,0.9100877192982456,0.8874458874458875,0.9318181818181818,0.9090909090909091,0.974653312788906
A_FreqGE2_rfm_hci_RandomForest_ImpulseFlag,A_FreqGE2,ImpulseFlag,rfm_hci,RandomForest,Test,0.9173989455184535,0.8900343642611683,0.9452554744525548,0.9168141592920354,0.9794012124211308
A_FreqGE2_rfm_hci_XGBoost_ImpulseFlag,A_FreqGE2,ImpulseFlag,rfm_hci,XGBoost,Training,0.9384885764499121,0.9120689655172414,0.9653284671532847,0.9379432624113475,0.9876600581467276
A_FreqGE2_rfm_hci_XGBoost_ImpulseFlag,A_FreqGE2,ImpulseFlag,rfm_hci,XGBoost,Validation,0.9078947368421053,0.8938053097345132,0.9181818181818182,0.905829596412556,0.9736710323574731
A_FreqGE2_rfm_hci_XGBoost_ImpulseFlag,A_FreqGE2,ImpulseFlag,rfm_hci,XGBoost,Test,0.9191564147627417,0.8958333333333334,0.9416058394160584,0.9181494661921709,0.9821972040084126
A_FreqGE2_rfm_hci_CatBoost_ImpulseFlag,A_FreqGE2,ImpulseFlag,rfm_hci,CatBoost,Training,0.9591388400702988,0.9410729991204925,0.9762773722627737,0.9583519928347515,0.9928917171842138
A_FreqGE2_rfm_hci_CatBoost_ImpulseFlag,A_FreqGE2,ImpulseFlag,rfm_hci,CatBoost,Validation,0.9122807017543859,0.9054054054054054,0.9136363636363637,0.9095022624434389,0.9739214175654853
A_FreqGE2_rfm_hci_CatBoost_ImpulseFlag,A_FreqGE2,ImpulseFlag,rfm_hci,CatBoost,Test,0.9244288224956063,0.9139784946236559,0.9306569343065694,0.9222423146473779,0.9860571569961648
B_All_rfm_Logistic_Churn_30,B_All,Churn_30,rfm,Logistic,Training,0.75,0.8548099762470309,0.7795829948551314,0.8154652315536043,0.7997826787222841
B_All_rfm_Logistic_Churn_30,B_All,Churn_30,rfm,Logistic,Validation,0.7545541706615532,0.8556701030927835,0.7861975642760487,0.8194640338504936,0.8022532227049355
B_All_rfm_Logistic_Churn_30,B_All,Churn_30,rfm,Logistic,Test,0.74079754601227,0.8573170731707317,0.7608225108225108,0.8061926605504587,0.7932017543859651
B_All_rfm_RandomForest_Churn_30,B_All,Churn_30,rfm,RandomForest,Training,0.7787797390636991,0.8768545994065282,0.8001624695369618,0.8367549200056633,0.8518018092696054
B_All_rfm_RandomForest_Churn_30,B_All,Churn_30,rfm,RandomForest,Validation,0.7718120805369127,0.8722139673105498,0.7943166441136671,0.8314447592067988,0.8294525852859482
B_All_rfm_RandomForest_Churn_30,B_All,Churn_30,rfm,RandomForest,Test,0.75,0.8628640776699029,0.7694805194805194,0.8135011441647597,0.81350677830941
B_All_rfm_XGBoost_Churn_30,B_All,Churn_30,rfm,XGBoost,Training,0.7812739831158864,0.8836789900811542,0.7961007311129163,0.8376068376068376,0.8540619256009313
B_All_rfm_XGBoost_Churn_30,B_All,Churn_30,rfm,XGBoost,Validation,0.7660594439117929,0.8688524590163934,0.7889039242219216,0.826950354609929,0.8316648564917029
B_All_rfm_XGBoost_Churn_30,B_All,Churn_30,rfm,XGBoost,Test,0.7446319018404908,0.8643649815043156,0.7586580086580087,0.8080691642651296,0.8115601503759398
B_All_rfm_CatBoost_Churn_30,B_All,Churn_30,rfm,CatBoost,Training,0.7835763622409824,0.8822652757078987,0.801516382344977,0.8399545970488081,0.8545506355368333
B_All_rfm_CatBoost_Churn_30,B_All,Churn_30,rfm,CatBoost,Validation,0.7718120805369127,0.8700147710487445,0.79702300405954,0.8319209039548022,0.8317694608646108
B_All_rfm_CatBoost_Churn_30,B_All,Churn_30,rfm,CatBoost,Test,0.7492331288343558,0.8609431680773881,0.7705627705627706,0.8132495716733296,0.8092261904761904
B_All_rfm_hci_Logistic_Churn_30,B_All,Churn_30,rfm_hci,Logistic,Training,0.759976976208749,0.8642601431980907,0.7844570809639859,0.8224272533711853,0.8118227873419224
B_All_rfm_hci_Logistic_Churn_30,B_All,Churn_30,rfm_hci,Logistic,Validation,0.7641418983700863,0.8684603886397608,0.7861975642760487,0.8252840909090909,0.8032235951855281
B_All_rfm_hci_Logistic_Churn_30,B_All,Churn_30,rfm_hci,Logistic,Test,0.7553680981595092,0.8657799274486094,0.7748917748917749,0.817818389491719,0.8020263727500571
B_All_rfm_hci_RandomForest_Churn_30,B_All,Churn_30,rfm_hci,RandomForest,Training,0.8695318495778972,0.9135328026351908,0.901164365014893,0.9073064340239912,0.9313268505955881
B_All_rfm_hci_RandomForest_Churn_30,B_All,Churn_30,rfm_hci,RandomForest,Validation,0.7929050814956855,0.8616874135546335,0.8430311231393776,0.8522571819425444,0.8463651093226978
B_All_rfm_hci_RandomForest_Churn_30,B_All,Churn_30,rfm_hci,RandomForest,Test,0.7799079754601227,0.859075535512965,0.8246753246753247,0.8415240198785201,0.8362454431533379
B_All_rfm_hci_XGBoost_Churn_30,B_All,Churn_30,rfm_hci,XGBoost,Training,0.8532233307751343,0.9105440269209198,0.8792309775250474,0.8946135831381733,0.9220766580262251
B_All_rfm_hci_XGBoost_Churn_30,B_All,Churn_30,rfm_hci,XGBoost,Validation,0.785234899328859,0.8631875881523272,0.8281461434370772,0.8453038674033149,0.848835553023289
B_All_rfm_hci_XGBoost_Churn_30,B_All,Churn_30,rfm_hci,XGBoost,Test,0.7707055214723927,0.8637951105937136,0.803030303030303,0.8323051037577117,0.842744645705172
B_All_rfm_hci_CatBoost_Churn_30,B_All,Churn_30,rfm_hci,CatBoost,Training,0.8440138142747505,0.9079320113314447,0.8678581099377201,0.8874428907656099,0.9085831654534932
B_All_rfm_hci_CatBoost_Churn_30,B_All,Churn_30,rfm_hci,CatBoost,Validation,0.7871524448705657,0.8687589158345221,0.8240866035182679,0.8458333333333333,0.845621750587565
B_All_rfm_hci_CatBoost_Churn_30,B_All,Churn_30,rfm_hci,CatBoost,Test,0.7760736196319018,0.8708920187793427,0.803030303030303,0.8355855855855856,0.8407624174071542
B_All_rfm_Logistic_Churn_60,B_All,Churn_60,rfm,Logistic,Training,0.7377206446661551,0.7456937049796429,0.8109673024523161,0.7769619840104421,0.7953887682391309
B_All_rfm_Logistic_Churn_60,B_All,Churn_60,rfm,Logistic,Validation,0.7142857142857143,0.7294303797468354,0.7840136054421769,0.7557377049180328,0.789962248635718
B_All_rfm_Logistic_Churn_60,B_All,Churn_60,rfm,Logistic,Test,0.723159509202454,0.7274939172749392,0.8136054421768707,0.7681438664097624,0.7728596535274918
B_All_rfm_RandomForest_Churn_60,B_All,Churn_60,rfm,RandomForest,Training,0.7741749808135073,0.7810802173218281,0.832425068119891,0.8059356966199506,0.8411842056430565
B_All_rfm_RandomForest_Churn_60,B_All,Churn_60,rfm,RandomForest,Validation,0.7363374880153404,0.7441497659906396,0.8112244897959183,0.7762408462164361,0.7994318606563504
B_All_rfm_RandomForest_Churn_60,B_All,Churn_60,rfm,RandomForest,Test,0.7346625766871165,0.7434292866082604,0.8081632653061225,0.7744458930899609,0.7896428870317899
B_All_rfm_XGBoost_Churn_60,B_All,Churn_60,rfm,XGBoost,Training,0.7641980046047583,0.7693278636793941,0.8303814713896458,0.7986895986895987,0.8334708850318213
B_All_rfm_XGBoost_Churn_60,B_All,Churn_60,rfm,XGBoost,Validation,0.7392138063279002,0.7523961661341853,0.8010204081632653,0.7759472817133443,0.8007606339238993
B_All_rfm_XGBoost_Churn_60,B_All,Churn_60,rfm,XGBoost,Test,0.7285276073619632,0.7366459627329193,0.8068027210884354,0.7701298701298701,0.787834008823213
B_All_rfm_CatBoost_Churn_60,B_All,Churn_60,rfm,CatBoost,Training,0.7638142747505756,0.7700348432055749,0.8279972752043597,0.797964877728541,0.8334215011038056
B_All_rfm_CatBoost_Churn_60,B_All,Churn_60,rfm,CatBoost,Validation,0.7401725790987536,0.7527910685805422,0.8027210884353742,0.776954732510288,0.8041881587799956
B_All_rfm_CatBoost_Churn_60,B_All,Churn_60,rfm,CatBoost,Test,0.7246932515337423,0.7344139650872819,0.8013605442176871,0.7664281067013663,0.7867998517508937
B_All_rfm_hci_Logistic_Churn_60,B_All,Churn_60,rfm_hci,Logistic,Training,0.7515349194167307,0.7602283539486203,0.81641689373297,0.7873213992445394,0.8061234125311867
B_All_rfm_hci_Logistic_Churn_60,B_All,Churn_60,rfm_hci,Logistic,Validation,0.738255033557047,0.7503974562798092,0.8027210884353742,0.7756778964667215,0.799942064737983
B_All_rfm_hci_Logistic_Churn_60,B_All,Churn_60,rfm_hci,Logistic,Test,0.7170245398773006,0.725925925925926,0.8,0.7611650485436893,0.7759083246655428
B_All_rfm_hci_RandomForest_Churn_60,B_All,Churn_60,rfm_hci,RandomForest,Training,0.806792018419033,0.7998134908299658,0.8763623978201635,0.8363399967495531,0.8832242197937967
B_All_rfm_hci_RandomForest_Churn_60,B_All,Churn_60,rfm_hci,RandomForest,Validation,0.7708533077660594,0.7713841368584758,0.8435374149659864,0.8058489033306255,0.8246187485983405
B_All_rfm_hci_RandomForest_Churn_60,B_All,Churn_60,rfm_hci,RandomForest,Test,0.7269938650306749,0.7313797313797313,0.8149659863945579,0.7709137709137709,0.8010520904319548
B_All_rfm_hci_XGBoost_Churn_60,B_All,Churn_60,rfm_hci,XGBoost,Training,0.8286646201074443,0.8173345759552656,0.896117166212534,0.8549147034930951,0.9047064529529794
B_All_rfm_hci_XGBoost_Churn_60,B_All,Churn_60,rfm_hci,XGBoost,Validation,0.7689357622243528,0.7723704866562009,0.8367346938775511,0.803265306122449,0.8297170516558271
B_All_rfm_hci_XGBoost_Churn_60,B_All,Churn_60,rfm_hci,XGBoost,Test,0.7315950920245399,0.7373612823674476,0.8136054421768707,0.7736093143596378,0.8038006766854369
B_All_rfm_hci_CatBoost_Churn_60,B_All,Churn_60,rfm_hci,CatBoost,Training,0.8052570990023024,0.8063795853269538,0.8610354223433242,0.8328117278866743,0.8842193807674443
B_All_rfm_hci_CatBoost_Churn_60,B_All,Churn_60,rfm_hci,CatBoost,Validation,0.7708533077660594,0.7800963081861958,0.826530612244898,0.8026424442609413,0.8329763773641324
B_All_rfm_hci_CatBoost_Churn_60,B_All,Churn_60,rfm_hci,CatBoost,Test,0.7331288343558282,0.7415730337078652,0.8081632653061225,0.7734375,0.8075248377030952
B_All_rfm_Logistic_Churn_90,B_All,Churn_90,rfm,Logistic,Training,0.7123944742900997,0.6481950601646612,0.8406570841889117,0.7319864115859109,0.7944400284235644
B_All_rfm_Logistic_Churn_90,B_All,Churn_90,rfm,Logistic,Validation,0.7181208053691275,0.6534181240063593,0.8439425051334702,0.7365591397849462,0.7859841490257486
B_All_rfm_Logistic_Churn_90,B_All,Churn_90,rfm,Logistic,Test,0.7208588957055214,0.6548672566371682,0.8505747126436781,0.74,0.7950750729465689
B_All_rfm_RandomForest_Churn_90,B_All,Churn_90,rfm,RandomForest,Training,0.7666922486569455,0.7006914718472177,0.8739219712525668,0.7777777777777778,0.8552697835476069
B_All_rfm_RandomForest_Churn_90,B_All,Churn_90,rfm,RandomForest,Validation,0.7075743048897412,0.6590909090909091,0.7741273100616016,0.7119924457034938,0.7984448170416439
B_All_rfm_RandomForest_Churn_90,B_All,Churn_90,rfm,RandomForest,Test,0.7208588957055214,0.6580645161290323,0.8374384236453202,0.7369942196531792,0.8023980815347722
B_All_rfm_XGBoost_Churn_90,B_All,Churn_90,rfm,XGBoost,Training,0.7382962394474291,0.6759776536312849,0.8447638603696098,0.751004016064257,0.8263850387348705
B_All_rfm_XGBoost_Churn_90,B_All,Churn_90,rfm,XGBoost,Validation,0.7277085330776606,0.669449081803005,0.8234086242299795,0.7384898710865562,0.8044258638263927
B_All_rfm_XGBoost_Churn_90,B_All,Churn_90,rfm,XGBoost,Test,0.7147239263803681,0.6557161629434954,0.819376026272578,0.7284671532846715,0.8006095616117942
B_All_rfm_CatBoost_Churn_90,B_All,Churn_90,rfm,CatBoost,Training,0.7334996162701458,0.6664544875875239,0.859958932238193,0.7509413663259817,0.823733380459465
B_All_rfm_CatBoost_Churn_90,B_All,Churn_90,rfm,CatBoost,Validation,0.7325023969319271,0.6693811074918566,0.8439425051334702,0.7465940054495913,0.8017575672521531
B_All_rfm_CatBoost_Churn_90,B_All,Churn_90,rfm,CatBoost,Test,0.7239263803680982,0.6581956797966964,0.8505747126436781,0.7421203438395415,0.803199017140967
B_All_rfm_hci_Logistic_Churn_90,B_All,Churn_90,rfm_hci,Logistic,Training,0.7275518035303147,0.6649333766655834,0.8402464065708419,0.7423802612481858,0.8046549132319678
B_All_rfm_hci_Logistic_Churn_90,B_All,Churn_90,rfm_hci,Logistic,Validation,0.7315436241610739,0.6672051696284329,0.8480492813141683,0.7468354430379747,0.7959704105298923
B_All_rfm_hci_Logistic_Churn_90,B_All,Churn_90,rfm_hci,Logistic,Test,0.7223926380368099,0.6601815823605707,0.8357963875205254,0.7376811594202899,0.8011647824597464
B_All_rfm_hci_RandomForest_Churn_90,B_All,Churn_90,rfm_hci,RandomForest,Training,0.8442056792018419,0.7814776274713839,0.9252566735112936,0.847311019180143,0.9348462251155167
B_All_rfm_hci_RandomForest_Churn_90,B_All,Churn_90,rfm_hci,RandomForest,Validation,0.7401725790987536,0.6888111888111889,0.8090349075975359,0.7440982058545798,0.8276742056047154
B_All_rfm_hci_RandomForest_Churn_90,B_All,Churn_90,rfm_hci,RandomForest,Test,0.7262269938650306,0.6707317073170732,0.812807881773399,0.734966592427617,0.8220174599236867
B_All_rfm_hci_XGBoost_Churn_90,B_All,Churn_90,rfm_hci,XGBoost,Training,0.8309669992325402,0.7628552097428958,0.9260780287474333,0.836579484325728,0.9203244013046445
B_All_rfm_hci_XGBoost_Churn_90,B_All,Churn_90,rfm_hci,XGBoost,Validation,0.7449664429530202,0.6888888888888889,0.8275154004106776,0.7518656716417911,0.8312805607669922
B_All_rfm_hci_XGBoost_Churn_90,B_All,Churn_90,rfm_hci,XGBoost,Test,0.727760736196319,0.6684350132625995,0.8275862068965517,0.7395451210564931,0.8231597972853244
B_All_rfm_hci_CatBoost_Churn_90,B_All,Churn_90,rfm_hci,CatBoost,Training,0.8457405986185725,0.7799519395811878,0.9330595482546201,0.8496634255796559,0.9272358970984156
B_All_rfm_hci_CatBoost_Churn_90,B_All,Churn_90,rfm_hci,CatBoost,Validation,0.7411313518696069,0.6900175131348512,0.8090349075975359,0.7448015122873346,0.8305456251015615
B_All_rfm_hci_CatBoost_Churn_90,B_All,Churn_90,rfm_hci,CatBoost,Test,0.7300613496932515,0.6757865937072504,0.8111658456486043,0.7373134328358208,0.8235118309293452
B_All_rfm_Logistic_ImpulseFlag,B_All,ImpulseFlag,rfm,Logistic,Training,0.9568303914044513,0.8442687747035573,0.9744525547445255,0.9047013977128335,0.9908331293935718
B_All_rfm_Logistic_ImpulseFlag,B_All,ImpulseFlag,rfm,Logistic,Validation,0.9587727708533078,0.8464566929133859,0.9817351598173516,0.9090909090909091,0.990052976902957
B_All_rfm_Logistic_ImpulseFlag,B_All,ImpulseFlag,rfm,Logistic,Test,0.9570552147239264,0.8427672955974843,0.9781021897810219,0.9054054054054054,0.9924952164977677
B_All_rfm_RandomForest_ImpulseFlag,B_All,ImpulseFlag,rfm,RandomForest,Training,0.9593246354566385,0.843701399688958,0.989963503649635,0.9109991603694374,0.99215862700659
B_All_rfm_RandomForest_ImpulseFlag,B_All,ImpulseFlag,rfm,RandomForest,Validation,0.9549376797698945,0.8257575757575758,0.9954337899543378,0.9026915113871635,0.9924912444030678
B_All_rfm_RandomForest_ImpulseFlag,B_All,ImpulseFlag,rfm,RandomForest,Test,0.9585889570552147,0.8416149068322981,0.9890510948905109,0.9093959731543624,0.9928495499964567
B_All_rfm_XGBoost_ImpulseFlag,B_All,ImpulseFlag,rfm,XGBoost,Training,0.9635456638526477,0.8578199052132701,0.9908759124087592,0.9195596951735817,0.9933268471622225
B_All_rfm_XGBoost_ImpulseFlag,B_All,ImpulseFlag,rfm,XGBoost,Validation,0.9606903163950143,0.8423076923076923,1.0,0.9144050104384134,0.9927461541871703
B_All_rfm_XGBoost_ImpulseFlag,B_All,ImpulseFlag,rfm,XGBoost,Test,0.963957055214724,0.864951768488746,0.9817518248175182,0.9196581196581196,0.9935475869888739
B_All_rfm_CatBoost_ImpulseFlag,B_All,ImpulseFlag,rfm,CatBoost,Training,0.9669992325402916,0.8666666666666667,0.9963503649635036,0.9269949066213922,0.9949095970504991
B_All_rfm_CatBoost_ImpulseFlag,B_All,ImpulseFlag,rfm,CatBoost,Validation,0.9616490891658677,0.8482490272373541,0.9954337899543378,0.9159663865546218,0.9928791505962672
B_All_rfm_CatBoost_ImpulseFlag,B_All,ImpulseFlag,rfm,CatBoost,Test,0.9654907975460123,0.865814696485623,0.9890510948905109,0.9233390119250426,0.9939763305222876
B_All_rfm_hci_Logistic_ImpulseFlag,B_All,ImpulseFlag,rfm_hci,Logistic,Training,0.9608595548733692,0.8539682539682539,0.9817518248175182,0.9134125636672326,0.9930057528746637
B_All_rfm_hci_Logistic_ImpulseFlag,B_All,ImpulseFlag,rfm_hci,Logistic,Validation,0.9578139980824545,0.8431372549019608,0.9817351598173516,0.9071729957805907,0.9931894755508267
B_All_rfm_hci_Logistic_ImpulseFlag,B_All,ImpulseFlag,rfm_hci,Logistic,Test,0.9616564417177914,0.8612903225806452,0.9744525547445255,0.9143835616438356,0.993320813549713
B_All_rfm_hci_RandomForest_ImpulseFlag,B_All,ImpulseFlag,rfm_hci,RandomForest,Training,0.9742900997697621,0.8942622950819672,0.9954379562043796,0.9421416234887737,0.9983123984734666
B_All_rfm_hci_RandomForest_ImpulseFlag,B_All,ImpulseFlag,rfm_hci,RandomForest,Validation,0.9645254074784276,0.864,0.9863013698630136,0.9211087420042644,0.9938932482156315
B_All_rfm_hci_RandomForest_ImpulseFlag,B_All,ImpulseFlag,rfm_hci,RandomForest,Test,0.9693251533742331,0.8798701298701299,0.9890510948905109,0.9312714776632303,0.9948019275742328
B_All_rfm_hci_XGBoost_ImpulseFlag,B_All,ImpulseFlag,rfm_hci,XGBoost,Training,0.9980813507290868,0.9909584086799277,1.0,0.9954586739327884,1.0
B_All_rfm_hci_XGBoost_ImpulseFlag,B_All,ImpulseFlag,rfm_hci,XGBoost,Validation,0.9635666347075743,0.8818565400843882,0.954337899543379,0.9166666666666666,0.9948962628009044
B_All_rfm_hci_XGBoost_ImpulseFlag,B_All,ImpulseFlag,rfm_hci,XGBoost,Test,0.9670245398773006,0.8969072164948454,0.9525547445255474,0.9238938053097345,0.994638934164836
B_All_rfm_hci_CatBoost_ImpulseFlag,B_All,ImpulseFlag,rfm_hci,CatBoost,Training,0.9836914811972371,0.9280270956816258,1.0,0.9626701800614844,0.9993857423052641
B_All_rfm_hci_CatBoost_ImpulseFlag,B_All,ImpulseFlag,rfm_hci,CatBoost,Validation,0.9674017257909875,0.8775510204081632,0.9817351598173516,0.9267241379310345,0.9948962628009044
B_All_rfm_hci_CatBoost_ImpulseFlag,B_All,ImpulseFlag,rfm_hci,CatBoost,Test,0.9708588957055214,0.8831168831168831,0.9927007299270073,0.9347079037800687,0.9950818510381971
